Date,ROWL.JLV1_FLOW.F_CV,ROWL.JLV2_FLOW.F_CV,ROWL.LHHW_FLOW.F_CV,ROWL.NOGALESLS_FLOW.F_CV,ROWL.PM22_FLOW.F_CV,ROWL.PM22_FLOW_SPT.F_CV,ROWL.PM9_FLOW.F_CV,ROWL.RS01_FLOW.F_CV,ROWL.RS06_FLOW.F_CV,ROWL.RS10_FLOW.F_CV,ROWL.RS12_FLOW.F_CV,ROWL.RS2_ZONEII_FLOW.F_CV,ROWL.RS2_ZONEIII_FLOW.F_CV,ROWL.RS2A_BYPASS_FLOW.F_CV,ROWL.RS2A_FLOW.F_CV,ROWL.RS2A_PUMP4_FLOW.F_CV,ROWL.RS2A_STATION_FLOW.F_CV,ROWL.RS4__9_P1_FLOW.F_CV,ROWL.RS4__9_P2_FLOW.F_CV,ROWL.RS4__9_P3_FLOW.F_CV,ROWL.SNTSV1_FLOW.F_CV,ROWL.SNTSV1_FLOW_SPT.F_CV,ROWL.SNTSV2_FLOW.F_CV,ROWL.SNTSV2_FLOW_SPT.F_CV,ROWL.SNTSV3_FLOW.F_CV,ROWL.SNTSV3_FLOW_SPT.F_CV,ROWL.WBS_FLOW.F_CV,ROWL.WBS_PRS_V1_FLOW.F_CV,ROWL.WBS_PRS_V2_FLOW.F_CV,ROWL.WELL1_FLOW.F_CV,ROWL.WELL1P2_FLOW.F_CV,ROWL.WELL1P3_FLOW.F_CV,ROWL.ZONE6_FLOW.F_CV,ROWL.ZONEV_FLOW.F_CV,ROWL.JL_VLV1_CUR_FLW.F_CV
2022-05-01 00:00:00,-0.00187500007450581,9.984375,0.762951076030731,1000,3.82848858833313,4,0,0.625,-2.125,0.9375,1.60219728946686,0.0,4.875,2056.875,1211.0,-62.5,1211.0,-0.0750000029802322,-2.55000019073486,-0.824999988079071,0.0255937501788139,0.0,0.0,0.0,0.0,0.0,0.0,0.0,0.0,-0.375,4.65000009536743,332.325012207031,54.2458229064941,,0
2022-05-01 00:05:00,0.000625000044237822,9.96468734741211,0.762951076030731,1000,3.85137701034546,4,0,1.25,-2.75,0.625,1.60219728946686,0.0,4.5,1933.875,1342.0,-62.5,1342.0,-0.0750000029802322,-2.55000019073486,-0.824999988079071,0.0255937501788139,0.0,0.0,0.0,0.0,0.0,0.0,0.0,0.0,-0.525000035762787,7.87499952316284,336.749969482422,66.3767471313477,,0
2022-05-01 00:10:00,0.0,9.99656295776367,0.762951076030731,1000,3.90020608901978,4,0,0.9375,-2.625,0.9375,1.60219728946686,0.0,4.125,1979.62487792969,1184.5,-62.5,1184.5,-0.0750000029802322,-2.55000019073486,-0.824999988079071,0.0243749991059303,0.0,0.0,0.0,0.0,0.0,0.0,0.0,0.0,-0.600000023841858,6.59999990463257,327.674987792969,47.3792610168457,,0
2022-05-01 00:15:00,-0.000625000044237822,9.99656295776367,0.610360860824585,1000,3.89562821388245,4,0,1.25,-3.375,0.9375,1.60219728946686,0.0,5.25,1917.75,1136.5,-62.5,1136.5,-0.0750000029802322,-2.625,-0.824999988079071,0.0243749991059303,0.0,0.0,0.0,0.0,0.0,0.0,0.0,0.0,-0.375,7.20000028610229,327.600006103516,39.1393928527832,,0
2022-05-01 00:20:00,-0.00187500007450581,10.0003128051758,0.610360860824585,1000,3.88647294044495,4,0,1.5625,-4.25,1.25,1.60219728946686,0.0,4.5,1083.375,1328.0,-62.5,1328.0,-0.0750000029802322,-2.625,-0.824999988079071,0.0255937501788139,0.0,0.0,0.0,0.0,0.0,0.0,0.0,0.0,-0.300000011920929,4.80000019073486,330.224975585938,40.5127029418945,,0
2022-05-01 00:25:00,-0.00125000008847564,9.9712495803833,0.762951076030731,1000,3.95819044113159,4,0,0.3125,-3.375,0.9375,1.83108258247375,0.0,4.875,831.75,1178.5,-62.5,1178.5,-0.0750000029802322,-2.55000019073486,-0.824999988079071,0.0255937501788139,0.0,0.0,0.0,0.0,0.0,0.0,0.0,0.0,-0.450000017881393,6.52499961853027,322.424987792969,59.5101890563965,,0
2022-05-01 00:30:00,0.00187500007450581,9.96000003814697,0.762951076030731,1000,3.89562821388245,4,0,2.5,-4.5,0.9375,1.60219728946686,0.0,4.5,878.625,1382.5,-62.5,1382.5,-0.0750000029802322,-2.55000019073486,-0.824999988079071,0.0243749991059303,0.0,0.0,0.0,0.0,0.0,0.0,0.0,0.0,-0.375,6.45000028610229,332.325012207031,54.2458229064941,,0
2022-05-01 00:35:00,-0.000625000044237822,10.0078125,0.762951076030731,1000,3.94598293304443,4,0,2.81249976158142,-3.625,0.9375,1.83108258247375,0.0,4.6875,2155.875,1223.5,-62.5,1223.5,-0.0750000029802322,-2.55000019073486,-0.824999988079071,0.0243749991059303,0.0,0.0,0.0,0.0,0.0,0.0,0.0,0.0,-0.375,8.77499961853027,335.625,52.8725090026855,,0
2022-05-01 00:40:00,0.00187500007450581,9.98812484741211,0.762951076030731,1000,3.90630960464478,4,0,0.3125,-2.875,0.9375,1.60219728946686,0.0,4.3125,2088.0,1281.5,-62.5,1281.5,-0.0750000029802322,-2.625,-0.824999988079071,0.0243749991059303,0.0,0.0,0.0,0.0,0.0,0.0,0.0,0.0,-0.375,5.92500019073486,330.450012207031,43.717098236084,,0
2022-05-01 00:45:00,0.00187500007450581,9.97781181335449,0.762951076030731,1000,3.87579154968262,4,0,1.25,-3.75,0.625,1.60219728946686,0.0,4.3125,2056.5,1216.0,-62.5,1216.0,-0.0750000029802322,-2.55000019073486,-0.824999988079071,0.0243749991059303,0.0,0.0,0.0,0.0,0.0,0.0,0.0,0.0,-0.375,4.80000019073486,330.450012207031,46.6926078796387,,0
2022-05-01 00:50:00,-0.000625000044237822,9.99093723297119,0.762951076030731,1000,3.91851687431335,4,0,2.81249976158142,-2.75,0.9375,1.60219728946686,0.0,4.5,2051.25,1227.0,-62.5,1227.0,-0.0750000029802322,-2.625,-0.824999988079071,0.0255937501788139,0.0,0.0,0.0,0.0,0.0,0.0,0.0,0.0,-0.375,5.02500009536743,322.349975585938,35.706111907959,,0
2022-05-01 00:55:00,0.000625000044237822,9.94312477111816,0.762951076030731,1000,3.87731766700745,4,0,0.9375,-2.75,0.9375,1.37331199645996,0.0,4.5,2089.5,1410.5,-62.5,1410.5,-0.0750000029802322,-2.625,-0.824999988079071,0.0243749991059303,0.0,0.0,0.0,0.0,0.0,0.0,0.0,0.0,-0.375,7.72499990463257,317.100006103516,35.9349975585938,,0
2022-05-01 01:00:00,-0.00125000008847564,10.0003128051758,0.762951076030731,1000,3.8788435459137,4,0,1.875,-3.0,0.9375,1.60219728946686,0.0,4.3125,2082.0,1301.5,-62.5,1301.5,-0.0750000029802322,-2.625,-0.824999988079071,0.0243749991059303,0.0,0.0,0.0,0.0,0.0,0.0,0.0,0.0,-0.375,7.5,335.549987792969,45.3192977905273,,0
2022-05-01 01:05:00,0.000625000044237822,10.008749961853,0.762951076030731,1000,3.91241312026978,4,0,0.0,-4.375,0.9375,1.37331199645996,0.0,4.875,2127.75,1106.5,-62.5,1106.5,-0.0750000029802322,-2.55000019073486,-0.824999988079071,0.0243749991059303,0.0,0.0,0.0,0.0,0.0,0.0,0.0,0.0,-0.375,5.25,334.199981689453,35.4772262573242,,0
2022-05-01 01:10:00,0.00187500007450581,10.0143747329712,0.762951076030731,1000,3.90630960464478,4,0,0.3125,-2.375,0.625,1.60219728946686,0.0,4.6875,2074.875,1255.0,-62.5,1255.0,-0.0750000029802322,-2.55000019073486,-0.824999988079071,0.0243749991059303,0.0,0.0,0.0,0.0,0.0,0.0,0.0,0.0,-0.450000017881393,7.27500009536743,329.699981689453,41.1993598937988,,0
2022-05-01 01:15:00,-0.00125000008847564,9.98718738555908,0.762951076030731,1000,3.86511039733887,4,0,0.0,-2.625,0.9375,1.60219728946686,0.0,4.6875,2121.0,1174.5,-62.5,1174.5,-0.0750000029802322,-2.625,-0.824999988079071,0.0243749991059303,0.0,0.0,0.0,0.0,0.0,0.0,0.0,0.0,-0.600000023841858,6.97500038146973,327.374969482422,68.6656036376953,,0
2022-05-01 01:20:00,-0.00187500007450581,9.98812484741211,0.762951076030731,1000,3.8849470615387,4,0,0.3125,-3.375,0.9375,1.60219728946686,0.0,5.25,2070.375,1236.5,-62.5,1236.5,-0.150000005960464,-2.55000019073486,-0.824999988079071,0.0243749991059303,0.0,0.0,0.0,0.0,0.0,0.0,0.0,0.0,-0.450000017881393,8.25,338.325012207031,43.4882125854492,,0
2022-05-01 01:25:00,0.0,9.98250007629395,0.762951076030731,1000,3.87579154968262,4,0,0.0,-3.875,0.9375,1.60219728946686,0.0,5.0625,2073.75,1282.0,-62.5,1282.0,-0.0750000029802322,-2.55000019073486,-0.824999988079071,0.0243749991059303,0.0,0.0,0.0,0.0,0.0,0.0,0.0,0.0,-0.375,4.80000019073486,331.875,39.1393928527832,,0
2022-05-01 01:30:00,-0.00187500007450581,9.98718738555908,0.762951076030731,1000,3.87731766700745,4,0,1.875,-3.25,0.9375,1.60219728946686,0.0,4.875,2048.625,996.0,-62.5,996.0,-0.0750000029802322,-2.55000019073486,-0.824999988079071,0.0243749991059303,0.0,0.0,0.0,0.0,0.0,0.0,0.0,0.0,-0.525000035762787,8.40000057220459,330.75,21.9729919433594,,0
2022-05-01 01:35:00,0.00125000008847564,9.98999977111816,0.762951076030731,1000,3.94293117523193,4,0,1.5625,-3.125,0.625,1.60219728946686,0.0,4.6875,2035.5,1187.5,-62.5,1187.5,-0.150000005960464,-2.625,-0.824999988079071,0.0243749991059303,0.0,0.0,0.0,0.0,0.0,0.0,0.0,0.0,-0.375,8.85000038146973,333.600006103516,19.9130249023438,,0
2022-05-01 01:40:00,0.000625000044237822,9.98062515258789,0.762951076030731,1000,3.8849470615387,4,0,1.875,-3.875,0.9375,1.60219728946686,0.0,4.5,2145.0,1222.5,-62.5,1222.5,-0.150000005960464,-2.625,-0.824999988079071,0.0255937501788139,0.0,0.0,0.0,0.0,0.0,0.0,0.0,0.0,-0.375,5.77500009536743,335.249969482422,38.2238502502441,,0
2022-05-01 01:45:00,-0.00187500007450581,9.99468803405762,0.762951076030731,1000,3.8818953037262,4,0,0.625,-3.375,0.9375,1.83108258247375,0.0,4.3125,2169.0,1202.5,-62.5,1202.5,-0.150000005960464,-2.625,-0.824999988079071,0.0243749991059303,0.0,0.0,0.0,0.0,0.0,0.0,0.0,0.0,-0.375,5.69999980926514,335.100006103516,56.5346755981445,,0
2022-05-01 01:50:00,-0.00125000008847564,9.98906230926514,0.762951076030731,1000,3.84222173690796,4,0,1.875,-2.375,0.625,1.60219728946686,0.0,4.3125,2138.25,1186.0,-62.5,1186.0,-0.150000005960464,-2.625,-0.824999988079071,0.0243749991059303,0.0,0.0,0.0,0.0,0.0,0.0,0.0,0.0,-0.450000017881393,4.65000009536743,331.799987792969,54.2458229064941,,0
2022-05-01 01:55:00,0.0,9.9712495803833,0.762951076030731,1000,3.8818953037262,4,0,2.5,-3.0,0.3125,1.60219728946686,0.0,4.6875,2125.125,1384.5,-62.5,1384.5,-0.150000005960464,-2.625,-0.824999988079071,0.0243749991059303,0.0,0.0,0.0,0.0,0.0,0.0,0.0,0.0,-0.525000035762787,8.25,328.950012207031,40.5127029418945,,0
2022-05-01 02:00:00,0.00187500007450581,10.0040616989136,0.762951076030731,1000,3.83306622505188,4,0,0.3125,-2.875,0.625,1.83108258247375,0.0,4.5,2163.375,1203.5,-62.5,1203.5,-0.0750000029802322,-2.625,-0.824999988079071,0.0268124993890524,0.0,0.0,0.0,0.0,0.0,0.0,0.0,0.0,-0.375,4.20000028610229,324.824981689453,29.0684375762939,,0
2022-05-01 02:05:00,-0.00125000008847564,10.0059375762939,0.762951076030731,1000,3.85900688171387,4,0,1.5625,-2.5,0.625,1.60219728946686,0.0,4.6875,2075.625,1244.5,-62.5,1244.5,-0.150000005960464,-2.625,-0.824999988079071,0.0268124993890524,0.0,0.0,0.0,0.0,0.0,0.0,0.0,0.0,-0.375,7.94999980926514,323.100006103516,43.0304412841797,,0
2022-05-01 02:10:00,0.000625000044237822,9.99656295776367,0.762951076030731,1000,3.89257645606995,4,0,0.625,-4.125,0.9375,1.60219728946686,0.0,4.5,836.25,1449.0,-62.5,1449.0,-0.0750000029802322,-2.625,-0.824999988079071,0.0255937501788139,0.0,0.0,0.0,0.0,0.0,0.0,0.0,0.0,-0.375,7.04999971389771,331.649993896484,50.3547744750977,,0
2022-05-01 02:15:00,0.000625000044237822,9.95718765258789,0.762951076030731,1000,3.84222173690796,4,0,0.3125,-4.125,0.625,1.60219728946686,0.0,4.125,885.75,1289.5,-62.5,1289.5,-0.150000005960464,-2.625,-0.824999988079071,0.0243749991059303,0.0,0.0,0.0,0.0,0.0,0.0,0.0,0.0,-0.525000035762787,6.45000028610229,325.425018310547,44.8615226745605,,0
2022-05-01 02:20:00,-0.00187500007450581,10.0181245803833,0.762951076030731,1000,3.90325784683228,4,0,1.875,-3.375,0.9375,1.60219728946686,0.0,4.875,841.5,1208.0,-62.5,1208.0,-0.150000005960464,-2.625,-0.900000035762787,0.0243749991059303,0.0,0.0,0.0,0.0,0.0,0.0,0.0,0.0,-0.450000017881393,6.90000009536743,331.799987792969,34.3328018188477,,0
2022-05-01 02:25:00,0.000625000044237822,9.99281311035156,0.762951076030731,1000,3.90173196792603,4,0,0.3125,-3.5,0.625,1.60219728946686,0.0,4.6875,847.5,1412.0,-62.5,1412.0,-0.150000005960464,-2.625,-0.824999988079071,0.0243749991059303,0.0,0.0,0.0,0.0,0.0,0.0,0.0,0.0,-0.375,6.59999990463257,328.575012207031,43.4882125854492,,0
2022-05-01 02:30:00,0.0,9.96562480926514,0.762951076030731,1000,3.90020608901978,4,0,1.875,-3.625,0.3125,1.37331199645996,0.0,4.875,2076.375,1138.5,-62.5,1138.5,-0.150000005960464,-2.625,-0.824999988079071,0.0255937501788139,0.0,0.0,0.0,0.0,0.0,0.0,0.0,0.0,-0.300000011920929,4.80000019073486,327.524993896484,41.1993598937988,,0
2022-05-01 02:35:00,0.0,10.0218744277954,0.610360860824585,1000,3.80102252960205,4,0,2.5,-5.0,0.9375,1.60219728946686,0.0,4.3125,2141.625,1096.0,-62.5,1096.0,-0.150000005960464,-2.625,-0.824999988079071,0.0243749991059303,0.0,0.0,0.0,0.0,0.0,0.0,0.0,0.0,-0.375,7.5,325.425018310547,26.7795829772949,,0
2022-05-01 02:40:00,0.000625000044237822,9.97593688964844,0.610360860824585,1000,3.86205863952637,4,0,0.3125,-2.25,0.625,1.60219728946686,0.0,4.5,2090.25,1233.5,-62.5,1233.5,-0.150000005960464,-2.625,-0.900000035762787,0.0243749991059303,0.0,0.0,0.0,0.0,0.0,0.0,0.0,0.0,-0.525000035762787,5.25,323.849975585938,24.4907302856445,,0
2022-05-01 02:45:00,0.00125000008847564,9.99093723297119,0.610360860824585,1000,3.9322497844696,4,0,2.5,-3.375,0.3125,1.60219728946686,0.0,4.5,2064.75,1163.5,-62.5,1163.5,-0.225000008940697,-2.625,-0.900000035762787,0.0255937501788139,0.0,0.0,0.0,0.0,0.0,0.0,0.0,0.0,-0.375,7.87499952316284,323.25,35.9349975585938,,0
2022-05-01 02:50:00,0.0,9.99187469482422,0.610360860824585,1000,3.90173196792603,4,0,1.875,-1.75,0.625,1.60219728946686,0.0,4.5,2168.25,1242.0,-62.5,1242.0,-0.150000005960464,-2.625,-0.900000035762787,0.0243749991059303,0.0,0.0,0.0,0.0,0.0,0.0,0.0,0.0,-0.450000017881393,8.02499961853027,329.324981689453,32.2728309631348,,0
2022-05-01 02:55:00,0.0,9.98156261444092,0.610360860824585,1000,3.83764386177063,4,0,0.3125,-3.25,0.9375,1.60219728946686,0.0,4.5,2214.375,1216.0,-62.5,1216.0,-0.225000008940697,-2.625,-0.900000035762787,0.0243749991059303,0.0,0.0,0.0,0.0,0.0,0.0,0.0,0.0,-0.375,8.55000019073486,322.050018310547,16.02197265625,,0
2022-05-01 03:00:00,0.0,9.97781181335449,0.610360860824585,1000,3.85900688171387,4,0,2.5,-3.0,0.3125,1.60219728946686,0.0,4.3125,2158.875,1291.5,-62.5,1291.5,-0.150000005960464,-2.625,-0.824999988079071,0.0243749991059303,0.0,0.0,0.0,0.0,0.0,0.0,0.0,0.0,-0.375,8.85000038146973,330.299987792969,33.6461448669434,,0
2022-05-01 03:05:00,0.0,10.008749961853,0.610360860824585,1000,3.91546487808228,4,0,0.0,-4.375,0.625,1.60219728946686,0.0,4.6875,2139.75,1321.5,-62.5,1321.5,-0.150000005960464,-2.625,-0.900000035762787,0.0243749991059303,0.0,0.0,0.0,0.0,0.0,0.0,0.0,0.0,-0.600000023841858,7.04999971389771,328.274993896484,31.3572883605957,,0
2022-05-01 03:10:00,-0.000625000044237822,9.99749946594238,0.610360860824585,1000,3.86663627624512,4,0,0.0,-2.375,0.625,1.60219728946686,0.0,4.5,2125.5,1268.5,-62.5,1268.5,-0.225000008940697,-2.625,-0.900000035762787,0.0255937501788139,0.0,0.0,0.0,0.0,0.0,0.0,0.0,0.0,-0.450000017881393,8.32499980926514,330.075012207031,17.6241703033447,,0
2022-05-01 03:15:00,-0.00250000017695129,9.98812484741211,0.610360860824585,1000,3.89868021011353,4,0,1.875,-3.375,0.9375,1.60219728946686,0.0,4.875,2195.625,1276.5,-62.5,1276.5,-0.225000008940697,-2.625,-0.900000035762787,0.0243749991059303,0.0,0.0,0.0,0.0,0.0,0.0,0.0,0.0,-0.450000017881393,6.59999990463257,331.049987792969,41.1993598937988,,0
2022-05-01 03:20:00,0.000625000044237822,10.0181245803833,0.610360860824585,1000,3.9169909954071,4,0,1.5625,-3.75,0.3125,1.60219728946686,0.0,4.875,2224.5,1267.5,-62.5,1267.5,-0.150000005960464,-2.69999980926514,-0.900000035762787,0.0243749991059303,0.0,0.0,0.0,0.0,0.0,0.0,0.0,0.0,-0.450000017881393,4.80000019073486,328.875030517578,43.717098236084,,0
2022-05-01 03:25:00,-0.00125000008847564,10.0003128051758,0.610360860824585,1000,3.88952469825745,4,0,0.0,-2.75,0.625,1.60219728946686,0.0,4.3125,2243.25,1260.5,-62.5,1260.5,-0.150000005960464,-2.69999980926514,-0.900000035762787,0.0243749991059303,0.0,0.0,0.0,0.0,0.0,0.0,0.0,0.0,-0.375,7.34999990463257,328.274993896484,43.0304412841797,,0
2022-05-01 03:30:00,0.00187500007450581,10.0443744659424,0.610360860824585,1000,3.95666456222534,4,0,0.9375,-2.625,0.9375,1.37331199645996,0.0,4.5,2208.0,1213.5,-62.5,1213.5,-0.225000008940697,-2.625,-0.900000035762787,0.0243749991059303,0.0,0.0,0.0,0.0,0.0,0.0,0.0,0.0,-0.225000008940697,8.32499980926514,316.125,20.8285655975342,,0
2022-05-01 03:35:00,0.000625000044237822,10.0153121948242,0.610360860824585,1000,3.88036942481995,4,0,0.3125,-2.125,0.3125,1.60219728946686,0.0,4.875,2199.375,1264.5,-62.5,1264.5,-0.225000008940697,-2.625,-0.900000035762787,0.0243749991059303,0.0,0.0,0.0,0.0,0.0,0.0,0.0,0.0,-0.375,6.29999971389771,320.550018310547,31.3572883605957,,0
2022-05-01 03:40:00,-0.00187500007450581,10.0050001144409,0.610360860824585,1000,3.8849470615387,4,0,1.875,-2.5,0.9375,1.60219728946686,0.0,4.3125,2272.875,1145.5,-62.5,1145.5,-0.225000008940697,-2.69999980926514,-0.900000035762787,0.0243749991059303,0.0,0.0,0.0,0.0,0.0,0.0,0.0,0.0,-0.450000017881393,4.875,322.875,24.7196159362793,,0
2022-05-01 03:45:00,0.000625000044237822,10.0237503051758,0.610360860824585,1000,3.85137701034546,4,0,0.625,-3.875,0.9375,1.37331199645996,0.0,4.5,2301.0,1186.5,-62.5,1186.5,-0.150000005960464,-2.69999980926514,-0.975000023841858,0.0243749991059303,0.0,0.0,0.0,0.0,0.0,0.0,0.0,0.0,-0.300000011920929,7.87499952316284,330.149993896484,43.4882125854492,,0
2022-05-01 03:50:00,0.000625000044237822,10.0143747329712,0.610360860824585,1000,3.90783548355103,4,0,2.1875,-3.375,0.3125,1.60219728946686,0.0,4.125,2240.25,1136.5,-62.5,1136.5,-0.225000008940697,-2.625,-0.900000035762787,0.0243749991059303,0.0,0.0,0.0,0.0,0.0,0.0,0.0,0.0,-0.375,4.94999980926514,330.375030517578,66.8345184326172,,0
2022-05-01 03:55:00,-0.00125000008847564,9.99562454223633,0.610360860824585,1000,3.91546487808228,4,0,1.875,-2.375,0.3125,1.60219728946686,0.0,4.125,2273.625,1333.0,-62.5,1333.0,-0.225000008940697,-2.625,-0.900000035762787,0.0243749991059303,0.0,0.0,0.0,0.0,0.0,0.0,0.0,0.0,-0.525000035762787,7.87499952316284,327.900024414063,69.1233673095703,,0
2022-05-01 04:00:00,-0.00187500007450581,9.90468692779541,0.610360860824585,1000,3.8818953037262,4,0,1.875,-2.125,0.3125,1.37331199645996,0.0,4.875,2251.125,1213.5,-62.5,1213.5,-0.300000011920929,-2.69999980926514,-0.900000035762787,0.0243749991059303,0.0,0.0,0.0,0.0,0.0,0.0,0.0,0.0,-0.225000008940697,6.67500019073486,328.199981689453,67.9789428710938,,0
2022-05-01 04:05:00,0.00187500007450581,9.94499969482422,0.610360860824585,1000,3.9353015422821,4,0,0.3125,-3.0,0.625,1.37331199645996,0.0,4.6875,2308.875,1149.5,-62.5,1149.5,-0.300000011920929,-2.625,-0.900000035762787,0.0268124993890524,0.0,0.0,0.0,0.0,0.0,0.0,0.0,0.0,-0.525000035762787,5.55000019073486,328.425018310547,54.0169410705566,,0
2022-05-01 04:10:00,0.000625000044237822,9.92718696594238,0.610360860824585,1000,3.8849470615387,4,0,0.625,-3.875,0.3125,1.60219728946686,0.0,4.3125,2273.25,1153.5,-62.5,1153.5,-0.225000008940697,-2.69999980926514,-0.900000035762787,0.0243749991059303,0.0,0.0,0.0,0.0,0.0,0.0,0.0,0.0,-0.450000017881393,5.10000038146973,327.075012207031,49.8969993591309,,0
2022-05-01 04:15:00,-0.000625000044237822,9.91031265258789,0.610360860824585,1000,3.88647294044495,4,0,0.9375,-2.625,0.9375,1.60219728946686,0.0,4.875,2242.125,1262.0,-62.5,1262.0,-0.225000008940697,-2.69999980926514,-0.900000035762787,0.0255937501788139,0.0,0.0,0.0,0.0,0.0,0.0,0.0,0.0,-0.300000011920929,5.47499990463257,324.225006103516,48.2948036193848,,0
2022-05-01 04:20:00,0.0,9.9037504196167,0.610360860824585,1000,3.91393899917603,4,0,0.0,-4.75,0.9375,1.60219728946686,0.0,4.3125,2245.125,1189.0,-62.5,1189.0,-0.225000008940697,-2.625,-0.900000035762787,0.0255937501788139,0.0,0.0,0.0,0.0,0.0,0.0,0.0,0.0,-0.375,5.10000038146973,326.324981689453,62.0279235839844,,0
2022-05-01 04:25:00,0.0,9.93187522888184,0.610360860824585,1000,3.87731766700745,4,0,0.9375,-2.75,0.3125,1.60219728946686,0.0,4.3125,2156.25,1256.5,-62.5,1256.5,-0.300000011920929,-2.69999980926514,-0.975000023841858,0.0255937501788139,0.0,0.0,0.0,0.0,0.0,0.0,0.0,0.0,-0.300000011920929,9.375,328.199981689453,44.8615226745605,,0
2022-05-01 04:30:00,0.0,9.93656253814697,0.610360860824585,1000,3.89715433120728,4,0,0.625,-3.125,0.3125,1.37331199645996,0.0,4.875,2177.25,1295.0,-62.5,1295.0,-0.300000011920929,-2.625,-0.975000023841858,0.0255937501788139,0.0,0.0,0.0,0.0,0.0,0.0,0.0,0.0,-0.300000011920929,5.32500028610229,323.025024414063,62.0279235839844,,0
2022-05-01 04:35:00,0.0,9.93093776702881,0.610360860824585,1000,3.90020608901978,4,0,0.3125,-2.875,0.3125,1.37331199645996,0.0,4.3125,2298.0,1344.5,-62.5,1344.5,-0.300000011920929,-2.69999980926514,-0.975000023841858,0.0268124993890524,0.0,0.0,0.0,0.0,0.0,0.0,0.0,0.0,-0.450000017881393,4.72499990463257,322.424987792969,59.5101890563965,,0
2022-05-01 04:40:00,0.00125000008847564,9.93656253814697,0.610360860824585,1000,3.87731766700745,4,0,1.5625,-2.0,0.625,1.37331199645996,0.0,4.3125,2299.875,1199.5,-62.5,1199.5,-0.300000011920929,-2.69999980926514,-0.975000023841858,0.0255937501788139,0.0,0.0,0.0,0.0,0.0,0.0,0.0,0.0,-0.375,8.32499980926514,328.725006103516,63.4012336730957,,0
2022-05-01 04:45:00,0.0,9.94218730926514,0.610360860824585,1000,3.91088724136353,4,0,1.5625,-2.75,0.3125,1.37331199645996,0.0,4.125,2263.5,1146.0,-62.5,1146.0,-0.300000011920929,-2.625,-0.975000023841858,0.0255937501788139,0.0,0.0,0.0,0.0,0.0,0.0,0.0,0.0,-0.375,8.32499980926514,325.575012207031,63.8590049743652,,0
2022-05-01 04:50:00,0.000625000044237822,9.93562507629395,0.610360860824585,1000,3.94445705413818,4,0,0.0,-3.375,0.3125,1.37331199645996,0.0,4.5,2250.375,1293.0,-62.5,1293.0,-0.300000011920929,-2.625,-0.975000023841858,0.0268124993890524,0.0,0.0,0.0,0.0,0.0,0.0,0.0,0.0,-0.375,5.69999980926514,325.349975585938,63.1723518371582,,0
2022-05-01 04:55:00,0.000625000044237822,9.90937423706055,0.610360860824585,1000,3.84527349472046,4,0,1.5625,-1.75,0.9375,1.60219728946686,0.0,4.5,2275.5,1068.0,-62.5,1068.0,-0.300000011920929,-2.69999980926514,-0.975000023841858,0.0255937501788139,0.0,0.0,0.0,0.0,0.0,0.0,0.0,0.0,-0.375,8.32499980926514,322.274993896484,47.6081466674805,,0
2022-05-01 05:00:00,-0.00187500007450581,9.92906188964844,0.610360860824585,1000,3.90020608901978,4,0,0.0,-3.125,0.625,1.60219728946686,0.0,4.6875,2232.0,1151.5,-62.5,1151.5,-0.300000011920929,-2.69999980926514,-0.975000023841858,0.0243749991059303,0.0,0.0,0.0,0.0,0.0,0.0,0.0,0.0,-0.225000008940697,4.80000019073486,328.125,33.6461448669434,,0
2022-05-01 05:05:00,0.0,9.90562534332275,0.610360860824585,1000,3.91088724136353,4,0,0.9375,-3.0,0.9375,1.60219728946686,0.0,1.875,2261.625,1289.0,-62.5,1289.0,-0.300000011920929,-2.69999980926514,-0.975000023841858,0.0255937501788139,0.0,0.0,0.0,0.0,0.0,0.0,0.0,0.0,-0.300000011920929,6.52499961853027,326.174987792969,72.327766418457,,0
2022-05-01 05:10:00,-0.000625000044237822,9.9037504196167,0.610360860824585,1000,3.90325784683228,4,0,0.0,-3.75,0.625,1.60219728946686,0.0,2.625,2286.375,1189.5,-62.5,1189.5,-0.300000011920929,-2.69999980926514,-0.975000023841858,0.0243749991059303,0.0,0.0,0.0,0.0,0.0,0.0,0.0,0.0,-0.450000017881393,5.84999990463257,329.475006103516,95.4451751708984,,0
2022-05-01 05:15:00,0.00125000008847564,9.9037504196167,0.610360860824585,1000,3.9169909954071,4,0,0.625,-3.125,0.625,1.60219728946686,0.0,2.25,2331.0,1295.0,-62.5,1295.0,-0.300000011920929,-2.69999980926514,-0.975000023841858,0.0243749991059303,0.0,0.0,0.0,0.0,0.0,0.0,0.0,0.0,-0.375,6.52499961853027,331.649993896484,89.2652816772461,,0
2022-05-01 05:20:00,0.00187500007450581,9.96187496185303,0.610360860824585,1000,3.87273979187012,4,0,0.625,-3.75,0.3125,1.60219728946686,0.0,2.8125,2249.25,1158.5,-62.5,1158.5,-0.300000011920929,-2.69999980926514,-0.975000023841858,0.0243749991059303,0.0,0.0,0.0,0.0,0.0,0.0,0.0,0.0,-0.375,7.64999961853027,335.100006103516,86.5186538696289,,0
2022-05-01 05:25:00,-0.00187500007450581,9.9112491607666,0.610360860824585,1000,3.94140529632568,4,0,1.25,-2.625,0.3125,1.60219728946686,0.0,1.68749988079071,2247.0,1125.0,-62.5,1125.0,-0.300000011920929,-2.69999980926514,-0.975000023841858,0.0255937501788139,0.0,0.0,0.0,0.0,0.0,0.0,0.0,0.0,-0.300000011920929,4.875,326.625,61.1123847961426,,0
2022-05-01 05:30:00,-0.000625000044237822,9.9375,0.610360860824585,1000,3.9291980266571,4,0,1.875,-3.75,0.3125,1.60219728946686,0.0,2.625,2252.25,1165.0,-62.5,1165.0,-0.300000011920929,-2.69999980926514,-0.975000023841858,0.0268124993890524,0.0,0.0,0.0,0.0,0.0,0.0,0.0,0.0,-0.450000017881393,5.84999990463257,324.899993896484,79.652099609375,,0
2022-05-01 05:35:00,-0.000625000044237822,9.92156219482422,0.610360860824585,1000,3.8849470615387,4,0,0.0,-3.75,0.3125,1.83108258247375,0.0,2.8125,2259.75,1184.0,-62.5,1184.0,-0.300000011920929,-2.69999980926514,-0.975000023841858,0.0268124993890524,0.0,0.0,0.0,0.0,0.0,0.0,0.0,0.0,-0.375,5.10000038146973,328.125,77.1343612670898,,0
2022-05-01 05:40:00,-0.00125000008847564,9.90937423706055,0.610360860824585,1000,3.88342118263245,4,0,2.81249976158142,-5.0,0.625,1.83108258247375,0.0,2.8125,2250.375,1250.0,-62.5,1250.0,-0.300000011920929,-2.69999980926514,-0.975000023841858,0.0243749991059303,0.0,0.0,0.0,0.0,0.0,0.0,0.0,0.0,-0.375,7.57500028610229,327.149993896484,89.2652816772461,,0
2022-05-01 05:45:00,0.000625000044237822,9.95250034332275,0.762951076030731,1000,3.92767214775085,4,0,0.0,-2.625,0.625,1.60219728946686,0.0,1.3125,2241.0,1239.0,-62.5,1239.0,-0.300000011920929,-2.69999980926514,-0.975000023841858,0.0243749991059303,0.0,0.0,0.0,0.0,0.0,0.0,0.0,0.0,-0.450000017881393,8.17500019073486,324.225006103516,91.0963592529297,,0
2022-05-01 05:50:00,0.0,9.96468734741211,0.762951076030731,1000,3.90325784683228,4,0,1.25,-2.25,0.625,1.37331199645996,0.0,3.18750023841858,2238.75,1213.0,-62.5,1213.0,-0.300000011920929,-2.69999980926514,-0.975000023841858,0.0243749991059303,0.0,0.0,0.0,0.0,0.0,0.0,0.0,0.0,-0.225000008940697,5.25,330.900024414063,94.0718688964844,,0
2022-05-01 05:55:00,-0.00187500007450581,9.90937423706055,0.610360860824585,1000,3.9353015422821,4,0,2.1875,-2.75,0.625,1.60219728946686,0.0,2.625,2203.5,1228.0,-62.5,1228.0,-0.300000011920929,-2.69999980926514,-1.05000007152557,0.0255937501788139,0.0,0.0,0.0,0.0,0.0,0.0,0.0,0.0,-0.300000011920929,4.42500019073486,328.425018310547,89.2652816772461,,0
2022-05-01 06:00:00,-0.00125000008847564,9.92062473297119,0.610360860824585,1000,3.92156863212585,4,0,0.9375,-2.875,0.3125,1.60219728946686,0.0,1.875,2167.125,1262.0,-62.5,1262.0,-0.300000011920929,-2.69999980926514,-0.975000023841858,0.0243749991059303,0.0,0.0,0.0,0.0,0.0,0.0,0.0,0.0,-0.375,6.15000009536743,339.0,178.072784423828,,0
2022-05-01 06:05:00,0.0,9.93656253814697,0.610360860824585,1000,3.93987941741943,4,0,0.0,-3.375,0.3125,1.60219728946686,0.0,2.4375,2244.75,1154.0,-62.5,1154.0,-0.300000011920929,-2.69999980926514,-1.05000007152557,0.0243749991059303,0.0,0.0,0.0,0.0,0.0,0.0,0.0,0.0,-0.375,4.65000009536743,323.774993896484,236.667434692383,,0
2022-05-01 06:10:00,-0.00125000008847564,9.90562534332275,0.610360860824585,1000,3.9261462688446,4,0,0.0,-2.875,0.625,1.60219728946686,0.0,2.8125,2228.25,1223.5,-62.5,1223.5,-0.300000011920929,-2.69999980926514,-1.05000007152557,0.0243749991059303,0.0,0.0,0.0,0.0,0.0,0.0,0.0,0.0,-0.375,5.25,325.649993896484,162.508590698242,,0
2022-05-01 06:15:00,0.00187500007450581,9.93187522888184,0.915541291236877,1000,3.97039747238159,4,0,0.3125,-3.0,0.3125,1.60219728946686,0.0,3.00000023841858,2161.875,1194.0,-62.5,1194.0,-0.300000011920929,-2.69999980926514,-0.975000023841858,0.0255937501788139,0.0,0.0,0.0,0.0,0.0,0.0,0.0,0.0,-0.150000005960464,8.10000038146973,329.625,134.355682373047,,0
2022-05-01 06:20:00,0.00187500007450581,9.92343711853027,0.915541291236877,1000,3.9322497844696,4,0,2.81249976158142,-3.0,0.3125,1.60219728946686,0.0,2.8125,2181.375,1283.5,-62.5,1283.5,-0.300000011920929,-2.69999980926514,-0.975000023841858,0.0243749991059303,0.0,0.0,0.0,0.0,0.0,0.0,0.0,0.0,-0.375,8.69999980926514,329.849975585938,146.486602783203,,0
2022-05-01 06:25:00,0.00187500007450581,9.890625,0.762951076030731,1000,3.9200427532196,4,0,0.0,-2.25,0.625,1.60219728946686,0.0,2.0625,2204.25,1225.5,-62.5,1225.5,-0.300000011920929,-2.69999980926514,-0.975000023841858,0.0243749991059303,0.0,0.0,0.0,0.0,0.0,0.0,0.0,0.0,-0.450000017881393,6.29999971389771,334.875,91.0963592529297,,0
2022-05-01 06:30:00,0.00187500007450581,9.94218730926514,0.762951076030731,1000,3.9291980266571,4,0,,-2.625,,1.60219728946686,0.0,2.25,2199.375,1105.5,-62.5,1105.5,-0.300000011920929,-2.77500009536743,-0.975000023841858,,,,,,,0.0,,,-0.375,4.20000028610229,321.600006103516,88.349739074707,,0
2022-05-01 06:35:00,0.0,9.93281269073486,,1000,3.93072390556335,4,0,0.3125,-2.25,0.625,1.60219728946686,0.0,2.8125,2271.375,1152.0,-62.5,1152.0,-0.300000011920929,-2.69999980926514,-0.975000023841858,0.0243749991059303,0.0,0.0,0.0,0.0,0.0,0.0,0.0,0.0,-0.375,6.90000009536743,329.774993896484,89.2652816772461,,0
2022-05-01 06:40:00,0.0,9.90187549591064,,1000,3.97192335128784,4,0,0.0,-2.375,0.625,1.60219728946686,0.0,2.625,2301.0,1232.0,-62.5,1232.0,-0.300000011920929,-2.69999980926514,-0.975000023841858,0.0255937501788139,0.0,0.0,0.0,0.0,0.0,0.0,0.0,0.0,-0.375,7.27500009536743,327.149993896484,99.7939987182617,,0
2022-05-01 06:45:00,-0.00125000008847564,9.94031238555908,0.762951076030731,1000,3.91088724136353,4,0,0.9375,-2.375,0.3125,1.60219728946686,0.0,2.25,2242.125,1234.5,-62.5,1234.5,-0.300000011920929,-2.69999980926514,-1.05000007152557,0.0255937501788139,0.0,0.0,0.0,0.0,0.0,0.0,0.0,0.0,-0.375,5.84999990463257,327.075012207031,98.6495819091797,,0
2022-05-01 06:50:00,0.00125000008847564,9.93000030517578,0.762951076030731,1000,3.94140529632568,4,0,0.9375,-2.625,0.625,1.37331199645996,0.0,2.25,2322.0,1128.5,-62.5,1128.5,-0.300000011920929,-2.69999980926514,-0.975000023841858,0.0255937501788139,0.0,0.0,0.0,0.0,0.0,0.0,0.0,0.0,-0.300000011920929,5.25,326.324981689453,54.0169410705566,,0
2022-05-01 06:55:00,0.0,9.95250034332275,0.762951076030731,1000,3.9291980266571,4,0,1.5625,-1.5,0.3125,1.60219728946686,0.0,2.25,2320.875,1250.0,-62.5,1250.0,-0.300000011920929,-2.69999980926514,-0.975000023841858,0.0255937501788139,0.0,0.0,0.0,0.0,0.0,0.0,0.0,0.0,-0.375,7.27500009536743,325.125,104.829475402832,,0
2022-05-01 07:00:00,0.00187500007450581,9.89249992370605,0.762951076030731,1000,3.92462038993835,4,0,0.0,-3.0,0.625,1.37331199645996,0.0,1.68749988079071,2313.0,1253.5,-62.5,1253.5,-0.375,-2.77500009536743,-0.975000023841858,0.0243749991059303,0.0,0.0,0.0,0.0,0.0,0.0,0.0,0.0,-0.375,5.25,325.349975585938,84.9164581298828,,0
2022-05-01 07:05:00,-0.000625000044237822,9.91312503814697,0.610360860824585,1000,3.9322497844696,4,0,0.625,-4.75,0.3125,1.37331199645996,0.0,3.18750023841858,2289.375,1291.5,-62.5,1291.5,-0.375,-2.69999980926514,-1.05000007152557,0.0255937501788139,0.0,0.0,0.0,0.0,0.0,0.0,0.0,0.0,-0.225000008940697,4.80000019073486,323.924987792969,71.1833343505859,,0
2022-05-01 07:10:00,-0.00125000008847564,9.91593742370605,0.610360860824585,1000,3.93377566337585,4,0,0.625,-4.0,0.0,1.37331199645996,0.0,2.4375,2370.0,1112.5,-62.5,1112.5,-0.375,-2.77500009536743,-0.975000023841858,0.0255937501788139,0.0,0.0,0.0,0.0,0.0,0.0,0.0,0.0,-0.450000017881393,6.29999971389771,322.5,61.3412704467773,,0
2022-05-01 07:15:00,0.0,9.92437553405762,0.610360860824585,1000,3.95819044113159,4,0,0.625,-3.375,0.3125,1.60219728946686,0.0,2.8125,2388.375,1302.5,-62.5,1302.5,-0.375,-2.69999980926514,-0.975000023841858,0.0255937501788139,0.0,0.0,0.0,0.0,0.0,0.0,0.0,0.0,-0.525000035762787,7.04999971389771,326.100006103516,76.9054718017578,,0
2022-05-01 07:20:00,0.00125000008847564,9.93187522888184,0.610360860824585,1000,3.9261462688446,4,0,2.1875,-3.125,0.3125,1.60219728946686,0.0,3.5625,2398.125,1324.0,-62.5,1324.0,-0.375,-2.77500009536743,-0.975000023841858,0.0255937501788139,0.0,0.0,0.0,0.0,0.0,0.0,0.0,0.0,-0.375,6.07499980926514,329.774993896484,89.2652816772461,,0
2022-05-01 07:25:00,-0.000625000044237822,9.88593769073486,0.762951076030731,1000,3.90783548355103,4,0,0.0,-2.125,0.3125,1.60219728946686,0.0,2.8125,2401.875,1318.0,-62.5,1318.0,-0.375,-2.69999980926514,-1.05000007152557,0.0255937501788139,0.0,0.0,0.0,0.0,0.0,0.0,0.0,0.0,-0.375,5.10000038146973,332.475006103516,117.18928527832,,0
2022-05-01 07:30:00,-0.00187500007450581,9.90468692779541,0.762951076030731,1000,3.92767214775085,4,0,0.9375,-2.75,0.625,1.37331199645996,0.0,1.875,2369.625,1278.5,-62.5,1278.5,-0.375,-2.77500009536743,-1.05000007152557,0.0243749991059303,0.0,0.0,0.0,0.0,0.0,0.0,0.0,0.0,-0.525000035762787,6.45000028610229,331.875,61.1123847961426,,0
2022-05-01 07:35:00,0.00250000017695129,9.89156246185303,0.762951076030731,1000,3.93682765960693,4,0,0.3125,-2.5,0.625,1.60219728946686,0.0,1.875,2376.375,1229.5,-62.5,1229.5,-0.300000011920929,-2.77500009536743,-1.05000007152557,0.0243749991059303,0.0,0.0,0.0,0.0,0.0,0.0,0.0,0.0,-0.450000017881393,7.94999980926514,330.975006103516,56.7635612487793,,0
2022-05-01 07:40:00,0.00187500007450581,9.9112491607666,0.762951076030731,1000,3.95208644866943,4,0,1.5625,-4.0,0.3125,1.60219728946686,0.0,2.4375,2407.5,1234.0,-62.5,1234.0,-0.375,-2.69999980926514,-1.05000007152557,0.0243749991059303,0.0,0.0,0.0,0.0,0.0,0.0,0.0,0.0,-0.525000035762787,4.65000009536743,330.524993896484,66.3767471313477,,0
2022-05-01 07:45:00,-0.00187500007450581,9.92249965667725,0.610360860824585,1000,3.91393899917603,4,0,2.81249976158142,-4.0,0.3125,1.60219728946686,0.0,3.18750023841858,2396.25,1193.0,-62.5,1193.0,-0.300000011920929,-2.69999980926514,-0.975000023841858,0.0255937501788139,0.0,0.0,0.0,0.0,0.0,0.0,0.0,0.0,-0.525000035762787,7.80000019073486,335.475006103516,40.2838172912598,,0
2022-05-01 07:50:00,0.0,9.90750026702881,0.610360860824585,1000,3.91393899917603,4,0,2.5,-2.75,0.625,1.60219728946686,0.0,3.00000023841858,2403.375,1135.5,-62.5,1135.5,-0.300000011920929,-2.69999980926514,-0.975000023841858,0.0243749991059303,0.0,0.0,0.0,0.0,0.0,0.0,0.0,0.0,-0.525000035762787,8.47499942779541,327.75,68.8944854736328,,0
2022-05-01 07:55:00,-0.00125000008847564,9.87750053405762,0.610360860824585,1000,3.96124219894409,4,0,0.9375,-3.75,0.3125,1.60219728946686,0.0,3.9375,2383.125,1276.5,-62.5,1276.5,-0.300000011920929,-2.69999980926514,-0.975000023841858,0.0243749991059303,0.0,0.0,0.0,0.0,0.0,0.0,0.0,0.0,-0.600000023841858,8.17500019073486,337.350006103516,58.8235321044922,,0
2022-05-01 08:00:00,0.00187500007450581,9.82781219482422,0.610360860824585,1000,3.93377566337585,4,0,0.3125,-4.875,0.3125,1.37331199645996,0.0,2.8125,2400.375,1182.5,-62.5,1182.5,-0.300000011920929,-2.69999980926514,-0.975000023841858,0.0243749991059303,0.0,0.0,0.0,0.0,0.0,0.0,0.0,0.0,-0.674999952316284,4.94999980926514,332.100006103516,50.3547744750977,,0
2022-05-01 08:05:00,-0.00187500007450581,9.83062553405762,0.610360860824585,1000,3.82696270942688,4,0,3148.75,-2.5,1214.0625,1100.02294921875,1549.125,2.25,2394.375,1310.0,-62.5,1310.0,-0.300000011920929,577.349975585938,-0.975000023841858,0.0255937501788139,0.0,0.0,0.0,0.0,0.0,0.0,0.0,0.0,-0.450000017881393,8.10000038146973,333.900024414063,70.2677993774414,,0
2022-05-01 08:10:00,0.00125000008847564,9.85125064849854,0.610360860824585,1000,3.82696270942688,4,0,3273.125,-2.5,1358.4375,1097.50512695313,1538.8125,2.625,2392.125,1284.0,-62.5,1284.0,-0.300000011920929,580.799987792969,-1.05000007152557,0.0255937501788139,0.0,0.0,0.0,0.0,0.0,0.0,0.0,0.0,-0.75,4.42500019073486,324.525024414063,68.6656036376953,,0
2022-05-01 08:15:00,-0.00187500007450581,9.89531326293945,0.610360860824585,1000,3.83764386177063,4,0,3250.3125,-2.75,1182.1875,1096.1318359375,1544.8125,2.4375,2393.625,1262.0,-62.5,1262.0,-0.300000011920929,580.799987792969,-0.975000023841858,0.0243749991059303,0.0,0.0,0.0,0.0,0.0,0.0,0.0,0.0,-0.674999952316284,7.64999961853027,332.25,57.4502182006836,,0
2022-05-01 08:20:00,-0.00187500007450581,9.87843704223633,0.610360860824585,1000,3.82848858833313,4,0,3170.31274414063,-2.625,1322.81237792969,1097.27624511719,1544.8125,2.8125,2397.0,1357.0,-62.5,1357.0,-0.300000011920929,578.100036621094,-1.05000007152557,0.0255937501788139,0.0,0.0,0.0,0.0,0.0,0.0,0.0,0.0,-0.525000035762787,7.87499952316284,334.125,82.1698303222656,,0
2022-05-01 08:25:00,-0.00187500007450581,9.89249992370605,0.610360860824585,1000,3.84222173690796,4,0,3264.0625,-4.875,1203.4375,1104.82946777344,1545.37487792969,2.4375,2385.75,1224.0,-62.5,1224.0,-0.300000011920929,578.775024414063,-1.05000007152557,0.0255937501788139,0.0,0.0,0.0,0.0,0.0,0.0,0.0,0.0,-0.525000035762787,7.57500028610229,328.125,81.7120590209961,,0
2022-05-01 08:30:00,-0.00125000008847564,9.85312557220459,0.610360860824585,1000,3.85900688171387,4,0,3241.5625,-2.0,1351.5625,1102.54064941406,1537.125,3.5625,2376.75,1236.5,-62.5,1236.5,-0.300000011920929,578.775024414063,-0.975000023841858,0.0243749991059303,0.0,0.0,0.0,0.0,0.0,0.0,0.0,0.0,-0.674999952316284,4.27500009536743,329.475006103516,90.8674774169922,,0
2022-05-01 08:35:00,-0.000625000044237822,9.87562561035156,0.610360860824585,1000,3.86053276062012,4,0,3239.0625,-2.0,1321.25,1104.6005859375,1527.18762207031,2.8125,2358.375,1212.0,-62.5,1212.0,-0.300000011920929,581.325012207031,-0.975000023841858,0.0231562498956919,0.0,0.0,0.0,0.0,0.0,0.0,0.0,0.0,-0.75,5.39999961853027,331.649993896484,95.9029541015625,,0
2022-05-01 08:40:00,-0.00187500007450581,9.87187480926514,0.610360860824585,1000,3.87426567077637,4,0,3249.0625,-4.25,1289.99987792969,1102.76953125,1539.75,2.25,-3.00000023841858,2.0,-62.5,2.0,-0.300000011920929,575.549987792969,-0.975000023841858,0.0243749991059303,0.0,0.0,0.0,0.0,0.0,0.0,0.0,0.0,-0.525000035762787,6.375,338.775024414063,70.2677993774414,,0
2022-05-01 08:45:00,-0.00250000017695129,9.91687488555908,0.762951076030731,1000,3.85748100280762,4,0,3234.6875,-2.875,1289.6875,1100.70959472656,1536.75,3.18750023841858,-2.625,2.0,-62.5,2.0,-0.300000011920929,580.275024414063,-0.975000023841858,0.0243749991059303,0.0,0.0,0.0,0.0,0.0,0.0,0.0,0.0,-0.600000023841858,6.0,326.400024414063,63.1723518371582,,0
2022-05-01 08:50:00,0.00187500007450581,9.84562492370605,0.762951076030731,1000,3.8818953037262,4,0,3217.8125,-3.75,1298.125,1100.48071289063,1527.5625,3.37499976158142,-2.625,2.0,-62.5,2.0,-0.225000008940697,578.625,-0.975000023841858,0.0231562498956919,0.0,0.0,0.0,0.0,0.0,0.0,0.0,0.0,-0.600000023841858,6.0,326.100006103516,41.1993598937988,,0
2022-05-01 08:55:00,-0.00187500007450581,9.88687419891357,0.610360860824585,1000,3.87121391296387,4,0,3223.43725585938,-4.25,1311.5625,1100.70959472656,1521.93737792969,3.18750023841858,-2.625,2.0,-62.5,2.0,-0.300000011920929,578.625,-0.975000023841858,0.0243749991059303,0.0,0.0,0.0,0.0,0.0,0.0,0.0,0.0,-0.600000023841858,5.69999980926514,332.400024414063,50.5836563110352,,0
2022-05-01 09:00:00,-0.00187500007450581,9.88312530517578,0.610360860824585,1000,3.88036942481995,4,0,3250.62524414063,-3.25,1286.875,1100.70959472656,1531.68737792969,2.625,-2.625,2.0,-62.5,2.0,-0.225000008940697,581.700012207031,-0.900000035762787,0.0231562498956919,0.0,0.0,0.0,0.0,0.0,0.0,0.0,0.0,-0.75,6.45000028610229,328.274993896484,40.5127029418945,,0
2022-05-01 09:05:00,-0.00187500007450581,9.89156246185303,0.610360860824585,1000,3.90478372573853,4,0,3211.875,-3.0,1395.625,1100.70959472656,1531.875,2.8125,-2.625,2.0,-62.5,2.0,-0.150000005960464,577.650024414063,-0.975000023841858,0.0231562498956919,0.0,0.0,0.0,0.0,0.0,0.0,0.0,0.0,-0.75,6.29999971389771,332.100006103516,61.7990417480469,,0
2022-05-01 09:10:00,-0.00187500007450581,9.88406276702881,0.610360860824585,1000,3.90936136245728,4,0,3215.31225585938,-1.5,1214.0625,1100.70959472656,1521.5625,2.625,-2.625,2.0,-62.5,2.0,-0.225000008940697,576.524963378906,-0.900000035762787,0.0243749991059303,0.0,0.0,0.0,0.0,0.0,0.0,0.0,0.0,-0.75,6.52499961853027,324.525024414063,67.7500534057617,,0
2022-05-01 09:15:00,0.00187500007450581,9.8671875,0.610360860824585,1000,3.87273979187012,4,0,3230.3125,-3.0,1303.75,1097.50512695313,1526.4375,2.625,-2.625,2.0,-62.5,2.0,-0.150000005960464,575.549987792969,-0.975000023841858,0.0231562498956919,0.0,0.0,0.0,0.0,0.0,0.0,0.0,0.0,-0.674999952316284,6.29999971389771,329.324981689453,63.8590049743652,,0
2022-05-01 09:20:00,-0.00437500001862645,9.87843704223633,0.610360860824585,1000,3.87426567077637,4,0,3105.0,-3.5,1294.37512207031,1091.09631347656,1515.18762207031,2.625,-2.25,2.0,-62.5,2.0,-0.150000005960464,576.974975585938,-0.900000035762787,0.0231562498956919,0.0,0.0,0.0,0.0,0.0,0.0,0.0,0.0,-0.674999952316284,5.92500019073486,327.075012207031,57.4502182006836,,0
2022-05-01 09:25:00,-0.00187500007450581,9.90000057220459,0.610360860824585,1000,3.8818953037262,4,0,3209.37524414063,-3.625,1352.1875,1095.44519042969,1524.93762207031,2.625,-2.625,2.0,-62.5,2.0,-0.150000005960464,579.150024414063,-0.900000035762787,0.0243749991059303,0.0,0.0,0.0,0.0,0.0,0.0,0.0,0.0,-0.525000035762787,6.29999971389771,325.349975585938,35.4772262573242,,0
2022-05-01 09:30:00,-0.000625000044237822,9.84468746185303,0.610360860824585,1000,3.8941023349762,4,0,3220.9375,-4.375,1327.18762207031,1091.09631347656,1512.56262207031,2.8125,-2.625,2.0,-62.5,2.0,-0.150000005960464,577.875,-0.975000023841858,0.0255937501788139,0.0,0.0,0.0,0.0,0.0,0.0,0.0,0.0,-0.75,5.92500019073486,324.375,34.3328018188477,,0
2022-05-01 09:35:00,-0.00437500001862645,9.84000015258789,0.610360860824585,1000,3.86663627624512,4,0,3192.49975585938,-2.875,1249.375,1088.34973144531,1507.68762207031,3.37499976158142,-2.25,2.0,-62.5,2.0,-0.150000005960464,575.325012207031,-0.900000035762787,0.0231562498956919,0.0,0.0,0.0,0.0,0.0,0.0,0.0,0.0,-0.525000035762787,5.92500019073486,327.075012207031,35.4772262573242,,0
2022-05-01 09:40:00,-0.00500000035390258,9.86625003814697,0.610360860824585,1000,3.86663627624512,4,0,3215.0,-3.25,1434.06262207031,1088.34973144531,1490.4375,3.00000023841858,-2.625,2.0,-62.5,2.0,-0.150000005960464,578.849975585938,-0.900000035762787,0.0231562498956919,0.0,0.0,0.0,0.0,0.0,0.0,0.0,0.0,-0.75,5.92500019073486,321.899993896484,50.3547744750977,,0
2022-05-01 09:45:00,-0.00437500001862645,9.88593769073486,0.610360860824585,1000,3.84679937362671,4,0,3217.49975585938,-2.125,1441.25,1092.92749023438,1493.625,2.8125,-2.625,2.0,-62.5,2.0,-0.150000005960464,575.924987792969,-0.900000035762787,0.0243749991059303,0.0,0.0,0.0,0.0,0.0,0.0,0.0,0.0,-0.75,5.69999980926514,327.299987792969,75.5321578979492,,0
2022-05-01 09:50:00,-0.00312499981373549,9.87468719482422,0.610360860824585,1000,3.85137701034546,4,0,3109.375,-4.125,1285.93737792969,1091.09631347656,1492.5,2.8125,-3.00000023841858,2.0,-62.5,2.0,-0.0750000029802322,578.25,-0.900000035762787,0.0243749991059303,0.0,0.0,0.0,0.0,0.0,0.0,0.0,0.0,-0.824999988079071,6.52499961853027,326.625,76.9054718017578,,0
2022-05-01 09:55:00,-0.00187500007450581,9.85968780517578,0.610360860824585,1000,3.84374761581421,4,0,3196.5625,-3.75,1186.5625,1091.09631347656,1491.5625,3.37499976158142,-3.00000023841858,2.0,-62.5,2.0,-0.0750000029802322,576.0,-0.900000035762787,0.0231562498956919,0.0,0.0,0.0,0.0,0.0,0.0,0.0,0.0,-0.75,5.69999980926514,325.649993896484,45.0904083251953,,0
2022-05-01 10:00:00,-0.00562499975785613,9.85781288146973,0.610360860824585,1000,3.85748100280762,4,0,3176.24975585938,-2.75,1299.6875,1088.34973144531,1483.3125,2.625,-3.00000023841858,2.0,-62.5,2.0,-0.0750000029802322,578.474975585938,-0.824999988079071,0.0243749991059303,0.0,0.0,0.0,0.0,0.0,0.0,0.0,0.0,-0.75,6.07499980926514,328.050018310547,35.9349975585938,,0
2022-05-01 10:05:00,-0.00500000035390258,9.87843704223633,0.610360860824585,1000,3.85900688171387,4,0,3069.0625,-4.125,1225.9375,1090.86743164063,1488.1875,2.8125,-2.625,2.0,-62.5,2.0,-0.0750000029802322,575.549987792969,-0.900000035762787,0.0231562498956919,0.0,0.0,0.0,0.0,0.0,0.0,0.0,0.0,-0.75,6.0,326.774993896484,56.7635612487793,,0
2022-05-01 10:10:00,-0.00312499981373549,9.8203125,0.610360860824585,1000,3.84679937362671,4,0,3199.375,-3.0,1275.3125,1095.44519042969,1477.125,3.37499976158142,-3.00000023841858,2.0,-62.5,2.0,-0.0750000029802322,575.174987792969,-0.824999988079071,0.0243749991059303,0.0,0.0,0.0,0.0,0.0,0.0,0.0,0.0,-0.674999952316284,5.92500019073486,328.5,47.3792610168457,,0
2022-05-01 10:15:00,-0.00437500001862645,9.91687488555908,0.762951076030731,1000,3.8056001663208,4,0,3215.31225585938,-3.375,1284.375,1093.84301757813,1490.0625,2.8125,-2.25,2.0,-62.5,2.0,-0.0750000029802322,576.899963378906,-0.824999988079071,0.0231562498956919,0.0,0.0,0.0,0.0,0.0,0.0,0.0,0.0,-0.674999952316284,6.29999971389771,333.450012207031,50.3547744750977,,0
2022-05-01 10:20:00,-0.00250000017695129,9.92812538146973,0.762951076030731,1000,3.82238507270813,4,0,3197.5,-3.375,1283.4375,1093.61413574219,1485.1875,2.0625,-2.625,2.0,-62.5,2.0,-0.0750000029802322,577.275024414063,-0.824999988079071,0.0243749991059303,0.0,0.0,0.0,0.0,0.0,0.0,0.0,0.0,-0.75,5.69999980926514,319.500030517578,64.087890625,,0
2022-05-01 10:25:00,-0.00562499975785613,9.91593742370605,0.762951076030731,1000,3.84069585800171,4,0,3200.9375,-3.75,1247.1875,1093.15637207031,1472.0625,2.8125,-2.625,2.0,-62.5,2.0,-0.0750000029802322,576.225036621094,-0.824999988079071,0.0243749991059303,0.0,0.0,0.0,0.0,0.0,0.0,0.0,0.0,-0.824999988079071,6.07499980926514,324.975006103516,58.8235321044922,,0
2022-05-01 10:30:00,-0.00437500001862645,9.93656253814697,0.762951076030731,1000,3.82543683052063,4,0,3202.5,-3.125,1285.93737792969,1095.44519042969,1484.4375,3.5625,-2.625,2.0,-62.5,2.0,-0.0750000029802322,576.225036621094,-0.824999988079071,0.0243749991059303,0.0,0.0,0.0,0.0,0.0,0.0,0.0,0.0,-0.75,6.375,330.0,51.9569702148438,,0
2022-05-01 10:35:00,-0.00500000035390258,9.92437553405762,0.610360860824585,1000,3.84985113143921,4,0,3072.1875,-3.0,1221.875,1092.92749023438,1486.3125,3.37499976158142,-3.00000023841858,2.0,-62.5,2.0,0.0,576.225036621094,-0.824999988079071,0.0231562498956919,0.0,0.0,0.0,0.0,0.0,0.0,0.0,0.0,-0.75,6.45000028610229,327.075012207031,49.6681175231934,,0
2022-05-01 10:40:00,-0.00437500001862645,9.9037504196167,0.610360860824585,1000,3.84985113143921,4,0,3162.8125,-2.5,1279.375,1095.44519042969,1467.75,2.8125,-2.625,2.0,-62.5,2.0,0.0,577.5,-0.824999988079071,0.0243749991059303,0.0,0.0,0.0,0.0,0.0,0.0,0.0,0.0,-0.600000023841858,6.375,320.700012207031,67.7500534057617,,0
2022-05-01 10:45:00,-0.00624999962747097,9.9037504196167,0.610360860824585,1000,3.84069585800171,4,0,3190.0,-3.25,1347.81262207031,1088.34973144531,1472.625,3.18750023841858,-2.625,2.0,-62.5,2.0,0.0,577.799987792969,-0.824999988079071,0.0243749991059303,0.0,0.0,0.0,0.0,0.0,0.0,0.0,0.0,-0.75,8.40000057220459,325.349975585938,45.0904083251953,,0
2022-05-01 10:50:00,-0.00562499975785613,9.92718696594238,0.610360860824585,1000,3.8788435459137,4,0,3168.75,-3.125,1292.18762207031,1091.3251953125,1472.0625,2.8125,-2.625,2.0,-62.5,2.0,0.0,576.899963378906,-0.824999988079071,0.0243749991059303,0.0,0.0,0.0,0.0,0.0,0.0,0.0,0.0,-0.75,6.52499961853027,323.25,52.643627166748,,0
2022-05-01 10:55:00,-0.00812499970197678,9.91968822479248,0.762951076030731,1000,3.85442876815796,4,0,3163.125,-3.375,1263.43762207031,1093.61413574219,1473.375,2.8125,-2.625,2.0,-62.5,2.0,0.0,576.225036621094,-0.824999988079071,0.0243749991059303,0.0,0.0,0.0,0.0,0.0,0.0,0.0,0.0,-0.75,5.47499990463257,328.649993896484,54.2458229064941,,0
2022-05-01 11:00:00,-0.0068749999627471,9.87281227111816,0.762951076030731,1000,3.86968803405762,4,0,3181.5625,-3.0,1385.3125,1091.09631347656,1470.1875,1.125,-2.625,2.0,-62.5,2.0,0.0,573.0,-0.75,0.0243749991059303,0.0,0.0,0.0,0.0,0.0,0.0,0.0,0.0,-0.600000023841858,5.84999990463257,326.025024414063,48.2948036193848,,0
2022-05-01 11:05:00,-0.0068749999627471,9.89437484741211,0.610360860824585,1000,4.5624475479126,4,0,3176.24975585938,-2.375,1259.0625,1092.92749023438,0.0,3.00000023841858,-2.625,2.0,-62.5,2.0,0.0,577.5,-0.75,0.0243749991059303,0.0,0.0,0.0,0.0,0.0,0.0,0.0,0.0,-0.75,5.84999990463257,325.200012207031,62.0279235839844,,0
2022-05-01 11:10:00,-0.00624999962747097,9.94218730926514,0.610360860824585,1000,3.77660775184631,4,0,3205.3125,-3.625,1298.75,1092.92749023438,0.0,2.8125,-2.625,2.0,-62.5,2.0,0.0750000029802322,576.375,-0.75,0.0243749991059303,0.0,0.0,0.0,0.0,0.0,0.0,0.0,0.0,-0.674999952316284,5.625,314.175018310547,45.3192977905273,,0
2022-05-01 11:15:00,-0.00812499970197678,9.94312477111816,0.610360860824585,1000,3.74914169311523,4,0,3208.75,-3.75,1193.125,1091.09631347656,0.0,3.00000023841858,-3.00000023841858,2.0,-62.5,2.0,0.0750000029802322,576.150024414063,-0.75,0.0231562498956919,0.0,0.0,0.0,0.0,0.0,0.0,0.0,0.0,-0.674999952316284,6.15000009536743,325.200012207031,49.8969993591309,,0
2022-05-01 11:20:00,-0.0068749999627471,9.93000030517578,0.610360860824585,1000,3.72014951705933,4,0,3070.625,-4.375,1335.625,1088.34973144531,0.0,2.25,-1.875,2.0,-62.5,2.0,0.0750000029802322,574.575012207031,-0.824999988079071,0.0243749991059303,0.0,0.0,0.0,0.0,0.0,0.0,0.0,0.0,-0.674999952316284,6.07499980926514,322.725006103516,61.1123847961426,,0
2022-05-01 11:25:00,-0.00437500001862645,9.93000030517578,0.762951076030731,1000,3.74151229858398,4,0,3086.25024414063,-4.0,1389.375,1086.74743652344,0.0,2.8125,-2.625,2.0,-62.5,2.0,0.0750000029802322,575.325012207031,-0.75,0.0243749991059303,0.0,0.0,0.0,0.0,0.0,0.0,0.0,0.0,-0.75,6.07499980926514,316.650024414063,49.6681175231934,,0
2022-05-01 11:30:00,-0.00562499975785613,9.93281269073486,0.762951076030731,1000,3.73235678672791,4,0,3174.68774414063,-2.875,1327.5,1086.74743652344,0.0,2.625,-2.25,2.0,-62.5,2.0,0.0750000029802322,573.974975585938,-0.75,0.0231562498956919,0.0,0.0,0.0,0.0,0.0,0.0,0.0,0.0,-0.600000023841858,5.92500019073486,328.875030517578,50.3547744750977,,0
2022-05-01 11:35:00,-0.00750000029802322,9.91781330108643,0.610360860824585,1000,3.74914169311523,4,0,3166.5625,-4.5,1379.6875,1088.34973144531,0.0,2.4375,-2.25,2.0,-62.5,2.0,0.0750000029802322,575.25,-0.75,0.0243749991059303,0.0,0.0,0.0,0.0,0.0,0.0,0.0,0.0,-0.674999952316284,5.77500009536743,323.174987792969,42.8015556335449,,0
2022-05-01 11:40:00,-0.00624999962747097,9.89249992370605,0.610360860824585,1000,3.75524520874023,4,0,3172.8125,-4.0,1495.9375,1086.28967285156,0.0,3.18750023841858,-2.25,2.0,-62.5,2.0,0.0750000029802322,575.924987792969,-0.674999952316284,0.0243749991059303,0.0,0.0,0.0,0.0,0.0,0.0,0.0,0.0,-0.674999952316284,6.07499980926514,327.225006103516,79.652099609375,,0
2022-05-01 11:45:00,-0.00750000029802322,9.90750026702881,0.610360860824585,1000,3.77203011512756,4,0,3189.0625,-4.125,1428.125,1084.22973632813,0.0,2.8125,-2.625,2.0,-62.5,2.0,0.150000005960464,574.424987792969,-0.75,0.0243749991059303,0.0,0.0,0.0,0.0,0.0,0.0,0.0,0.0,-0.674999952316284,5.92500019073486,329.100006103516,70.2677993774414,,0
2022-05-01 11:50:00,-0.0068749999627471,9.92625045776367,0.610360860824585,1000,3.72014951705933,4,0,3180.9375,-4.375,1337.1875,1086.28967285156,0.0,2.25,-2.625,2.0,-62.5,2.0,0.150000005960464,573.75,-0.674999952316284,0.0243749991059303,0.0,0.0,0.0,0.0,0.0,0.0,0.0,0.0,-0.674999952316284,5.69999980926514,325.950012207031,40.5127029418945,,0
2022-05-01 11:55:00,-0.00812499970197678,9.9140625,0.762951076030731,1000,3.72167563438416,4,0,3184.6875,-2.5,1317.8125,1086.28967285156,0.0,2.0625,-2.625,2.0,-62.5,2.0,0.150000005960464,575.174987792969,-0.674999952316284,0.0243749991059303,0.0,0.0,0.0,0.0,0.0,0.0,0.0,0.0,-0.824999988079071,5.55000019073486,322.649993896484,47.3792610168457,,0
2022-05-01 12:00:00,-0.00750000029802322,9.93000030517578,0.762951076030731,1000,3.72625327110291,4,0,3198.4375,-2.875,1300.31237792969,1086.97644042969,0.0,2.8125,-2.25,2.0,-62.5,2.0,0.150000005960464,574.049987792969,-0.75,0.0243749991059303,0.0,0.0,0.0,0.0,0.0,0.0,0.0,0.0,-0.674999952316284,6.07499980926514,321.449981689453,39.1393928527832,,0
2022-05-01 12:05:00,-0.00500000035390258,9.90187549591064,0.762951076030731,1000,3.74761581420898,4,0,3148.4375,-4.0,1310.62487792969,1086.97644042969,0.0,3.00000023841858,-2.625,2.0,-62.5,2.0,0.150000005960464,573.900024414063,-0.75,0.0243749991059303,0.0,0.0,0.0,0.0,0.0,0.0,0.0,0.0,-0.75,5.92500019073486,323.550018310547,41.1993598937988,,0
2022-05-01 12:10:00,-0.0068749999627471,9.89531326293945,0.762951076030731,1000,3.74303817749023,4,0,3179.6875,-4.375,1381.25,1084.00085449219,0.0,2.8125,-2.25,2.0,-62.5,2.0,0.150000005960464,575.474975585938,-0.674999952316284,0.0243749991059303,0.0,0.0,0.0,0.0,0.0,0.0,0.0,0.0,-0.824999988079071,6.59999990463257,325.649993896484,38.2238502502441,,0
2022-05-01 12:15:00,-0.00562499975785613,9.86437511444092,0.762951076030731,1000,3.72625327110291,4,0,3198.125,-4.375,1347.49987792969,1086.97644042969,0.0,2.8125,-2.25,2.0,-62.5,2.0,0.150000005960464,570.974975585938,-0.674999952316284,0.0243749991059303,0.0,0.0,0.0,0.0,0.0,0.0,0.0,0.0,-0.824999988079071,6.52499961853027,331.274993896484,49.6681175231934,,0
2022-05-01 12:20:00,-0.00500000035390258,9.89437484741211,0.762951076030731,1000,3.73083090782166,4,0,3166.5625,-2.5,1243.125,1084.00085449219,0.0,2.4375,-2.25,2.0,-62.5,2.0,0.150000005960464,573.150024414063,-0.600000023841858,0.0243749991059303,0.0,0.0,0.0,0.0,0.0,0.0,0.0,0.0,-0.75,5.84999990463257,331.199981689453,40.2838172912598,,0
2022-05-01 12:25:00,-0.00500000035390258,9.85031223297119,0.762951076030731,1000,3.71709775924683,4,0,3168.75,-3.25,1192.5,1084.00085449219,0.0,2.8125,-2.25,2.0,-62.5,2.0,0.150000005960464,574.725036621094,-0.674999952316284,0.0231562498956919,0.0,0.0,0.0,0.0,0.0,0.0,0.0,0.0,-0.900000035762787,9.30000019073486,320.924987792969,41.1993598937988,,0
2022-05-01 12:30:00,-0.00437500001862645,9.91499996185303,0.762951076030731,1000,3.73540854454041,4,0,3161.25,-3.375,1237.1875,1086.5185546875,0.0,2.8125,-2.25,2.0,-62.5,2.0,0.150000005960464,574.575012207031,-0.674999952316284,0.0231562498956919,0.0,0.0,0.0,0.0,0.0,0.0,0.0,0.0,-0.674999952316284,6.15000009536743,321.824981689453,72.098876953125,,0
2022-05-01 12:35:00,-0.00500000035390258,9.90281200408936,0.762951076030731,1000,3.68200206756592,4,0,3170.9375,-4.375,1315.625,1084.00085449219,0.0,2.625,-2.25,2.0,-62.5,2.0,0.150000005960464,573.900024414063,-0.600000023841858,0.0243749991059303,0.0,0.0,0.0,0.0,0.0,0.0,0.0,0.0,-0.824999988079071,5.69999980926514,325.5,49.6681175231934,,0
2022-05-01 12:40:00,-0.0068749999627471,9.87468719482422,0.762951076030731,1000,3.77050423622131,4,0,3177.8125,-3.875,1320.0,1084.00085449219,0.0,2.8125,-2.625,2.0,-62.5,2.0,0.150000005960464,574.799987792969,-0.674999952316284,0.0243749991059303,0.0,0.0,0.0,0.0,0.0,0.0,0.0,0.0,-0.674999952316284,5.55000019073486,324.0,35.9349975585938,,0
2022-05-01 12:45:00,-0.00624999962747097,9.92906188964844,0.762951076030731,1000,3.73083090782166,4,0,3171.25,-2.75,1302.50012207031,1082.39868164063,0.0,2.4375,-2.25,2.0,-62.5,2.0,0.225000008940697,575.100036621094,-0.674999952316284,0.0231562498956919,0.0,0.0,0.0,0.0,0.0,0.0,0.0,0.0,-0.674999952316284,6.15000009536743,325.799987792969,43.717098236084,,0
2022-05-01 12:50:00,-0.00562499975785613,9.91781330108643,0.762951076030731,1000,3.71709775924683,4,0,3194.68725585938,-4.0,1316.25,1084.00085449219,0.0,3.37499976158142,-2.25,2.0,-62.5,2.0,0.150000005960464,575.024963378906,-0.600000023841858,0.0231562498956919,0.0,0.0,0.0,0.0,0.0,0.0,0.0,0.0,-0.674999952316284,6.45000028610229,325.125,45.3192977905273,,0
2022-05-01 12:55:00,-0.00437500001862645,9.90000057220459,0.610360860824585,1000,3.71557188034058,4,0,3152.5,-3.0,1373.75,1081.94091796875,0.0,3.00000023841858,-1.875,2.0,-62.5,2.0,0.225000008940697,574.200012207031,-0.600000023841858,0.0231562498956919,0.0,0.0,0.0,0.0,0.0,0.0,0.0,0.0,-0.674999952316284,6.15000009536743,317.100006103516,51.9569702148438,,0
2022-05-01 13:00:00,-0.00437500001862645,9.87562561035156,0.610360860824585,1000,3.70946836471558,4,0,3151.5625,-3.25,1351.5625,1078.96545410156,0.0,2.625,-2.25,2.0,-62.5,2.0,0.150000005960464,574.125,-0.600000023841858,0.0243749991059303,0.0,0.0,0.0,0.0,0.0,0.0,0.0,0.0,-0.75,6.22499990463257,327.450012207031,31.3572883605957,,0
2022-05-01 13:05:00,-0.0068749999627471,9.90187549591064,0.762951076030731,1000,3.72014951705933,4,0,3148.4375,-2.375,1342.1875,1081.94091796875,0.0,2.8125,-2.625,2.0,-62.5,2.0,0.150000005960464,570.075012207031,-0.600000023841858,0.0231562498956919,0.0,0.0,0.0,0.0,0.0,0.0,0.0,0.0,-0.75,5.84999990463257,324.899993896484,63.8590049743652,,0
2022-05-01 13:10:00,-0.0068749999627471,9.90000057220459,0.762951076030731,1000,3.71252012252808,4,0,3178.43725585938,-3.75,1308.43737792969,1078.96545410156,0.0,3.37499976158142,-2.25,2.0,-62.5,2.0,0.225000008940697,569.700012207031,-0.600000023841858,0.0231562498956919,0.0,0.0,0.0,0.0,0.0,0.0,0.0,0.0,-0.824999988079071,6.29999971389771,326.025024414063,54.2458229064941,,0
2022-05-01 13:15:00,-0.00750000029802322,9.88312530517578,0.762951076030731,1000,3.74456405639648,4,0,3131.875,-4.0,1379.6875,1077.36328125,0.0,2.8125,-2.625,2.0,-62.5,2.0,0.150000005960464,573.524963378906,-0.600000023841858,0.0243749991059303,0.0,0.0,0.0,0.0,0.0,0.0,0.0,0.0,-0.824999988079071,6.52499961853027,329.400024414063,49.2103424072266,,0
2022-05-01 13:20:00,-0.0068749999627471,9.86250019073486,0.762951076030731,1000,3.76134896278381,4,0,3140.625,-5.0,1297.1875,1077.36328125,0.0,2.8125,-2.25,2.0,-62.5,2.0,0.225000008940697,570.900024414063,-0.600000023841858,0.0231562498956919,0.0,0.0,0.0,0.0,0.0,0.0,0.0,0.0,-0.824999988079071,6.07499980926514,323.774993896484,45.0904083251953,,0
2022-05-01 13:25:00,-0.00500000035390258,9.89624977111816,0.610360860824585,1000,3.74151229858398,4,0,3142.8125,-4.5,1422.5,1079.42321777344,0.0,2.4375,-2.25,2.0,-62.5,2.0,0.225000008940697,573.375,-0.600000023841858,0.0231562498956919,0.0,0.0,0.0,0.0,0.0,0.0,0.0,0.0,-0.674999952316284,5.32500028610229,325.725006103516,34.3328018188477,,0
2022-05-01 13:30:00,-0.00500000035390258,9.87562561035156,0.610360860824585,1000,3.75524520874023,4,0,3145.625,-3.0,1228.75,1079.42321777344,0.0,2.8125,-2.625,2.5,-62.5,2.5,0.225000008940697,574.799987792969,-0.600000023841858,0.0255937501788139,0.0,0.0,0.0,0.0,0.0,0.0,0.0,0.0,-0.674999952316284,6.22499990463257,322.349975585938,29.0684375762939,,0
2022-05-01 13:35:00,-0.00624999962747097,9.8671875,0.610360860824585,1000,3.75066757202148,4,0,3177.8125,-2.75,1328.125,1079.1943359375,0.0,3.37499976158142,-2.625,2.0,-62.5,2.0,0.225000008940697,-1.95000004768372,-0.600000023841858,0.0231562498956919,0.0,0.0,0.0,0.0,0.0,0.0,0.0,0.0,-0.75,6.15000009536743,325.274993896484,34.3328018188477,,0
2022-05-01 13:40:00,-0.00624999962747097,9.86437511444092,0.610360860824585,1000,3.74914169311523,4,0,3131.25024414063,-2.375,1380.3125,1077.36328125,0.0,2.8125,-2.25,2.0,-62.5,2.0,0.300000011920929,-2.10000014305115,-0.600000023841858,0.0231562498956919,0.0,0.0,0.0,0.0,0.0,0.0,0.0,0.0,-0.75,6.375,325.050018310547,48.2948036193848,,0
2022-05-01 13:45:00,-0.0068749999627471,9.88312530517578,0.610360860824585,1000,3.74608993530273,4,0,3152.5,-2.75,1313.125,1077.59216308594,0.0,2.8125,-2.625,2.0,-62.5,2.0,0.225000008940697,-2.17499995231628,-0.600000023841858,0.0243749991059303,0.0,0.0,0.0,0.0,0.0,0.0,0.0,0.0,-0.674999952316284,6.15000009536743,321.600006103516,45.0904083251953,,0
2022-05-01 13:50:00,-0.00624999962747097,9.90843772888184,0.610360860824585,1000,3.74608993530273,4,0,3168.12475585938,-3.75,1319.375,1077.36328125,0.0,4.875,-2.625,2.0,-62.5,2.0,0.225000008940697,-2.25,-0.600000023841858,0.0243749991059303,0.0,0.0,0.0,0.0,0.0,0.0,0.0,0.0,-0.674999952316284,6.15000009536743,325.200012207031,34.3328018188477,,0
2022-05-01 13:55:00,-0.00500000035390258,9.91968822479248,0.610360860824585,1000,3.77660775184631,4,0,3128.75,-3.0,1277.1875,1075.5322265625,0.0,2.625,-2.625,2.0,-62.5,2.0,0.225000008940697,-2.25,-0.600000023841858,0.0231562498956919,0.0,0.0,0.0,0.0,0.0,0.0,0.0,0.0,-0.75,5.69999980926514,321.375,44.8615226745605,,0
2022-05-01 14:00:00,-0.00812499970197678,9.90281200408936,0.610360860824585,1000,3.78271150588989,4,0,3132.8125,-3.625,1400.93737792969,1077.13439941406,0.0,2.625,-2.625,2.5,-62.5,2.5,0.150000005960464,-2.25,-0.600000023841858,0.0243749991059303,0.0,0.0,0.0,0.0,0.0,0.0,0.0,0.0,-0.75,5.69999980926514,315.899993896484,41.1993598937988,,0
2022-05-01 14:05:00,-0.0068749999627471,9.87937545776367,0.610360860824585,1000,3.77050423622131,4,0,3159.6875,-2.875,1372.50012207031,1075.07434082031,0.0,2.8125,-2.25,2.5,-62.5,2.5,0.150000005960464,-2.25,-0.600000023841858,0.0231562498956919,0.0,0.0,0.0,0.0,0.0,0.0,0.0,0.0,-0.900000035762787,5.92500019073486,303.899993896484,39.3682746887207,,0
2022-05-01 14:10:00,-0.0068749999627471,9.83906269073486,0.610360860824585,1000,3.74608993530273,4,0,3147.8125,-2.875,1360.3125,1075.30334472656,0.0,2.4375,-2.25,2.0,-62.5,2.0,0.150000005960464,-2.32500004768372,-0.600000023841858,0.0255937501788139,0.0,0.0,0.0,0.0,0.0,0.0,0.0,0.0,-0.900000035762787,5.92500019073486,300.524993896484,63.4012336730957,,0
2022-05-01 14:15:00,-0.00624999962747097,9.87750053405762,0.610360860824585,1000,3.79186677932739,4,0,3142.5,-4.125,1302.8125,1077.36328125,0.0,3.18750023841858,-2.625,2.0,-62.5,2.0,0.150000005960464,-2.32500004768372,-0.674999952316284,0.0231562498956919,0.0,0.0,0.0,0.0,0.0,0.0,0.0,0.0,-0.674999952316284,5.69999980926514,296.174987792969,51.728084564209,,0
2022-05-01 14:20:00,-0.00562499975785613,9.90281200408936,0.610360860824585,1000,3.79644441604614,4,0,3152.8125,-2.375,1228.4375,1073.92993164063,0.0,3.18750023841858,-2.625,2.5,-62.5,2.5,0.150000005960464,-2.32500004768372,-0.600000023841858,0.0231562498956919,0.0,0.0,0.0,0.0,0.0,0.0,0.0,0.0,-0.824999988079071,6.07499980926514,303.674987792969,41.4282455444336,,0
2022-05-01 14:25:00,-0.00500000035390258,9.85125064849854,0.610360860824585,1000,3.8086519241333,4,0,3121.875,-2.75,1380.3125,1075.30334472656,0.0,3.37499976158142,-2.25,2.0,-62.5,2.0,0.150000005960464,-2.32500004768372,-0.600000023841858,0.0231562498956919,0.0,0.0,0.0,0.0,0.0,0.0,0.0,0.0,-0.75,8.32499980926514,302.549987792969,32.2728309631348,,0
2022-05-01 14:30:00,-0.00500000035390258,9.88218784332275,0.610360860824585,1000,3.76134896278381,4,0,3153.75,-3.5,1306.25,1073.70104980469,0.0,3.18750023841858,-3.00000023841858,2.5,-62.5,2.5,0.150000005960464,-2.32500004768372,-0.600000023841858,0.0231562498956919,0.0,0.0,0.0,0.0,0.0,0.0,0.0,0.0,-0.674999952316284,6.0,306.524993896484,54.4747085571289,,0
2022-05-01 14:35:00,-0.00500000035390258,9.85500049591064,0.762951076030731,1000,3.78118562698364,4,0,3142.1875,-2.375,1278.4375,1073.70104980469,0.0,3.37499976158142,-3.00000023841858,2.0,-62.5,2.0,0.150000005960464,-2.25,-0.600000023841858,0.0231562498956919,0.0,0.0,0.0,0.0,0.0,0.0,0.0,0.0,-0.75,5.84999990463257,313.424987792969,63.4012336730957,,0
2022-05-01 14:40:00,-0.00500000035390258,9.85874938964844,0.762951076030731,1000,3.75219345092773,4,0,3139.37475585938,-3.375,1259.6875,1070.26782226563,0.0,2.625,-1.875,2.0,-62.5,2.0,0.225000008940697,-2.32500004768372,-0.600000023841858,0.0243749991059303,0.0,0.0,0.0,0.0,0.0,0.0,0.0,0.0,-0.75,5.69999980926514,315.75,39.3682746887207,,0
2022-05-01 14:45:00,-0.0068749999627471,9.87750053405762,0.762951076030731,1000,3.76592659950256,4,0,3157.1875,-3.375,1341.875,1064.31677246094,0.0,3.18750023841858,-2.625,2.5,-62.5,2.5,0.150000005960464,-2.32500004768372,-0.600000023841858,0.0243749991059303,0.0,0.0,0.0,0.0,0.0,0.0,0.0,0.0,-0.75,5.92500019073486,311.850006103516,40.5127029418945,,0
2022-05-01 14:50:00,-0.0068749999627471,9.88593769073486,0.762951076030731,1000,3.75982308387756,4,0,3145.0,-4.5,1186.875,1065.9189453125,0.0,3.37499976158142,-2.25,2.0,-62.5,2.0,0.150000005960464,-2.32500004768372,-0.600000023841858,0.0243749991059303,0.0,0.0,0.0,0.0,0.0,0.0,0.0,0.0,-0.75,5.39999961853027,314.175018310547,45.3192977905273,,0
2022-05-01 14:55:00,-0.0087500000372529,9.89531326293945,0.610360860824585,1000,3.73540854454041,4,0,3137.18725585938,-2.75,1373.75,1073.70104980469,0.0,2.25,-1.875,2.5,-62.5,2.5,0.150000005960464,-2.32500004768372,-0.600000023841858,0.0231562498956919,0.0,0.0,0.0,0.0,0.0,0.0,0.0,0.0,-0.674999952316284,5.69999980926514,314.024993896484,50.3547744750977,,0
2022-05-01 15:00:00,-0.0068749999627471,9.87843704223633,0.610360860824585,1000,3.73388266563416,4,0,3017.1875,-2.375,1295.3125,1.83108258247375,0.0,2.625,-2.25,2.5,-62.5,2.5,0.150000005960464,-2.40000009536743,-0.674999952316284,0.0243749991059303,0.0,0.0,0.0,0.0,0.0,0.0,0.0,0.0,-0.75,5.77500009536743,315.0,29.2973213195801,,0
2022-05-01 15:05:00,-0.00812499970197678,9.8540620803833,0.762951076030731,1000,3.74456405639648,4,0,3106.5625,-4.125,1280.3125,1.83108258247375,0.0,3.00000023841858,-2.625,2.5,-62.5,2.5,0.150000005960464,-2.32500004768372,-0.674999952316284,0.0231562498956919,0.0,0.0,0.0,0.0,0.0,0.0,0.0,0.0,-0.674999952316284,9.22500038146973,315.375,22.6596488952637,,0
2022-05-01 15:10:00,-0.00437500001862645,9.88593769073486,0.762951076030731,1000,3.76287484169006,4,0,3105.625,-3.625,1320.3125,1.83108258247375,0.0,3.37499976158142,-2.25,2.5,-62.5,2.5,0.150000005960464,-2.32500004768372,-0.600000023841858,0.0231562498956919,0.0,0.0,0.0,0.0,0.0,0.0,0.0,0.0,-0.900000035762787,5.92500019073486,321.075012207031,30.2128639221191,,0
2022-05-01 15:15:00,-0.00500000035390258,9.82593727111816,0.610360860824585,1000,3.72167563438416,4,0,3098.12475585938,-3.0,1437.1875,1.83108258247375,0.0,3.37499976158142,-2.625,2.5,-62.5,2.5,0.150000005960464,-2.32500004768372,-0.600000023841858,0.0243749991059303,0.0,0.0,0.0,0.0,0.0,0.0,0.0,0.0,-0.75,5.84999990463257,319.350006103516,39.3682746887207,,0
2022-05-01 15:20:00,-0.00500000035390258,9.85218715667725,0.610360860824585,1000,3.73998618125916,4,0,3138.125,-2.5,1220.625,1.60219728946686,0.0,2.625,-2.625,2.5,-62.5,2.5,0.150000005960464,-2.32500004768372,-0.600000023841858,0.0243749991059303,0.0,0.0,0.0,0.0,0.0,0.0,0.0,0.0,-0.75,6.0,316.350006103516,32.5017166137695,,0
2022-05-01 15:25:00,-0.00500000035390258,9.88125038146973,0.762951076030731,1000,3.70031261444092,4,0,3142.8125,-3.375,1200.9375,1.60219728946686,0.0,3.00000023841858,-1.875,2.5,-62.5,2.5,0.150000005960464,-2.32500004768372,-0.600000023841858,0.0243749991059303,0.0,0.0,0.0,0.0,0.0,0.0,0.0,0.0,-0.824999988079071,5.92500019073486,318.525024414063,22.6596488952637,,0
2022-05-01 15:30:00,-0.00500000035390258,9.86062431335449,0.762951076030731,1000,3.75829696655273,4,0,3111.5625,-2.625,1219.0625,1.60219728946686,0.0,3.37499976158142,-1.875,2.5,-62.5,2.5,0.150000005960464,-2.32500004768372,-0.600000023841858,0.0243749991059303,0.0,0.0,0.0,0.0,0.0,0.0,0.0,0.0,-0.824999988079071,5.55000019073486,317.100006103516,49.8969993591309,,0
2022-05-01 15:35:00,-0.00375000014901161,9.86156272888184,0.762951076030731,1000,3.72930502891541,4,0,3119.0625,,1401.875,,0.0,2.8125,,,,,,,,0.0268124993890524,0.0,0.0,0.0,0.0,0.0,0.0,0.0,0.0,-0.824999988079071,5.92500019073486,317.474975585938,44.8615226745605,,0
2022-05-01 15:40:00,-0.00375000014901161,9.86437511444092,0.762951076030731,1000,3.72472739219666,4,0,3109.6875,,1366.875,,0.0,3.37499976158142,,,,,,,,0.0243749991059303,0.0,0.0,0.0,0.0,0.0,0.0,0.0,0.0,,,,33.6461448669434,,0
2022-05-01 15:45:00,-0.00624999962747097,9.86062431335449,0.762951076030731,1000,3.77965974807739,4,0,3115.625,-4.125,1378.125,1.60219728946686,0.0,3.00000023841858,-2.25,2.5,-62.5,2.5,0.150000005960464,-2.32500004768372,-0.600000023841858,0.0243749991059303,0.0,0.0,0.0,0.0,0.0,0.0,0.0,0.0,-0.674999952316284,5.69999980926514,319.125,30.2128639221191,,0
2022-05-01 15:50:00,-0.00437500001862645,9.89249992370605,0.762951076030731,1000,3.77355599403381,4,0,3124.0625,-3.0,1331.25012207031,1.60219728946686,0.0,3.5625,-2.625,2.5,-62.5,2.5,0.150000005960464,-2.32500004768372,-0.600000023841858,0.0243749991059303,0.0,0.0,0.0,0.0,0.0,0.0,0.0,0.0,-0.674999952316284,5.77500009536743,325.349975585938,47.8370361328125,,0
2022-05-01 15:55:00,-0.00500000035390258,9.89249992370605,0.610360860824585,1000,3.74914169311523,4,0,2.81249976158142,-3.875,0.9375,1.60219728946686,0.0,3.75,-2.625,2.5,-62.5,2.5,0.150000005960464,-2.32500004768372,-0.600000023841858,0.0243749991059303,0.0,0.0,0.0,0.0,0.0,0.0,0.0,0.0,-0.75,6.52499961853027,318.525024414063,31.5861759185791,,0
2022-05-01 16:00:00,-0.00500000035390258,9.89249992370605,0.610360860824585,1000,3.75524520874023,4,0,2.81249976158142,-4.0,0.9375,1.60219728946686,0.0,3.37499976158142,-2.25,2.5,-62.5,2.5,0.225000008940697,-2.32500004768372,-0.600000023841858,0.0243749991059303,0.0,0.0,0.0,0.0,0.0,0.0,0.0,0.0,-0.674999952316284,5.92500019073486,332.400024414063,43.717098236084,,0
2022-05-01 16:05:00,-0.00437500001862645,9.84937477111816,0.762951076030731,1000,3.79034090042114,4,0,0.3125,-3.0,1.25,1.60219728946686,0.0,3.37499976158142,-2.625,2.5,-62.5,2.5,0.150000005960464,-2.32500004768372,-0.600000023841858,0.0243749991059303,0.0,0.0,0.0,0.0,0.0,0.0,0.0,0.0,-0.674999952316284,5.47499990463257,324.975006103516,61.1123847961426,,0
2022-05-01 16:10:00,-0.00375000014901161,9.87562561035156,0.762951076030731,1000,3.84985113143921,4,0,2.1875,-3.5,0.9375,1.60219728946686,0.0,3.00000023841858,-2.625,2.5,-62.5,2.5,0.150000005960464,-2.25,-0.600000023841858,0.0243749991059303,0.0,0.0,0.0,0.0,0.0,0.0,0.0,0.0,-0.824999988079071,5.55000019073486,326.100006103516,43.717098236084,,0
2022-05-01 16:15:00,-0.00500000035390258,9.88968753814697,0.762951076030731,1000,3.78423738479614,4,0,1.25,-3.75,1.25,1.60219728946686,0.0,3.37499976158142,-2.625,2.5,-62.5,2.5,0.150000005960464,-2.32500004768372,-0.600000023841858,0.0243749991059303,0.0,0.0,0.0,0.0,0.0,0.0,0.0,0.0,-0.674999952316284,6.0,318.899993896484,47.3792610168457,,0
2022-05-01 16:20:00,-0.0068749999627471,9.83062553405762,0.762951076030731,1000,3.73693442344666,4,0,2.81249976158142,-4.375,0.9375,1.60219728946686,0.0,3.75,-2.25,2.5,-62.5,2.5,0.225000008940697,-2.25,-0.600000023841858,0.0243749991059303,0.0,0.0,0.0,0.0,0.0,0.0,0.0,0.0,-0.674999952316284,5.55000019073486,321.75,27.0084705352783,,0
2022-05-01 16:25:00,-0.00312499981373549,9.86062431335449,0.610360860824585,1000,3.78576326370239,4,0,1.875,-5.125,0.9375,1.83108258247375,0.0,2.8125,-2.25,2.5,-62.5,2.5,0.225000008940697,-2.25,-0.600000023841858,0.0243749991059303,0.0,0.0,0.0,0.0,0.0,0.0,0.0,0.0,-0.824999988079071,6.15000009536743,325.575012207031,49.8969993591309,,0
2022-05-01 16:30:00,-0.00500000035390258,9.84562492370605,0.610360860824585,1000,3.78423738479614,4,0,3.4375,-3.75,0.9375,1.83108258247375,0.0,3.37499976158142,-2.25,2.5,-62.5,2.5,0.150000005960464,-2.32500004768372,-0.600000023841858,0.0243749991059303,0.0,0.0,0.0,0.0,0.0,0.0,0.0,0.0,-0.525000035762787,8.02499961853027,321.525024414063,34.1039123535156,,0
2022-05-01 16:35:00,-0.00437500001862645,9.86531257629395,0.762951076030731,1000,3.76134896278381,4,0,1.25,-3.125,0.9375,1.60219728946686,0.0,3.5625,-2.625,2.5,-62.5,2.5,0.225000008940697,-2.25,-0.600000023841858,0.0243749991059303,0.0,0.0,0.0,0.0,0.0,0.0,0.0,0.0,-0.674999952316284,6.0,328.349975585938,24.7196159362793,,0
2022-05-01 16:40:00,-0.00312499981373549,9.89437484741211,0.762951076030731,1000,3.76134896278381,4,0,0.9375,-4.25,1.25,1.83108258247375,0.0,2.625,-2.625,2.5,-62.5,2.5,0.225000008940697,-2.25,-0.600000023841858,0.0243749991059303,0.0,0.0,0.0,0.0,0.0,0.0,0.0,0.0,-0.674999952316284,6.07499980926514,322.799987792969,48.5236930847168,,0
2022-05-01 16:45:00,-0.00250000017695129,9.88218784332275,0.762951076030731,1000,3.77965974807739,4,0,1.5625,-2.125,0.9375,1.83108258247375,0.0,3.00000023841858,-3.00000023841858,2.5,-62.5,2.5,0.150000005960464,-2.32500004768372,-0.600000023841858,0.0243749991059303,0.0,0.0,0.0,0.0,0.0,0.0,0.0,0.0,-0.75,5.92500019073486,328.349975585938,32.0439453125,,0
2022-05-01 16:50:00,-0.00375000014901161,9.84656238555908,0.762951076030731,1000,3.74608993530273,4,0,2.1875,-2.875,1.25,1.60219728946686,0.0,3.9375,-2.625,2.5,-62.5,2.5,0.150000005960464,-2.32500004768372,-0.600000023841858,0.0255937501788139,0.0,0.0,0.0,0.0,0.0,0.0,0.0,0.0,-0.75,5.69999980926514,323.399993896484,32.2728309631348,,0
2022-05-01 16:55:00,-0.000625000044237822,9.85500049591064,0.762951076030731,1000,3.79644441604614,4,0,0.9375,-3.375,0.9375,1.60219728946686,0.0,3.37499976158142,-2.625,2.5,-62.5,2.5,0.150000005960464,-2.32500004768372,-0.600000023841858,0.0243749991059303,0.0,0.0,0.0,0.0,0.0,,0.0,0.0,-0.600000023841858,5.77500009536743,322.950012207031,35.9349975585938,,0
2022-05-01 17:00:00,0.0,9.86999988555908,0.762951076030731,1000,3.7994966506958,4,0,1.875,-3.75,0.9375,1.60219728946686,0.0,3.37499976158142,-2.625,2.5,-62.5,2.5,0.150000005960464,-2.25,-0.600000023841858,0.0243749991059303,0.0,0.0,0.0,0.0,0.0,0.0,0.0,0.0,-0.75,6.07499980926514,316.050018310547,31.3572883605957,,0
2022-05-01 17:05:00,0.0,9.83906269073486,0.762951076030731,1000,3.79644441604614,4,0,1.5625,-3.25,0.9375,1.60219728946686,0.0,3.37499976158142,-2.25,2.5,-62.5,2.5,0.150000005960464,-2.32500004768372,-0.600000023841858,0.0243749991059303,0.0,0.0,0.0,0.0,0.0,0.0,0.0,0.0,-0.75,5.25,322.575012207031,44.632640838623,,0
2022-05-01 17:10:00,-0.00312499981373549,9.85968780517578,0.762951076030731,1000,3.76592659950256,4,0,2.5,-4.0,1.25,1.60219728946686,0.0,2.8125,-2.625,2.5,-62.5,2.5,0.150000005960464,-2.32500004768372,-0.600000023841858,0.0243749991059303,0.0,0.0,0.0,0.0,0.0,0.0,0.0,0.0,-0.674999952316284,6.0,324.375,43.717098236084,,0
2022-05-01 17:15:00,-0.000625000044237822,9.88781261444092,0.762951076030731,1000,3.74914169311523,4,0,2.1875,-3.375,1.5625,1.83108258247375,0.0,3.75,-2.625,2.5,-62.5,2.5,0.150000005960464,-2.32500004768372,-0.600000023841858,0.0231562498956919,0.0,0.0,0.0,0.0,0.0,0.0,0.0,0.0,-0.600000023841858,8.40000057220459,327.524993896484,31.5861759185791,,0
2022-05-01 17:20:00,-0.00250000017695129,9.88031196594238,0.762951076030731,1000,3.76745247840881,4,0,2.1875,-2.375,0.9375,1.60219728946686,0.0,2.625,-2.25,3.0,-62.5,3.0,0.150000005960464,-2.25,-0.600000023841858,0.0243749991059303,0.0,0.0,0.0,0.0,0.0,0.0,0.0,0.0,-0.600000023841858,7.94999980926514,322.274993896484,41.1993598937988,,0
2022-05-01 17:25:00,0.0,9.88218784332275,0.762951076030731,1000,3.75219345092773,4,0,2.1875,-2.625,0.9375,1.60219728946686,0.0,3.00000023841858,-1.875,3.0,-62.5,3.0,0.150000005960464,-2.25,-0.600000023841858,0.0231562498956919,0.0,0.0,0.0,0.0,0.0,0.0,0.0,0.0,-0.525000035762787,6.45000028610229,323.550018310547,51.9569702148438,,0
2022-05-01 17:30:00,-0.00375000014901161,9.87468719482422,0.762951076030731,1000,3.7994966506958,4,0,1.25,-2.625,1.5625,1.60219728946686,0.0,3.75,-2.25,3.0,-62.5,3.0,0.150000005960464,-2.32500004768372,-0.600000023841858,0.0243749991059303,0.0,0.0,0.0,0.0,0.0,0.0,0.0,0.0,-0.674999952316284,6.15000009536743,325.200012207031,52.1858558654785,,0
2022-05-01 17:35:00,-0.000625000044237822,9.88406276702881,0.762951076030731,1000,3.76440072059631,4,0,0.625,-2.75,0.9375,1.60219728946686,0.0,2.4375,-2.625,3.0,-62.5,3.0,0.150000005960464,-2.32500004768372,-0.600000023841858,0.0243749991059303,0.0,0.0,0.0,0.0,0.0,0.0,0.0,0.0,-0.525000035762787,5.84999990463257,316.725006103516,54.4747085571289,,0
2022-05-01 17:40:00,-0.00250000017695129,9.87937545776367,0.762951076030731,1000,3.76897835731506,4,0,0.0,-2.0,0.9375,1.60219728946686,0.0,2.8125,-2.25,3.0,-62.5,3.0,0.150000005960464,-2.40000009536743,-0.600000023841858,0.0231562498956919,0.0,0.0,0.0,0.0,0.0,0.0,0.0,0.0,-0.525000035762787,6.52499961853027,325.425018310547,56.7635612487793,,0
2022-05-01 17:45:00,-0.00250000017695129,9.87843704223633,0.762951076030731,1000,3.79491853713989,4,0,0.9375,-2.875,1.5625,1.60219728946686,0.0,2.0625,-2.25,3.0,-62.5,3.0,0.150000005960464,-2.32500004768372,-0.600000023841858,0.0231562498956919,0.0,0.0,0.0,0.0,0.0,0.0,0.0,0.0,-0.525000035762787,5.69999980926514,326.475006103516,72.327766418457,,0
2022-05-01 17:50:00,-0.00312499981373549,9.89249992370605,0.762951076030731,1000,3.77355599403381,4,0,0.0,-3.375,1.25,1.60219728946686,0.0,3.18750023841858,-2.25,3.0,-62.5,3.0,0.150000005960464,-2.32500004768372,-0.600000023841858,0.0231562498956919,0.0,0.0,0.0,0.0,0.0,0.0,0.0,0.0,-0.600000023841858,5.32500028610229,322.5,49.8969993591309,,0
2022-05-01 17:55:00,0.0,9.88499927520752,0.762951076030731,1000,3.78728914260864,4,0,1.875,-2.375,1.5625,1.60219728946686,0.0,2.25,-1.875,2.5,-62.5,2.5,0.150000005960464,-2.32500004768372,-0.600000023841858,0.0231562498956919,0.0,0.0,0.0,0.0,0.0,0.0,0.0,0.0,-0.525000035762787,6.29999971389771,324.75,74.8454971313477,,0
2022-05-01 18:00:00,-0.000625000044237822,9.9037504196167,0.762951076030731,1000,3.79491853713989,4,0,1.25,-2.625,0.9375,1.83108258247375,0.0,2.8125,-2.25,2.5,-62.5,2.5,0.150000005960464,-2.32500004768372,-0.600000023841858,0.0231562498956919,0.0,0.0,0.0,0.0,0.0,0.0,0.0,0.0,-0.525000035762787,5.84999990463257,322.950012207031,94.0718688964844,,0
2022-05-01 18:05:00,-0.00312499981373549,9.88593769073486,0.610360860824585,1000,3.76897835731506,4,0,0.0,-3.375,0.9375,1.83108258247375,0.0,2.4375,-2.25,3.0,-62.5,3.0,0.150000005960464,-2.32500004768372,-0.600000023841858,0.0219374988228083,0.0,0.0,0.0,0.0,0.0,0.0,0.0,0.0,-0.600000023841858,8.55000019073486,322.424987792969,96.360725402832,,0
2022-05-01 18:10:00,-0.000625000044237822,9.8671875,0.610360860824585,1000,3.78881502151489,4,0,1.875,-3.875,0.9375,1.60219728946686,0.0,3.37499976158142,-2.625,3.0,-62.5,3.0,0.150000005960464,-2.32500004768372,-0.600000023841858,0.0231562498956919,0.0,0.0,0.0,0.0,0.0,0.0,0.0,0.0,-0.674999952316284,8.85000038146973,320.474975585938,91.0963592529297,,0
2022-05-01 18:15:00,0.0,9.88031196594238,0.762951076030731,1000,3.78881502151489,4,0,2.81249976158142,-3.875,0.9375,1.60219728946686,0.0,3.75,-2.625,3.0,-62.5,3.0,0.0750000029802322,-2.40000009536743,-0.600000023841858,0.0231562498956919,0.0,0.0,0.0,0.0,0.0,0.0,0.0,0.0,-0.525000035762787,6.29999971389771,321.449981689453,75.5321578979492,,0
2022-05-01 18:20:00,-0.00250000017695129,9.8934383392334,0.762951076030731,1000,3.75371932983398,4,0,1.875,-3.75,1.25,1.83108258247375,0.0,3.00000023841858,-2.625,3.0,-62.5,3.0,0.0750000029802322,-2.40000009536743,-0.600000023841858,0.0243749991059303,0.0,0.0,0.0,0.0,0.0,0.0,0.0,0.0,-0.600000023841858,6.29999971389771,323.025024414063,43.717098236084,,0
2022-05-01 18:25:00,-0.00187500007450581,9.88968753814697,0.762951076030731,1000,3.75982308387756,4,0,3.4375,-4.0,0.9375,1.83108258247375,0.0,3.5625,-2.625,3.0,-62.5,3.0,0.0750000029802322,-2.40000009536743,-0.600000023841858,0.0231562498956919,0.0,0.0,0.0,0.0,0.0,0.0,0.0,0.0,-0.450000017881393,6.07499980926514,321.975006103516,78.0498962402344,,0
2022-05-01 18:30:00,0.0,9.88875007629395,0.762951076030731,1000,3.8056001663208,4,0,1.25,-4.375,0.9375,1.60219728946686,0.0,2.625,-2.25,3.5,-62.5,3.5,0.0750000029802322,-2.40000009536743,-0.600000023841858,0.0231562498956919,0.0,0.0,0.0,0.0,0.0,0.0,0.0,0.0,-0.450000017881393,5.92500019073486,325.649993896484,58.8235321044922,,0
2022-05-01 18:35:00,-0.00375000014901161,9.84375,0.610360860824585,1000,3.79491853713989,4,0,2.81249976158142,-2.625,0.9375,1.60219728946686,0.0,3.00000023841858,-2.25,3.0,-62.5,3.0,0.0,-2.40000009536743,-0.600000023841858,0.0231562498956919,0.0,0.0,0.0,0.0,0.0,0.0,0.0,0.0,-0.525000035762787,6.375,322.125,90.6385955810547,,0
2022-05-01 18:40:00,0.000625000044237822,9.87187480926514,0.610360860824585,1000,3.80102252960205,4,0,1.25,-3.0,0.9375,1.60219728946686,0.0,2.625,-2.25,3.0,-62.5,3.0,0.0750000029802322,-2.47499990463257,-0.674999952316284,0.0243749991059303,0.0,0.0,0.0,0.0,0.0,0.0,0.0,0.0,-0.525000035762787,6.29999971389771,321.149993896484,87.434196472168,,0
2022-05-01 18:45:00,-0.00125000008847564,9.86343765258789,0.610360860824585,1000,3.84832525253296,4,0,0.625,-3.0,1.25,1.60219728946686,0.0,2.625,-2.625,3.0,-62.5,3.0,0.0750000029802322,-2.47499990463257,-0.600000023841858,0.0243749991059303,0.0,0.0,0.0,0.0,0.0,0.0,0.0,0.0,-0.450000017881393,6.52499961853027,324.75,53.3302841186523,,0
2022-05-01 18:50:00,-0.00187500007450581,9.88406276702881,0.610360860824585,1000,3.78728914260864,4,0,2.5,-3.0,0.9375,1.60219728946686,0.0,3.00000023841858,-2.625,3.0,-62.5,3.0,0.0750000029802322,-2.40000009536743,-0.600000023841858,0.0243749991059303,0.0,0.0,0.0,0.0,0.0,0.0,0.0,0.0,-0.375,6.15000009536743,322.799987792969,49.8969993591309,,0
2022-05-01 18:55:00,-0.00125000008847564,9.85781288146973,0.762951076030731,1000,3.8025484085083,4,0,1.25,-4.375,0.9375,1.83108258247375,0.0,3.37499976158142,-2.25,3.0,-62.5,3.0,0.0,-2.47499990463257,-0.600000023841858,0.0243749991059303,0.0,0.0,0.0,0.0,0.0,0.0,0.0,0.0,-0.525000035762787,8.85000038146973,331.5,54.2458229064941,,0
2022-05-01 19:00:00,0.000625000044237822,9.89249992370605,0.762951076030731,1000,3.8025484085083,4,0,3.75,-4.375,0.9375,1.60219728946686,0.0,1.875,-3.00000023841858,3.0,-62.5,3.0,0.0750000029802322,-2.40000009536743,-0.600000023841858,0.0243749991059303,0.0,0.0,0.0,0.0,0.0,0.0,0.0,0.0,-0.75,6.67500019073486,327.900024414063,43.717098236084,,0
2022-05-01 19:05:00,0.0,9.85031223297119,0.762951076030731,1000,3.83306622505188,4,0,2.81249976158142,-3.0,1.25,1.60219728946686,0.0,2.4375,-2.25,3.0,-62.5,3.0,0.0,-2.40000009536743,-0.674999952316284,0.0231562498956919,0.0,0.0,0.0,0.0,0.0,0.0,0.0,0.0,-0.450000017881393,6.375,324.299987792969,94.9874114990234,,0
2022-05-01 19:10:00,-0.00312499981373549,9.83531284332275,0.762951076030731,1000,3.83459210395813,4,0,1.25,-3.625,0.9375,1.60219728946686,0.0,2.625,-2.625,3.0,-62.5,3.0,0.0,-2.47499990463257,-0.674999952316284,0.0231562498956919,0.0,0.0,0.0,0.0,0.0,0.0,0.0,0.0,-0.450000017881393,6.07499980926514,323.25,74.8454971313477,,0
2022-05-01 19:15:00,-0.00312499981373549,9.84000015258789,0.915541291236877,1000,3.81017780303955,4,0,2.1875,-2.75,0.9375,1.60219728946686,0.0,2.4375,-2.25,3.0,-62.5,3.0,0.0,-2.47499990463257,-0.674999952316284,0.0231562498956919,0.0,0.0,0.0,0.0,0.0,0.0,0.0,0.0,-0.450000017881393,6.22499990463257,436.649993896484,74.8454971313477,,0
2022-05-01 19:20:00,-0.00187500007450581,9.86625003814697,0.915541291236877,1000,3.80407428741455,4,0,1.875,-4.5,0.9375,1.60219728946686,0.0,1.875,-3.00000023841858,3.0,-62.5,3.0,0.0,-2.47499990463257,-0.674999952316284,0.0243749991059303,0.0,0.0,0.0,0.0,0.0,0.0,0.0,0.0,-0.525000035762787,6.29999971389771,413.850006103516,65.6900863647461,,0
2022-05-01 19:25:00,0.0,9.86250019073486,0.762951076030731,1000,3.7994966506958,4,0,0.625,-3.0,0.9375,1.60219728946686,0.0,2.625,-2.25,3.0,-62.5,3.0,0.0,-2.47499990463257,-0.674999952316284,0.0231562498956919,0.0,0.0,0.0,0.0,0.0,0.0,0.0,0.0,-0.525000035762787,6.52499961853027,422.475006103516,62.0279235839844,,0
2022-05-01 19:30:00,-0.00125000008847564,9.85125064849854,0.762951076030731,1000,3.78118562698364,4,0,2.81249976158142,-3.125,1.25,1.60219728946686,0.0,2.4375,-2.25,3.0,-62.5,3.0,-0.0750000029802322,-2.47499990463257,-0.674999952316284,0.0243749991059303,0.0,0.0,0.0,0.0,0.0,0.0,0.0,0.0,-0.525000035762787,6.52499961853027,427.949981689453,58.8235321044922,,0
2022-05-01 19:35:00,0.0,9.85312557220459,0.762951076030731,1000,3.77660775184631,4,0,0.0,-2.875,0.9375,1.60219728946686,0.0,2.8125,-2.25,3.0,-62.5,3.0,0.0,-2.47499990463257,-0.674999952316284,0.0243749991059303,0.0,0.0,0.0,0.0,0.0,0.0,0.0,0.0,-0.375,6.59999990463257,420.074981689453,97.9629211425781,,0
2022-05-01 19:40:00,-0.00250000017695129,9.84093761444092,0.762951076030731,1000,3.76745247840881,4,0,2.1875,-4.125,0.9375,1.60219728946686,0.0,2.8125,-2.625,3.5,-62.5,3.5,0.0,-2.47499990463257,-0.674999952316284,0.0243749991059303,0.0,0.0,0.0,0.0,0.0,0.0,0.0,0.0,-0.375,6.375,420.599975585938,118.333717346191,,0
2022-05-01 19:45:00,-0.00187500007450581,9.81750011444092,0.762951076030731,1000,3.75219345092773,4,0,1.25,-2.875,0.9375,1.60219728946686,0.0,3.37499976158142,-3.00000023841858,3.0,-62.5,3.0,0.0,-2.47499990463257,-0.674999952316284,0.0255937501788139,0.0,0.0,0.0,0.0,0.0,0.0,0.0,0.0,-0.450000017881393,6.67500019073486,422.475006103516,126.115814208984,,0
2022-05-01 19:50:00,-0.00250000017695129,9.83531284332275,0.762951076030731,1000,3.75982308387756,4,0,1.25,-2.75,1.5625,1.37331199645996,0.0,2.625,-2.25,3.0,-62.5,3.0,-0.0750000029802322,-2.47499990463257,-0.674999952316284,0.0255937501788139,0.0,0.0,0.0,0.0,0.0,0.0,0.0,0.0,-0.375,6.52499961853027,412.5,100.251777648926,,0
2022-05-01 19:55:00,-0.00187500007450581,9.85781288146973,0.762951076030731,1000,3.74456405639648,4,0,1.5625,-3.875,0.9375,1.60219728946686,0.0,3.37499976158142,-2.625,3.0,-62.5,3.0,-0.0750000029802322,-2.47499990463257,-0.75,0.0243749991059303,0.0,0.0,0.0,0.0,0.0,0.0,0.0,0.0,-0.525000035762787,-0.450000017881393,0.450000017881393,72.327766418457,,0
2022-05-01 20:00:00,0.00125000008847564,9.8540620803833,0.762951076030731,1000,3.76897835731506,4,0,1.875,-3.375,0.9375,1.83108258247375,0.0,3.5625,-2.625,3.0,-62.5,3.0,-0.0750000029802322,-2.47499990463257,-0.75,0.0255937501788139,0.0,0.0,0.0,0.0,0.0,0.0,0.0,0.0,-0.375,256.649993896484,1.27500009536743,85.1453475952148,,0
2022-05-01 20:05:00,0.0,9.86250019073486,0.762951076030731,1000,3.77355599403381,4,0,2.1875,-2.75,0.9375,1.60219728946686,0.0,5.0625,-2.25,3.5,-62.5,3.5,-0.0750000029802322,-2.47499990463257,-0.75,0.0255937501788139,0.0,0.0,0.0,0.0,0.0,0.0,0.0,0.0,-0.525000035762787,314.924987792969,1.125,74.6166152954102,,0
2022-05-01 20:10:00,0.0,9.84093761444092,0.762951076030731,1000,3.77355599403381,4,0,0.9375,-4.0,1.25,1.60219728946686,0.0,4.6875,-2.25,3.0,-62.5,3.0,-0.0750000029802322,-2.47499990463257,-0.75,0.0243749991059303,0.0,0.0,0.0,0.0,0.0,0.0,0.0,0.0,-0.450000017881393,316.725006103516,0.674999952316284,72.327766418457,,0
2022-05-01 20:15:00,-0.000625000044237822,9.87187480926514,0.610360860824585,1000,3.74608993530273,4,0,2.5,-4.125,1.25,1.60219728946686,0.0,4.875,-2.625,3.0,-62.5,3.0,-0.0750000029802322,-2.47499990463257,-0.75,0.0255937501788139,0.0,0.0,0.0,0.0,0.0,0.0,0.0,0.0,-0.525000035762787,316.650024414063,1.125,50.3547744750977,,0
2022-05-01 20:20:00,0.00187500007450581,9.82593727111816,0.610360860824585,1000,3.75524520874023,4,0,0.3125,-2.75,0.9375,1.60219728946686,0.0,4.3125,-2.25,3.0,-62.5,3.0,-0.0750000029802322,-2.47499990463257,-0.75,0.0243749991059303,0.0,0.0,0.0,0.0,0.0,0.0,0.0,0.0,-0.375,319.500030517578,0.225000008940697,81.7120590209961,,0
2022-05-01 20:25:00,-0.00125000008847564,9.87843704223633,0.610360860824585,1000,3.77355599403381,4,0,2.81249976158142,-3.0,0.625,1.37331199645996,0.0,4.3125,-2.25,3.0,-62.5,3.0,-0.0750000029802322,-2.55000019073486,-0.75,0.0243749991059303,0.0,0.0,0.0,0.0,0.0,0.0,0.0,0.0,-0.375,316.274993896484,0.300000011920929,65.4612045288086,,0
2022-05-01 20:30:00,-0.00125000008847564,9.87374973297119,0.610360860824585,1000,3.85137701034546,4,0,1.875,-3.875,0.9375,1.60219728946686,0.0,4.3125,-2.25,3.0,-62.5,3.0,-0.0750000029802322,-2.47499990463257,-0.75,0.0255937501788139,0.0,0.0,0.0,0.0,0.0,0.0,0.0,0.0,-0.450000017881393,312.375,0.300000011920929,81.7120590209961,,0
2022-05-01 20:35:00,0.0,9.8540620803833,0.610360860824585,1000,3.82696270942688,4,0,0.9375,-4.0,0.9375,1.60219728946686,0.0,4.875,-2.625,3.0,-62.5,3.0,-0.0750000029802322,-2.47499990463257,-0.824999988079071,0.0243749991059303,0.0,0.0,0.0,0.0,0.0,0.0,0.0,0.0,-0.375,428.399993896484,0.300000011920929,88.5786209106445,,0
2022-05-01 20:40:00,-0.00187500007450581,9.88499927520752,0.610360860824585,1000,3.79186677932739,4,0,0.625,-3.25,0.625,1.60219728946686,0.0,4.875,-2.625,3.0,-62.5,3.0,-0.0750000029802322,-2.55000019073486,-0.75,0.0255937501788139,0.0,0.0,0.0,0.0,0.0,0.0,0.0,0.0,-0.375,405.674987792969,0.225000008940697,51.9569702148438,,0
2022-05-01 20:45:00,0.00187500007450581,9.85031223297119,0.610360860824585,1000,3.78576326370239,4,0,0.0,-3.75,0.9375,1.60219728946686,0.0,4.6875,-3.00000023841858,3.0,-62.5,3.0,-0.0750000029802322,-2.47499990463257,-0.75,0.0243749991059303,0.0,0.0,0.0,0.0,0.0,0.0,0.0,0.0,-0.225000008940697,407.625,0.300000011920929,56.7635612487793,,0
2022-05-01 20:50:00,-0.00125000008847564,9.85125064849854,0.610360860824585,1000,3.76134896278381,4,0,0.3125,-3.25,1.25,1.60219728946686,0.0,4.6875,-2.625,3.5,-62.5,3.5,-0.0750000029802322,-2.47499990463257,-0.824999988079071,0.0243749991059303,0.0,0.0,0.0,0.0,0.0,0.0,0.0,0.0,-0.525000035762787,406.875,0.225000008940697,49.8969993591309,,0
2022-05-01 20:55:00,0.0,9.87656211853027,0.762951076030731,1000,3.77355599403381,4,0,1.25,-3.375,0.9375,1.60219728946686,0.0,4.5,-2.25,3.0,-62.5,3.0,-0.0750000029802322,-2.55000019073486,-0.75,0.0243749991059303,0.0,0.0,0.0,0.0,0.0,0.0,0.0,0.0,-0.450000017881393,298.350006103516,2.84999990463257,109.178298950195,,0
2022-05-01 21:00:00,0.00125000008847564,9.85874938964844,0.762951076030731,1000,3.77813363075256,4,0,2.81249976158142,-3.125,0.9375,1.60219728946686,0.0,4.875,-2.25,3.0,-62.5,3.0,-0.0750000029802322,-2.55000019073486,-0.75,0.0243749991059303,0.0,0.0,0.0,0.0,0.0,0.0,0.0,0.0,-0.375,3.97499990463257,0.300000011920929,89.2652816772461,,0
2022-05-01 21:05:00,-0.00187500007450581,9.88687419891357,0.762951076030731,1000,3.8025484085083,4,0,2.81249976158142,-3.875,0.9375,1.37331199645996,0.0,4.875,-2.25,3.0,-62.5,3.0,-0.0750000029802322,-2.55000019073486,-0.824999988079071,0.0255937501788139,0.0,0.0,0.0,0.0,0.0,0.0,0.0,0.0,-0.450000017881393,6.29999971389771,307.049987792969,125.200271606445,,0
2022-05-01 21:10:00,0.0,9.85781288146973,0.762951076030731,1000,3.82238507270813,4,0,2.5,-3.0,0.9375,1.60219728946686,0.0,4.5,-2.625,3.0,-62.5,3.0,-0.0750000029802322,-2.55000019073486,-0.75,0.0243749991059303,0.0,0.0,0.0,0.0,0.0,0.0,0.0,0.0,-0.450000017881393,6.59999990463257,325.950012207031,150.377655029297,,0
2022-05-01 21:15:00,-0.00125000008847564,9.84656238555908,0.610360860824585,1000,3.81933331489563,4,0,0.3125,-3.0,0.625,1.60219728946686,0.0,4.3125,-2.625,3.0,-62.5,3.0,-0.0750000029802322,-2.55000019073486,-0.824999988079071,0.0243749991059303,0.0,0.0,0.0,0.0,0.0,0.0,0.0,0.0,-0.375,6.82499980926514,322.950012207031,146.715484619141,,0
2022-05-01 21:20:00,0.000625000044237822,9.87562561035156,0.610360860824585,1000,3.8117036819458,4,0,0.625,-2.0,0.9375,1.60219728946686,0.0,4.5,-2.25,3.0,-62.5,3.0,-0.150000005960464,-2.55000019073486,-0.824999988079071,0.0243749991059303,0.0,0.0,0.0,0.0,0.0,0.0,0.0,0.0,-0.525000035762787,6.29999971389771,331.425018310547,117.18928527832,,0
2022-05-01 21:25:00,-0.00125000008847564,9.84093761444092,0.762951076030731,1000,3.79339265823364,4,0,2.81249976158142,-3.625,0.9375,1.83108258247375,0.0,4.875,-2.25,3.0,-62.5,3.0,-0.0750000029802322,-2.55000019073486,-0.824999988079071,0.0243749991059303,0.0,0.0,0.0,0.0,0.0,0.0,0.0,0.0,-0.375,6.59999990463257,325.125,120.622573852539,,0
2022-05-01 21:30:00,-0.00125000008847564,9.87656211853027,0.762951076030731,1000,3.78271150588989,4,0,0.3125,-2.375,0.9375,1.60219728946686,0.0,4.875,-2.25,3.0,-62.5,3.0,-0.150000005960464,-2.55000019073486,-0.824999988079071,0.0243749991059303,0.0,0.0,0.0,0.0,0.0,0.0,0.0,0.0,-0.450000017881393,6.375,414.975006103516,121.766990661621,,0
2022-05-01 21:35:00,0.0,9.86812496185303,0.610360860824585,1000,3.71557188034058,4,0,2.81249976158142,-4.125,0.625,1.83108258247375,0.0,4.3125,-2.625,3.0,-62.5,3.0,-0.150000005960464,-2.625,-0.824999988079071,2.4167811870575,3.0,0.0,0.0,0.0,0.0,0.0,0.0,0.0,-0.450000017881393,418.200012207031,0.300000011920929,90.8674774169922,,0
2022-05-01 21:40:00,-0.00187500007450581,9.87468719482422,0.610360860824585,1000,3.71862363815308,4,0,1.875,-3.0,0.625,1.60219728946686,0.0,4.6875,-2.25,3.0,-62.5,3.0,-0.150000005960464,-2.625,-0.824999988079071,3.91828107833862,6.0,0.0,0.0,0.0,0.0,0.0,0.0,0.0,-0.300000011920929,419.399993896484,0.300000011920929,100.251777648926,,0
2022-05-01 21:45:00,-0.00250000017695129,9.91031265258789,0.762951076030731,1000,3.72777915000916,4,0,3.125,-3.75,0.9375,1.83108258247375,0.0,4.3125,-2.625,3.0,-62.5,3.0,-0.150000005960464,-2.55000019073486,-0.824999988079071,5.63428163528442,6.0,4.86159372329712,6.0,0.0,6.0,0.0,0.0,0.0,-0.450000017881393,439.575012207031,0.375,90.4097061157227,,0
2022-05-01 21:50:00,0.000625000044237822,9.82875061035156,0.762951076030731,1000,3.58892202377319,4,0,2.1875,-2.25,0.9375,1.60219728946686,0.0,4.3125,-3.00000023841858,3.0,-62.5,3.0,-0.150000005960464,-2.55000019073486,-0.824999988079071,5.57578086853027,6.0,5.42953109741211,6.0,5.28328132629395,6.0,0.0,0.0,0.0,-0.375,6.375,473.700012207031,63.4012336730957,,0
2022-05-01 21:55:00,0.000625000044237822,9.86999988555908,0.762951076030731,1000,3.54314470291138,4,0,0.9375,-3.25,0.625,1.60219728946686,0.0,4.3125,-3.00000023841858,2.5,-62.5,2.5,-0.150000005960464,-2.55000019073486,-0.824999988079071,5.42343711853027,6.0,5.73909378051758,6.0,5.74884366989136,6.0,0.0,0.0,0.0,-0.450000017881393,6.29999971389771,441.225006103516,65.6900863647461,,0
2022-05-01 22:00:00,0.0,9.88968753814697,0.762951076030731,1000,3.54619693756104,4,0,1.25,-4.875,0.625,1.60219728946686,0.0,5.25,-3.00000023841858,3.0,-62.5,3.0,-0.150000005960464,-2.625,-0.824999988079071,5.6659688949585,6.0,5.63915586471558,6.0,5.91093730926514,6.0,0.0,0.0,0.0,-0.375,-0.450000017881393,0.375,60.1968383789063,,0
2022-05-01 22:05:00,0.00187500007450581,9.86625003814697,0.610360860824585,1000,3.55840396881104,4,0,0.3125,-3.0,0.9375,1.60219728946686,0.0,4.5,-2.625,3.0,-62.5,3.0,-0.150000005960464,-2.55000019073486,-0.824999988079071,5.5733437538147,6.0,5.89753150939941,6.0,5.80734348297119,6.0,0.0,0.0,0.0,-0.375,434.924987792969,0.375,35.9349975585938,,0
2022-05-01 22:10:00,0.00187500007450581,9.81656265258789,0.610360860824585,1000,3.81628131866455,4,0,0.625,-3.625,0.9375,1.60219728946686,0.0,4.6875,-2.625,2.5,-62.5,2.5,-0.150000005960464,-2.55000019073486,-0.824999988079071,5.89021873474121,6.0,6.0571870803833,6.0,6.48009347915649,6.0,0.0,0.0,0.0,-0.450000017881393,6.52499961853027,450.375,67.7500534057617,,0
2022-05-01 22:15:00,0.0,9.89249992370605,0.610360860824585,1000,3.80407428741455,4,0,0.3125,-3.375,0.625,1.60219728946686,0.0,4.875,-2.625,3.0,-62.5,3.0,-0.150000005960464,-2.55000019073486,-0.824999988079071,5.68181276321411,6.0,5.63915586471558,6.0,6.01696872711182,6.0,0.0,0.0,0.0,-0.525000035762787,7.87499952316284,196.350006103516,72.7855377197266,,0
2022-05-01 22:20:00,0.0,9.8934383392334,0.610360860824585,1000,3.75677108764648,4,0,0.625,-2.75,0.3125,1.60219728946686,0.0,4.3125,-2.625,2.5,-62.5,2.5,-0.150000005960464,-2.625,-0.824999988079071,5.63184356689453,6.0,5.58431243896484,6.0,5.75615644454956,6.0,0.0,0.0,0.0,-0.375,446.699981689453,0.450000017881393,52.8725090026855,,0
2022-05-01 22:25:00,-0.00187500007450581,9.87187480926514,0.610360860824585,1000,3.75677108764648,4,0,0.625,-3.375,0.9375,1.37331199645996,0.0,3.9375,-2.25,3.0,-62.5,3.0,-0.150000005960464,-2.625,-0.824999988079071,5.68059349060059,6.0,5.73543739318848,6.0,5.90850019454956,6.0,0.0,0.0,0.0,-0.375,2.47499990463257,0.375,39.1393928527832,,0
2022-05-01 22:30:00,0.000625000044237822,9.91031265258789,0.610360860824585,1000,3.73846030235291,4,0,2.1875,-4.125,1.25,1.37331199645996,0.0,4.6875,-2.625,2.5,-62.5,2.5,-0.150000005960464,-2.625,-0.824999988079071,5.88412523269653,6.0,5.79271841049194,6.0,6.16931247711182,6.0,0.0,0.0,0.0,-0.375,6.59999990463257,459.300018310547,56.7635612487793,,0
2022-05-01 22:35:00,-0.00187500007450581,9.87656211853027,0.610360860824585,1000,3.78576326370239,4,0,0.3125,-3.125,0.9375,1.60219728946686,0.0,4.125,-2.625,2.5,-62.5,2.5,-0.225000008940697,-2.625,-0.824999988079071,5.79149961471558,6.0,5.68912506103516,6.0,6.0644998550415,6.0,0.0,0.0,0.0,-0.375,428.774993896484,0.375,65.4612045288086,,0
2022-05-01 22:40:00,0.0,9.86531257629395,0.610360860824585,1000,3.75371932983398,4,0,1.25,-2.625,0.3125,1.60219728946686,0.0,4.3125,-2.625,3.0,-62.5,3.0,-0.150000005960464,-2.625,-0.824999988079071,6.09375,6.0,5.9487190246582,6.0,5.70253133773804,6.0,0.0,0.0,0.0,-0.600000023841858,7.125,264.899993896484,57.4502182006836,,0
2022-05-01 22:45:00,-0.00187500007450581,9.87656211853027,0.610360860824585,1000,3.72320151329041,4,0,2.81249976158142,-3.875,0.625,1.60219728946686,0.0,4.5,-3.00000023841858,3.0,-62.5,3.0,-0.225000008940697,-2.625,-0.900000035762787,5.73421859741211,6.0,5.79515647888184,6.0,5.59893751144409,6.0,0.0,0.0,0.0,-0.300000011920929,6.375,312.75,50.3547744750977,,0
2022-05-01 22:50:00,0.0,9.91218757629395,0.610360860824585,1000,3.76287484169006,4,0,1.875,-3.375,0.9375,1.60219728946686,0.0,4.875,-3.00000023841858,2.5,-62.5,2.5,-0.150000005960464,-2.625,-0.824999988079071,5.99868726730347,6.0,5.95359420776367,6.0,6.01087522506714,6.0,0.0,0.0,0.0,-0.375,7.27500009536743,308.175018310547,45.3192977905273,,0
2022-05-01 22:55:00,-0.00187500007450581,9.88781261444092,0.762951076030731,1000,3.71862363815308,4,0,0.9375,-2.625,0.9375,1.37331199645996,0.0,4.3125,-2.625,3.0,-62.5,3.0,-0.150000005960464,-2.625,-0.824999988079071,5.63184356689453,6.0,5.77687454223633,6.0,5.44171905517578,6.0,0.0,0.0,0.0,-0.300000011920929,6.59999990463257,322.125,62.0279235839844,,0
2022-05-01 23:00:00,-0.00187500007450581,9.89437484741211,0.762951076030731,1000,3.70946836471558,4,0,1.875,-2.75,0.9375,1.60219728946686,0.0,5.0625,-2.25,3.0,-62.5,3.0,-0.150000005960464,-2.625,-0.900000035762787,5.52459383010864,6.0,5.53921890258789,6.0,5.80856227874756,6.0,0.0,0.0,0.0,-0.525000035762787,6.97500038146973,326.025024414063,75.5321578979492,,0
2022-05-01 23:05:00,0.0,9.890625,0.610360860824585,1000,3.79339265823364,4,0,0.3125,-3.25,0.9375,1.60219728946686,0.0,4.875,-2.25,3.0,-62.5,3.0,-0.150000005960464,-2.625,-0.824999988079071,5.62575006484985,6.0,5.58431243896484,6.0,5.91703128814697,6.0,0.0,0.0,0.0,-0.375,6.90000009536743,321.899993896484,47.6081466674805,,0
2022-05-01 23:10:00,-0.00125000008847564,9.88499927520752,0.610360860824585,1000,3.73693442344666,4,0,1.5625,-3.625,1.25,1.60219728946686,0.0,4.6875,-2.625,3.0,-62.5,3.0,-0.225000008940697,-2.625,-0.824999988079071,5.66840648651123,6.0,5.65256261825562,6.0,5.80490636825562,6.0,0.0,0.0,0.0,-0.375,6.45000028610229,312.524993896484,42.8015556335449,,0
2022-05-01 23:15:00,-0.00187500007450581,9.88687419891357,0.762951076030731,1000,3.76134896278381,4,0,1.25,-3.375,0.9375,1.37331199645996,0.0,4.6875,0.375000029802322,799.5,-62.5,799.5,-0.150000005960464,-2.625,-0.824999988079071,5.67937469482422,6.0,5.83050012588501,6.0,5.83171844482422,6.0,0.0,0.0,0.0,-0.375,6.52499961853027,321.075012207031,50.3547744750977,,0
2022-05-01 23:20:00,-0.000625000044237822,9.85968780517578,0.762951076030731,1000,3.76592659950256,4,0,2.1875,-4.0,0.9375,1.37331199645996,0.0,4.6875,1757.62487792969,1165.0,-62.5,1165.0,-0.150000005960464,-2.625,-0.824999988079071,5.52581262588501,6.0,5.68790626525879,6.0,5.98284387588501,6.0,0.0,0.0,0.0,-0.525000035762787,6.75000047683716,318.299987792969,34.5616836547852,,0
2022-05-01 23:25:00,-0.00187500007450581,9.87093734741211,0.762951076030731,1000,3.72472739219666,4,0,0.0,-3.5,0.9375,1.60219728946686,0.0,4.3125,1857.75,1275.5,-62.5,1275.5,-0.225000008940697,-2.625,-0.824999988079071,5.59406280517578,6.0,5.68790626525879,6.0,5.80246877670288,6.0,0.0,0.0,0.0,-0.525000035762787,7.87499952316284,323.100006103516,50.3547744750977,,0
2022-05-01 23:30:00,-0.000625000044237822,9.89718723297119,0.762951076030731,1000,3.74303817749023,4,0,0.3125,-3.0,0.625,1.60219728946686,0.0,4.875,1817.625,1294.5,-62.5,1294.5,-0.150000005960464,-2.625,-0.824999988079071,5.52337503433228,6.0,5.63549995422363,6.0,5.65134382247925,6.0,0.0,0.0,0.0,-0.375,6.52499961853027,325.050018310547,50.3547744750977,,0
2022-05-01 23:35:00,-0.000625000044237822,9.86343765258789,0.762951076030731,1000,3.78423738479614,4,0,0.0,-3.25,0.9375,1.60219728946686,0.0,4.3125,1837.12512207031,1445.5,-62.5,1445.5,-0.225000008940697,-2.625,-0.824999988079071,5.63184356689453,6.0,5.89753150939941,6.0,5.75006246566772,6.0,0.0,0.0,0.0,-0.450000017881393,5.47499990463257,329.024993896484,54.4747085571289,,0
2022-05-01 23:40:00,-0.000625000044237822,9.88687419891357,0.762951076030731,1000,3.73540854454041,4,0,1.875,-2.5,0.9375,1.60219728946686,0.0,4.5,1857.0,1237.5,-62.5,1237.5,-0.225000008940697,-2.625,-0.824999988079071,5.73178148269653,6.0,5.62209367752075,6.0,6.32165622711182,6.0,0.0,0.0,0.0,-0.450000017881393,6.75000047683716,317.625,63.1723518371582,,0
2022-05-01 23:45:00,-0.00125000008847564,9.89718723297119,0.610360860824585,1000,3.73235678672791,4,0,0.625,-2.625,0.625,1.60219728946686,0.0,4.875,1902.0,1244.0,-62.5,1244.0,-0.150000005960464,-2.625,-0.900000035762787,5.73787498474121,6.0,5.58796882629395,6.0,6.00600004196167,6.0,0.0,0.0,0.0,-0.450000017881393,5.69999980926514,333.75,52.643627166748,,0
2022-05-01 23:50:00,0.0,9.89906215667725,0.610360860824585,1000,3.71862363815308,4,0,2.5,-4.0,0.9375,1.60219728946686,0.0,4.5,1858.87487792969,1251.5,-62.5,1251.5,-0.150000005960464,-2.625,-0.900000035762787,5.57821893692017,6.0,5.63793754577637,6.0,6.06328105926514,6.0,0.0,0.0,0.0,-0.300000011920929,8.10000038146973,331.875,58.8235321044922,,0
2022-05-01 23:55:00,0.0,9.88125038146973,0.610360860824585,1000,3.75371932983398,4,0,2.1875,-4.25,0.625,1.60219728946686,0.0,4.5,1867.125,1344.5,-62.5,1344.5,-0.225000008940697,-2.625,-0.900000035762787,5.72690629959106,6.0,5.83171844482422,6.0,5.90606260299683,6.0,0.0,0.0,0.0,-0.375,6.45000028610229,322.125,53.5591659545898,,0
2022-05-02 00:00:00,-0.00187500007450581,9.88687419891357,0.610360860824585,1000,3.75371932983398,4,0,1.5625,-4.25,0.9375,1.60219728946686,0.0,4.875,1889.25,1261.0,-62.5,1261.0,-0.150000005960464,-2.625,-0.900000035762787,5.63184356689453,6.0,5.78540658950806,6.0,5.95603132247925,6.0,0.0,0.0,0.0,-0.450000017881393,5.84999990463257,319.799987792969,104.600593566895,,0
