Receptor_measurement1,Receptor_measurement2,Receptor_measurement3,Receptor_measurement4,Receptor_measurement5,Source_Location_X,Source_Location_Y,Source_Emission_rate,Wind_speed,wind_angle
0.013154,0.0066285,0.080934,0.00014978,0.013154,100,50,0.012874,3,0
0.00035639,0.00015505,0.0018932,3.50E-06,0.00035639,100,50,0.00034881,3,0
0.0048235,0.0048841,0.059636,0.00011036,0.0048235,100,50,0.012589,8,0
0.00098171,0.0052795,0.064463,0.0001193,0.00098171,100,50,0.0032027,10,0
0.0031468,0.00066866,0.0081644,1.51E-05,0.0031468,100,50,0.0082128,8,0
0.00076544,0.0034305,0.041887,7.75E-05,0.00076544,100,50,0.0019977,8,0
0.017641,0.013141,0.16045,0.00029693,0.017641,100,50,0.011511,2,0
0.0069659,0.0076557,0.093476,0.00017299,0.0069659,100,50,0.013635,6,0
0.00075329,0.005015,0.061233,0.00011332,0.00075329,100,50,0.001966,8,0
0.0020169,0.0066285,0.080934,0.00014978,0.0020169,100,50,0.0052638,8,0
0.00065609,0.0018461,0.022541,4.17E-05,0.00065609,100,50,0.0017123,8,0
0.037616,0.017909,0.21866,0.00040466,0.037616,100,50,0.012272,1,0
0.013802,0.0050004,0.061055,0.00011299,0.013802,100,50,0.013508,3,0
0.0058319,0.02163,0.2641,0.00048875,0.0058319,100,50,0.0038052,2,0
0.0083979,0.00067448,0.0082354,1.52E-05,0.0083979,100,50,0.013699,5,0
0.010376,0.0018897,0.023073,4.27E-05,0.010376,100,50,0.01354,4,0
0.013608,0.014943,0.18246,0.00033766,0.013608,100,50,0.0088787,2,0
0.0052244,0.0011193,0.013666,2.53E-05,0.0052244,100,50,0.013635,8,0
0.00243,0.033142,0.40467,0.00074889,0.00243,100,50,0.00079274,1,0
0.0037713,0.0029305,0.035781,6.62E-05,0.0037713,100,50,0.012303,10,0
0.0071441,0.0092159,0.11253,0.00020824,0.0071441,100,50,0.0093227,4,0
0.0018856,0.00074425,0.0090873,1.68E-05,0.0018856,100,50,0.0030758,5,0
0.0019579,0.00089709,0.010953,2.03E-05,0.0019579,100,50,0.0044711,7,0
0.027702,0.045004,0.5495,0.0010169,0.027702,100,50,0.0090373,1,0
0.0066289,0.008931,0.10905,0.00020181,0.0066289,100,50,0.010813,5,0
0.04267,0.040585,0.49554,0.00091706,0.04267,100,50,0.013921,1,0
0.0050759,0.0038246,0.046699,8.64E-05,0.0050759,100,50,0.014904,9,0
0.0078002,0.0019188,0.023428,4.34E-05,0.0078002,100,50,0.010179,4,0
0.0082035,0.010792,0.13177,0.00024385,0.0082035,100,50,0.013382,5,0
0.0014688,0.0040314,0.049223,9.11E-05,0.0014688,100,50,0.0043125,9,0
0.00095255,0.011559,0.14114,0.00026119,0.00095255,100,50,0.0015538,5,0
0.0078083,0.0076945,0.09395,0.00017386,0.0078083,100,50,0.015284,6,0
0.0040532,0.0038143,0.046573,8.62E-05,0.0040532,100,50,0.013223,10,0
0.0017172,0.0062925,0.076832,0.00014219,0.0017172,100,50,0.0050419,9,0
0.0001296,0.0060083,0.073361,0.00013576,0.0001296,100,50,0.00025368,6,0
0.0032561,0.0073262,0.089453,0.00016554,0.0032561,100,50,0.0021246,2,0
0.012441,0.026979,0.32942,0.00060962,0.012441,100,50,0.0040589,1,0
0.0023744,0.0055487,0.067749,0.00012538,0.0023744,100,50,0.0054224,7,0
0.021043,0.013664,0.16684,0.00030875,0.021043,100,50,0.01373,2,0
0.030423,0.014769,0.18033,0.00033372,0.030423,100,50,0.0099252,1,0
0.007946,0.0030526,0.037272,6.90E-05,0.007946,100,50,0.010369,4,0
0.0068455,0.0029405,0.035903,6.64E-05,0.0068455,100,50,0.015633,7,0
0.0002916,0.012559,0.15335,0.00028379,0.0002916,100,50,0.00028539,3,0
0.0015012,0.0010983,0.01341,2.48E-05,0.0015012,100,50,0.0044077,9,0
0.010643,0.0081402,0.099393,0.00018394,0.010643,100,50,0.013889,4,0
0.0045562,0.0023403,0.028575,5.29E-05,0.0045562,100,50,0.011891,8,0
0.017593,0.015176,0.1853,0.00034291,0.017593,100,50,0.011479,2,0
0.0060652,0.0093031,0.11359,0.00021021,0.0060652,100,50,0.0098935,5,0
0.0005832,0.019188,0.23428,0.00043357,0.0005832,100,50,0.00019026,1,0
0.0018711,0.00059598,0.007277,1.35E-05,0.0018711,100,50,0.0048833,8,0
0.001566,0.0057628,0.070364,0.00013022,0.001566,100,50,0.0045979,9,0
0.012474,0.0056594,0.069101,0.00012788,0.012474,100,50,0.012208,3,0
0.0048275,0.014769,0.18033,0.00033371,0.0048275,100,50,0.0047248,3,0
0.0034019,0.0052912,0.064605,0.00011956,0.0034019,100,50,0.0088787,8,0
0.038588,0.038027,0.46431,0.00085925,0.038588,100,50,0.012589,1,0
0.0031428,0.018451,0.22529,0.00041692,0.0031428,100,50,0.0030758,3,0
0.0069983,0.015118,0.18459,0.0003416,0.0069983,100,50,0.0045662,2,0
0.036255,0.0041864,0.051116,9.46E-05,0.036255,100,50,0.011828,1,0
0.0045128,0.00054822,0.0066938,1.24E-05,0.0045128,100,50,0.010306,7,0
0.013446,0.0025971,0.031711,5.87E-05,0.013446,100,50,0.01316,3,0
0.0002673,0.0012501,0.015264,2.82E-05,0.0002673,100,50,0.00069762,8,0
0.0039203,0.0022612,0.027609,5.11E-05,0.0039203,100,50,0.011511,9,0
0.012182,0.011435,0.13962,0.00025839,0.012182,100,50,0.011923,3,0
0.0049571,0.0097295,0.1188,0.00021985,0.0049571,100,50,0.0048516,3,0
0.0050543,0.00014213,0.0017354,3.21E-06,0.0050543,100,50,0.01484,9,0
0.0035639,0.0025196,0.030764,5.69E-05,0.0035639,100,50,0.0069762,6,0
0.012182,0.014769,0.18033,0.00033371,0.012182,100,50,0.011923,3,0
0.0025272,0.048725,0.59494,0.001101,0.0025272,100,50,0.00082445,1,0
0.0085534,0.0012792,0.015619,2.89E-05,0.0085534,100,50,0.011162,4,0
0.0033776,0.0033433,0.040822,7.55E-05,0.0033776,100,50,0.0088153,8,0
0.00066095,0.0019653,0.023996,4.44E-05,0.00066095,100,50,0.0021563,10,0
0.0018176,0.0043841,0.05353,9.91E-05,0.0018176,100,50,0.0059297,10,0
0.0057736,0.0099776,0.12183,0.00022545,0.0057736,100,50,0.0094178,5,0
0.015309,0.0006396,0.0078094,1.45E-05,0.015309,100,50,0.0099886,2,0
7.78E-05,0.0024653,0.030102,5.57E-05,7.78E-05,100,50,0.00025368,10,0
0.0048599,0.025118,0.3067,0.00056758,0.0048599,100,50,0.0015855,1,0
0.0030034,0.0056633,0.069149,0.00012797,0.0030034,100,50,0.0097983,10,0
0.0075653,0.0070549,0.08614,0.00015941,0.0075653,100,50,0.014808,6,0
0.00087479,0.0062215,0.075964,0.00014058,0.00087479,100,50,0.0011416,4,0
0.0024577,0.0043027,0.052536,9.72E-05,0.0024577,100,50,0.0056126,7,0
0.0086701,0.0018141,0.02215,4.10E-05,0.0086701,100,50,0.014143,5,0
0.047044,0.028956,0.35355,0.00065429,0.047044,100,50,0.015348,1,0
0.0031967,0.0061892,0.07557,0.00013985,0.0031967,100,50,0.0093861,9,0
0.018516,0.025991,0.31735,0.00058728,0.018516,100,50,0.012081,2,0
0.0029281,0.0022967,0.028043,5.19E-05,0.0029281,100,50,0.0076421,8,0
0.0040435,0.0086054,0.10507,0.00019445,0.0040435,100,50,0.0065956,5,0
0.0071927,7.75E-05,0.0009466,1.75E-06,0.0071927,100,50,0.0070396,3,0
0.0011542,0.0048987,0.059813,0.00011069,0.0011542,100,50,0.0030124,8,0
0.0012497,0.0026248,0.032049,5.93E-05,0.0012497,100,50,0.0028539,7,0
0.0033803,0.0040055,0.048907,9.05E-05,0.0033803,100,50,0.0099252,9,0
0.0034141,0.0072681,0.088743,0.00016423,0.0034141,100,50,0.0089105,8,0
0.0011525,0.0028242,0.034483,6.38E-05,0.0011525,100,50,0.0026319,7,0
0.00216,0.0059307,0.072415,0.00013401,0.00216,100,50,0.006342,9,0
0.00079919,0.0012404,0.015146,2.80E-05,0.00079919,100,50,0.0023465,9,0
0.0046412,0.011978,0.14625,0.00027065,0.0046412,100,50,0.0060566,4,0
0.0048321,0.0032395,0.039554,7.32E-05,0.0048321,100,50,0.011035,7,0
0.00016524,0.0031863,0.038905,7.20E-05,0.00016524,100,50,0.00053907,10,0
0.00045359,0.0030041,0.036681,6.79E-05,0.00045359,100,50,0.00088787,6,0
0.026924,0.008024,0.097973,0.00018131,0.026924,100,50,0.0087836,1,0
0.014726,0.026223,0.32019,0.00059254,0.014726,100,50,0.0096081,2,0
0.001458,0.0032997,0.040289,7.46E-05,0.001458,100,50,0.0038052,8,0
0.0053999,0.0015893,0.019405,3.59E-05,0.0053999,100,50,0.015855,9,0
3.24E-05,0.009652,0.11785,0.0002181,3.24E-05,100,50,3.17E-05,3,0
0.00045359,0.0017056,0.020825,3.85E-05,0.00045359,100,50,0.00044394,3,0
0.048405,0.00081406,0.0099393,1.84E-05,0.048405,100,50,0.015791,1,0
0.03538,0.048841,0.59636,0.0011036,0.03538,100,50,0.011542,1,0
0.0047141,0.0058145,0.070995,0.00013138,0.0047141,100,50,0.0061517,4,0
0.0020047,0.0035468,0.043307,8.01E-05,0.0020047,100,50,0.0052321,8,0
0.0022113,0.0061052,0.074544,0.00013795,0.0022113,100,50,0.0028856,4,0
0.0034991,0.0074658,0.091157,0.0001687,0.0034991,100,50,0.0057078,5,0
0.010813,0.0038375,0.046856,8.67E-05,0.010813,100,50,0.014111,4,0
0.0039268,0.0092334,0.11274,0.00020864,0.0039268,100,50,0.0064054,5,0
0.016524,0.009652,0.11785,0.0002181,0.016524,100,50,0.0053907,1,0
0.0045683,0.0072293,0.08827,0.00016335,0.0045683,100,50,0.0089422,6,0
0.0034575,0.0059972,0.073226,0.00013551,0.0034575,100,50,0.0078957,7,0
0.0044989,0.0066285,0.080934,0.00014978,0.0044989,100,50,0.010274,7,0
0.0024786,0.0091868,0.11217,0.00020759,0.0024786,100,50,0.0032344,4,0
0.0035477,0.0044045,0.053778,9.95E-05,0.0035477,100,50,0.0092593,8,0
0.0035477,0.0022386,0.027333,5.06E-05,0.0035477,100,50,0.0092593,8,0
0.00097199,0.006768,0.082638,0.00015293,0.00097199,100,50,0.0015855,5,0
0.0078245,0.013664,0.16684,0.00030875,0.0078245,100,50,0.0051053,2,0
0.021238,0.019827,0.24209,0.00044802,0.021238,100,50,0.013857,2,0
0.00030779,0.00029072,0.0035497,6.57E-06,0.00030779,100,50,0.00060249,6,0
0.0037227,0.0050469,0.061623,0.00011404,0.0037227,100,50,0.012145,10,0
0.00073871,0.0087682,0.10706,0.00019813,0.00073871,100,50,0.001205,5,0
0.0066338,0.010989,0.13418,0.00024831,0.0066338,100,50,0.0086568,4,0
0.041406,0.024537,0.2996,0.00055444,0.041406,100,50,0.013508,1,0
0.023522,0.020699,0.25274,0.00046773,0.023522,100,50,0.015348,2,0
0.042184,0.04198,0.51258,0.00094859,0.042184,100,50,0.013762,1,0
0.0036158,0.003698,0.045153,8.36E-05,0.0036158,100,50,0.005898,5,0
0.0059939,0.018025,0.22008,0.00040729,0.0059939,100,50,0.0058663,3,0
0.0013413,0.0093962,0.11473,0.00021232,0.0013413,100,50,0.002188,5,0
3.65E-05,0.002602,0.03177,5.88E-05,3.65E-05,100,50,9.51E-05,8,0
0.022113,0.011106,0.1356,0.00025094,0.022113,100,50,0.014428,2,0
0.0079119,0.0044655,0.054524,0.0001009,0.0079119,100,50,0.012906,5,0
0.0049571,0.011106,0.1356,0.00025094,0.0049571,100,50,0.0032344,2,0
0.0032075,0.002874,0.035092,6.49E-05,0.0032075,100,50,0.007325,7,0
0.011891,0.011047,0.13489,0.00024963,0.011891,100,50,0.011637,3,0
0.00033326,0.0079077,0.096553,0.00017868,0.00033326,100,50,0.00076104,7,0
0.0057833,0.0067884,0.082886,0.00015339,0.0057833,100,50,0.015094,8,0
0.012101,0.016978,0.2073,0.00038364,0.012101,100,50,0.0078957,2,0
0.0048502,0.0044771,0.054666,0.00010117,0.0048502,100,50,0.015823,10,0
7.56E-05,0.0038505,0.047014,8.70E-05,7.56E-05,100,50,0.00022197,9,0
0.0057541,0.0018374,0.022434,4.15E-05,0.0057541,100,50,0.0093861,5,0
0.0020736,0.0029201,0.035655,6.60E-05,0.0020736,100,50,0.0060883,9,0
0.0030617,0.0035817,0.043733,8.09E-05,0.0030617,100,50,0.0099886,10,0
0.00057239,0.0019252,0.023507,4.35E-05,0.00057239,100,50,0.0016806,9,0
0.0045899,0.0037083,0.045279,8.38E-05,0.0045899,100,50,0.013477,9,0
0.0015228,0.0022483,0.027451,5.08E-05,0.0015228,100,50,0.0029807,6,0
0.00012636,0.00032561,0.0039757,7.36E-06,0.00012636,100,50,0.00041223,10,0
0.0043739,0.0027263,0.033289,6.16E-05,0.0043739,100,50,0.012842,9,0
0.0049085,0.0034596,0.042242,7.82E-05,0.0049085,100,50,0.0064054,4,0
0.0034505,0.0031863,0.038905,7.20E-05,0.0034505,100,50,0.011257,10,0
0.00077759,0.0027444,0.033509,6.20E-05,0.00077759,100,50,0.0012684,5,0
0.0063665,0.027793,0.33935,0.00062801,0.0063665,100,50,0.004154,2,0
0.0064151,0.00026166,0.0031948,5.91E-06,0.0064151,100,50,0.0083714,4,0
0.0029937,0.0020699,0.025274,4.68E-05,0.0029937,100,50,0.0097666,10,0
0.0060627,0.004012,0.048986,9.07E-05,0.0060627,100,50,0.015823,8,0
0.0001296,0.0086442,0.10555,0.00019532,0.0001296,100,50,0.00012684,3,0
0.0037033,0.00514,0.062759,0.00011614,0.0037033,100,50,0.012081,10,0
0.00243,0.029072,0.35497,0.00065692,0.00243,100,50,0.00079274,1,0
0.0016645,0.0018461,0.022541,4.17E-05,0.0016645,100,50,0.0043442,8,0
0.0038231,0.00080111,0.0097815,1.81E-05,0.0038231,100,50,0.011225,9,0
0.0038879,0.020118,0.24564,0.00045459,0.0038879,100,50,0.0025368,2,0
0.0068039,0.0020932,0.025558,4.73E-05,0.0068039,100,50,0.0088787,4,0
0.0066373,0.0039538,0.048276,8.93E-05,0.0066373,100,50,0.015157,7,0
0.024251,0.011687,0.1427,0.00026408,0.024251,100,50,0.015823,2,0
0.0043323,0.0018772,0.022921,4.24E-05,0.0043323,100,50,0.0098935,7,0
0.0022356,0.0029218,0.035675,6.60E-05,0.0022356,100,50,0.0058346,8,0
0.045586,0.022444,0.27404,0.00050714,0.045586,100,50,0.014872,1,0
0.001283,0.0091636,0.11189,0.00020706,0.001283,100,50,0.0020928,5,0
0.013559,0.0081984,0.1001,0.00018525,0.013559,100,50,0.008847,2,0
0.0048923,0.00019382,0.0023665,4.38E-06,0.0048923,100,50,0.0047882,3,0
0.020314,0.024886,0.30386,0.00056232,0.020314,100,50,0.013255,2,0
0.019342,0.054888,0.67019,0.0012403,0.019342,100,50,0.0063102,1,0
0.021286,0.0018606,0.022718,4.20E-05,0.021286,100,50,0.0069444,1,0
0.0065933,0.0062409,0.076201,0.00014102,0.0065933,100,50,0.012906,6,0
0.0041656,0.00044855,0.0054767,1.01E-05,0.0041656,100,50,0.0095129,7,0
0.0030909,0.00040701,0.0049696,9.20E-06,0.0030909,100,50,0.010084,10,0
0.00068039,0.0052828,0.064504,0.00011937,0.00068039,100,50,0.0015538,7,0
0.016621,0.0041864,0.051116,9.46E-05,0.016621,100,50,0.010845,2,0
0.0032075,0.0032949,0.04023,7.45E-05,0.0032075,100,50,0.0094178,9,0
0.0013413,0.0018839,0.023002,4.26E-05,0.0013413,100,50,0.002188,5,0
0.0058319,0.012821,0.15654,0.0002897,0.0058319,100,50,0.0076104,4,0
0.0038491,0.0024304,0.029676,5.49E-05,0.0038491,100,50,0.012557,10,0
0.0071344,0.011094,0.13546,0.00025068,0.0071344,100,50,0.011637,5,0
0.0056764,0.0096287,0.11757,0.00021757,0.0056764,100,50,0.0092593,5,0
0.005793,0.00025584,0.0031238,5.78E-06,0.005793,100,50,0.0094495,5,0
0.000972,0.018955,0.23144,0.00042831,0.000972,100,50,0.0003171,1,0
0.0014163,0.0062132,0.075863,0.00014039,0.0014163,100,50,0.0032344,7,0
0.001944,0.0012792,0.015619,2.89E-05,0.001944,100,50,0.0019026,3,0
0.0038015,0.0037083,0.045279,8.38E-05,0.0038015,100,50,0.011162,9,0
0.0002673,0.0069192,0.084484,0.00015635,0.0002673,100,50,0.00034881,4,0
0.0080999,0.0089543,0.10933,0.00020233,0.0080999,100,50,0.015855,6,0
0.0065123,0.0015408,0.018814,3.48E-05,0.0065123,100,50,0.0084982,4,0
0.01134,0.0054656,0.066735,0.0001235,0.01134,100,50,0.011098,3,0
0.016329,0.053609,0.65457,0.0012114,0.016329,100,50,0.0053272,1,0
0.0019926,0.0032561,0.039757,7.36E-05,0.0019926,100,50,0.0013001,2,0
0.0029807,0.0023775,0.029029,5.37E-05,0.0029807,100,50,0.0087519,9,0
0.0027493,0.0057812,0.070589,0.00013063,0.0027493,100,50,0.0062785,7,0
0.0031103,0.0074425,0.090873,0.00016817,0.0031103,100,50,0.0020294,2,0
0.030812,0.030351,0.37059,0.00068582,0.030812,100,50,0.010052,1,0
0.0068428,0.0010233,0.012495,2.31E-05,0.0068428,100,50,0.011162,5,0
0.02498,0.027793,0.33935,0.00062801,0.02498,100,50,0.0081494,1,0
0.015779,0.011358,0.13868,0.00025664,0.015779,100,50,0.015443,3,0
0.0096712,0.018083,0.22079,0.0004086,0.0096712,100,50,0.0063102,2,0
0.001782,0.0058145,0.070995,0.00013138,0.001782,100,50,0.0052321,9,0
0.00050543,0.0023956,0.02925,5.41E-05,0.00050543,100,50,0.0016489,10,0
0.0347,0.053028,0.64747,0.0011982,0.0347,100,50,0.01132,1,0
0.005759,0.012763,0.15583,0.00028839,0.005759,100,50,0.0075152,4,0
0.010668,0.0081984,0.1001,0.00018525,0.010668,100,50,0.013921,4,0
0.0049247,0.0063442,0.077463,0.00014335,0.0049247,100,50,0.01446,9,0
0.017593,0.0006396,0.0078094,1.45E-05,0.017593,100,50,0.011479,2,0
0.00080536,0.0070106,0.085599,0.00015841,0.00080536,100,50,0.0018392,7,0
0.033436,0.0019769,0.024138,4.47E-05,0.033436,100,50,0.010908,1,0
0.00049679,0.001305,0.015934,2.95E-05,0.00049679,100,50,0.0014587,9,0
0.00047384,0.00097392,0.011892,2.20E-05,0.00047384,100,50,0.0012367,8,0
0.014515,0.0074813,0.091346,0.00016905,0.014515,100,50,0.014206,3,0
0.0013802,0.0008024,0.0097973,1.81E-05,0.0013802,100,50,0.0045028,10,0
0.0031103,0.0039704,0.048479,8.97E-05,0.0031103,100,50,0.007103,7,0
0.0029743,0.00074425,0.0090873,1.68E-05,0.0029743,100,50,0.0097032,10,0
0.00048599,0.0048405,0.059103,0.00010938,0.00048599,100,50,0.0012684,8,0
0.0096226,0.00093032,0.011359,2.10E-05,0.0096226,100,50,0.0094178,3,0
0.011469,0.009245,0.11288,0.0002089,0.011469,100,50,0.0074835,2,0
0.011882,0.0062215,0.075964,0.00014058,0.011882,100,50,0.015506,4,0
0.0001944,0.003291,0.040183,7.44E-05,0.0001944,100,50,0.0006342,10,0
0.0022356,0.0026414,0.032252,5.97E-05,0.0022356,100,50,0.0051053,7,0
0.0064984,0.0046183,0.05639,0.00010436,0.0064984,100,50,0.01484,7,0
0.00025272,0.0077681,0.094849,0.00017553,0.00025272,100,50,0.00041223,5,0
0.0020655,0.0071809,0.087678,0.00016226,0.0020655,100,50,0.0053907,8,0
0.0010553,0.0044688,0.054564,0.00010098,0.0010553,100,50,0.0024099,7,0
0.0079217,0.024886,0.30386,0.00056232,0.0079217,100,50,0.0051687,2,0
0.0038555,0.0016151,0.019721,3.65E-05,0.0038555,100,50,0.01132,9,0
0.0068849,0.0047291,0.057742,0.00010686,0.0068849,100,50,0.013477,6,0
0.0042875,0.0052718,0.064368,0.00011912,0.0042875,100,50,0.012589,9,0
0.00035235,0.0030817,0.037627,6.96E-05,0.00035235,100,50,0.00091958,8,0
0.0047195,7.75E-05,0.0009466,1.75E-06,0.0047195,100,50,0.013857,9,0
0.0036449,0.0029654,0.036207,6.70E-05,0.0036449,100,50,0.0071347,6,0
0.0051151,0.0035614,0.043484,8.05E-05,0.0051151,100,50,0.01335,8,0
0.0027604,0.0037561,0.045863,8.49E-05,0.0027604,100,50,0.0090056,10,0
0.039074,0.026281,0.3209,0.00059385,0.039074,100,50,0.012747,1,0
0.0071927,0.0040895,0.049933,9.24E-05,0.0071927,100,50,0.014079,6,0
0.0060911,0.018839,0.23002,0.00042568,0.0060911,100,50,0.0059614,3,0
0.018079,0.0019188,0.023428,4.34E-05,0.018079,100,50,0.011796,2,0
0.0013608,0.0096908,0.11832,0.00021897,0.0013608,100,50,0.0026636,6,0
0.0013413,0.0035119,0.042881,7.94E-05,0.0013413,100,50,0.004376,10,0
0.022015,0.019362,0.23641,0.00043751,0.022015,100,50,0.014365,2,0
0.022258,0.0023258,0.028398,5.26E-05,0.022258,100,50,0.014523,2,0
0.021189,0.039887,0.48702,0.00090129,0.021189,100,50,0.0069127,1,0
0.0030715,0.011234,0.13716,0.00025383,0.0030715,100,50,0.0050101,5,0
0.0032399,5.81E-05,0.00070995,1.31E-06,0.0032399,100,50,0.006342,6,0
0.0010692,0.0091868,0.11217,0.00020759,0.0010692,100,50,0.00034881,1,0
0.0013802,0.0049772,0.060771,0.00011246,0.0013802,100,50,0.0045028,10,0
0.0037324,0.0057447,0.070143,0.00012981,0.0037324,100,50,0.012177,10,0
0.0072737,0.0029654,0.036207,6.70E-05,0.0072737,100,50,0.014238,6,0
0.011324,0.0036631,0.044727,8.28E-05,0.011324,100,50,0.0073884,2,0
0.004301,0.0048405,0.059103,0.00010938,0.004301,100,50,0.011225,8,0
0.041406,0.037794,0.46147,0.00085399,0.041406,100,50,0.013508,1,0
0.0032076,0.02663,0.32516,0.00060174,0.0032076,100,50,0.0010464,1,0
0.0092338,0.014245,0.17394,0.00032189,0.0092338,100,50,0.01205,4,0
0.0030715,0.0058028,0.070853,0.00013112,0.0030715,100,50,0.01002,10,0
0.0011542,0.0011484,0.014021,2.59E-05,0.0011542,100,50,0.0030124,8,0
0.00451,0.0037794,0.046147,8.54E-05,0.00451,100,50,0.014713,10,0
0.0064567,0.004718,0.057607,0.00010661,0.0064567,100,50,0.014745,7,0
0.002754,0.0021837,0.026662,4.93E-05,0.002754,100,50,0.008086,9,0
0.0020047,0.00065413,0.0079869,1.48E-05,0.0020047,100,50,0.0052321,8,0
0.032659,0.05547,0.67729,0.0012534,0.032659,100,50,0.010654,1,0
0.024154,0.00093033,0.011359,2.10E-05,0.024154,100,50,0.01576,2,0
0.008845,0.0090706,0.11075,0.00020496,0.008845,100,50,0.0057712,2,0
0.0048599,0.0028345,0.03461,6.41E-05,0.0048599,100,50,0.012684,8,0
0.0044614,0.00094194,0.011501,2.13E-05,0.0044614,100,50,0.014555,10,0
0.00059291,0.00074425,0.0090873,1.68E-05,0.00059291,100,50,0.0019343,10,0
0.005431,0.0057127,0.069752,0.00012908,0.005431,100,50,0.014174,8,0
0.004092,0.0033026,0.040325,7.46E-05,0.004092,100,50,0.01335,10,0
0.00046655,0.00081402,0.0099393,1.84E-05,0.00046655,100,50,0.0015221,10,0
0.0043545,0.0035119,0.042881,7.94E-05,0.0043545,100,50,0.007103,5,0
0.021918,0.027619,0.33722,0.00062407,0.021918,100,50,0.014301,2,0
4.86E-05,0.0035468,0.043307,8.01E-05,4.86E-05,100,50,0.00012684,8,0
0.0019683,0.0060616,0.074012,0.00013697,0.0019683,100,50,0.005137,8,0
0.0032075,0.0069628,0.085016,0.00015733,0.0032075,100,50,0.0083714,8,0
0.0038491,0.0018839,0.023002,4.26E-05,0.0038491,100,50,0.012557,10,0
0.045392,0.020002,0.24422,0.00045196,0.045392,100,50,0.014808,1,0
0.039754,0.016862,0.20588,0.00038101,0.039754,100,50,0.012969,1,0
0.0015066,0.0027037,0.033013,6.11E-05,0.0015066,100,50,0.001966,4,0
0.001458,0.0056982,0.069575,0.00012876,0.001458,100,50,0.0023782,5,0
0.0054431,0.0029848,0.036444,6.74E-05,0.0054431,100,50,0.0053272,3,0
0.0083591,0.0039248,0.047921,8.87E-05,0.0083591,100,50,0.010908,4,0
0.0074681,0.0020157,0.024611,4.55E-05,0.0074681,100,50,0.014618,6,0
0.016184,0.028723,0.35071,0.00064903,0.016184,100,50,0.010559,2,0
0.022939,0.0066866,0.081644,0.00015109,0.022939,100,50,0.014967,2,0
0.017107,0.054191,0.66167,0.0012245,0.017107,100,50,0.0055809,1,0
0.0044225,0.011047,0.13489,0.00024963,0.0044225,100,50,0.0028856,2,0
0.00098414,0.0071372,0.087146,0.00016127,0.00098414,100,50,0.0025685,8,0
0.00034019,0.0013373,0.016329,3.02E-05,0.00034019,100,50,0.00066591,6,0
0.0023133,0.0047795,0.058358,0.000108,0.0023133,100,50,0.0075469,10,0
0.012701,0.008024,0.097973,0.00018131,0.012701,100,50,0.01243,3,0
0.0012312,0.00031011,0.0037864,7.01E-06,0.0012312,100,50,0.0024099,6,0
0.038977,0.041515,0.5069,0.00093808,0.038977,100,50,0.012716,1,0
0.016038,0.013199,0.16116,0.00029824,0.016038,100,50,0.010464,2,0
0.0030563,0.0030364,0.037075,6.86E-05,0.0030563,100,50,0.0089739,9,0
0.0001701,0.0077623,0.094778,0.0001754,0.0001701,100,50,0.00022197,4,0
0.022064,0.010117,0.12353,0.00022861,0.022064,100,50,0.014396,2,0
0.0054917,0.0080821,0.098683,0.00018262,0.0054917,100,50,0.01075,6,0
0.030812,0.040469,0.49412,0.00091443,0.030812,100,50,0.010052,1,0
0.002187,0.00564,0.068865,0.00012744,0.002187,100,50,0.0042808,6,0
0.0045489,0.0080007,0.097689,0.00018078,0.0045489,100,50,0.0074201,5,0
0.0030982,0.0036486,0.044549,8.24E-05,0.0030982,100,50,0.008086,8,0
0.00017496,0.0080007,0.097689,0.00018078,0.00017496,100,50,0.00028539,5,0
0.01803,0.0080821,0.098683,0.00018262,0.01803,100,50,0.011764,2,0
0.003956,0.0013722,0.016755,3.10E-05,0.003956,100,50,0.012906,10,0
0.0014288,0.0044771,0.054666,0.00010117,0.0014288,100,50,0.0046613,10,0
0.0006665,0.00031564,0.003854,7.13E-06,0.0006665,100,50,0.0015221,7,0
0.017301,0.0034887,0.042597,7.88E-05,0.017301,100,50,0.0056443,1,0
0.0004536,0.0088186,0.10768,0.00019926,0.0004536,100,50,0.00088787,6,0
0.0047627,0.005964,0.07282,0.00013476,0.0047627,100,50,0.010876,7,0
0.0077597,0.002132,0.026031,4.82E-05,0.0077597,100,50,0.015189,6,0
0.0098413,0.0092741,0.11324,0.00020956,0.0098413,100,50,0.012842,4,0
0.029743,0.009652,0.11785,0.0002181,0.029743,100,50,0.0097032,1,0
0.0082943,0.011861,0.14483,0.00026802,0.0082943,100,50,0.0081177,3,0
0.0012393,0.0025293,0.030883,5.72E-05,0.0012393,100,50,0.0032344,8,0
0.0019116,0.0088767,0.10839,0.00020058,0.0019116,100,50,0.0018709,3,0
2.43E-05,0.0059744,0.072947,0.000135,2.43E-05,100,50,6.34E-05,8,0
0.0014256,0.0040572,0.049539,9.17E-05,0.0014256,100,50,0.0041857,9,0
0.010465,0.018451,0.22529,0.00041692,0.010465,100,50,0.010242,3,0
0.00065609,2.91E-05,0.00035497,6.57E-07,0.00065609,100,50,0.00085616,4,0
0.00071279,0.0051813,0.063264,0.00011708,0.00071279,100,50,0.0020928,9,0
0.00015552,0.0033375,0.040751,7.54E-05,0.00015552,100,50,0.00050736,10,0
0.0027094,0.0060616,0.074012,0.00013697,0.0027094,100,50,0.0070713,8,0
0.0013608,0.0018994,0.023192,4.29E-05,0.0013608,100,50,0.0026636,6,0
0.0018346,0.006454,0.078804,0.00014584,0.0018346,100,50,0.0047882,8,0
0.012992,0.011861,0.14483,0.00026802,0.012992,100,50,0.012716,3,0
0.0011275,0.0096055,0.11728,0.00021705,0.0011275,100,50,0.0018392,5,0
0.0061235,0.0028408,0.034686,6.42E-05,0.0061235,100,50,0.013984,7,0
0.0088839,0.010582,0.12921,0.00023912,0.0088839,100,50,0.014491,5,0
0.0010692,0.040469,0.49412,0.00091443,0.0010692,100,50,0.00034881,1,0
0.0025596,0.0032367,0.03952,7.31E-05,0.0025596,100,50,0.0050101,6,0
0.015795,0.017618,0.21511,0.00039809,0.015795,100,50,0.010306,2,0
0.015066,0.00058146,0.0070995,1.31E-05,0.015066,100,50,0.014745,3,0
0.01769,0.017269,0.21085,0.00039021,0.01769,100,50,0.011542,2,0
0.012182,0.0046516,0.056796,0.00010511,0.012182,100,50,0.011923,3,0
0.00035639,0.00046516,0.0056796,1.05E-05,0.00035639,100,50,0.00069762,6,0
0.0039463,0.0092101,0.11246,0.00020811,0.0039463,100,50,0.0064371,5,0
0.0044711,0.027909,0.34077,0.00063064,0.0044711,100,50,0.0014587,1,0
0.0010692,0.0045207,0.055198,0.00010215,0.0010692,100,50,0.0027905,8,0
0.0063665,0.0017734,0.021653,4.01E-05,0.0063665,100,50,0.008308,4,0
0.00902,0.01142,0.13943,0.00025804,0.00902,100,50,0.014713,5,0
0.02289,0.026747,0.32658,0.00060436,0.02289,100,50,0.014935,2,0
0.0011275,0.0092799,0.11331,0.00020969,0.0011275,100,50,0.0018392,5,0
0.024202,0.025584,0.31238,0.00057809,0.024202,100,50,0.015791,2,0
0.00042119,0.0032173,0.039284,7.27E-05,0.00042119,100,50,0.00041223,3,0
0.0021967,0.0030235,0.036917,6.83E-05,0.0021967,100,50,0.0035832,5,0
0.0033048,0.021572,0.26339,0.00048743,0.0033048,100,50,0.0021563,2,0
0.048113,0.00011633,0.0014199,2.63E-06,0.048113,100,50,0.015696,1,0
0.0021772,0.0084193,0.1028,0.00019024,0.0021772,100,50,0.0035515,5,0
0.0029591,0.0039151,0.047803,8.85E-05,0.0029591,100,50,0.0086885,9,0
0.01539,0.0093419,0.11406,0.00021109,0.01539,100,50,0.015062,3,0
0.0055209,0.010582,0.12921,0.00023912,0.0055209,100,50,0.0090056,5,0
0.045586,0.037794,0.46147,0.00085399,0.045586,100,50,0.014872,1,0
0.00088867,0.0012127,0.014807,2.74E-05,0.00088867,100,50,0.0020294,7,0
0.0042962,0.0053958,0.065883,0.00012192,0.0042962,100,50,0.0070079,5,0
0.0063373,0.0016281,0.019879,3.68E-05,0.0063373,100,50,0.010337,5,0
0.009979,0.014652,0.17891,0.00033109,0.009979,100,50,0.0097666,3,0
0.0096226,0.0032561,0.039757,7.36E-05,0.0096226,100,50,0.012557,4,0
0.0018225,0.0031834,0.03887,7.19E-05,0.0018225,100,50,0.0047565,8,0
0.031687,0.0040701,0.049696,9.20E-05,0.031687,100,50,0.010337,1,0
0.0036061,0.0016978,0.02073,3.84E-05,0.0036061,100,50,0.011764,10,0
0.0022647,0.0010931,0.013347,2.47E-05,0.0022647,100,50,0.0073884,10,0
0.014142,0.021106,0.25771,0.00047692,0.014142,100,50,0.0092275,2,0
0.0060652,0.00095357,0.011643,2.15E-05,0.0060652,100,50,0.0098935,5,0
0.0026352,0.005078,0.062002,0.00011474,0.0026352,100,50,0.0077372,9,0
0.0028188,0.012065,0.14731,0.00027262,0.0028188,100,50,0.0036783,4,0
0.0039365,0.0029654,0.036207,6.70E-05,0.0039365,100,50,0.010274,8,0
0.031298,0.027677,0.33793,0.00062539,0.031298,100,50,0.010211,1,0
0.00098413,0.0012065,0.014731,2.73E-05,0.00098413,100,50,0.0025685,8,0
0.0045683,0.0059695,0.072888,0.00013489,0.0045683,100,50,0.0089422,6,0
0.00058319,0.0066517,0.081218,0.0001503,0.00058319,100,50,0.00095129,5,0
0.0067715,0.00083341,0.010176,1.88E-05,0.0067715,100,50,0.013255,6,0
0.0033242,0.0015583,0.019027,3.52E-05,0.0033242,100,50,0.0054224,5,0
0.00097199,0.0065994,0.080579,0.00014912,0.00097199,100,50,0.0012684,4,0
0.047433,0.031514,0.38479,0.0007121,0.047433,100,50,0.015474,1,0
0.0104,0.057563,0.70285,0.0013007,0.0104,100,50,0.0033929,1,0
0.001526,0.0031398,0.038337,7.09E-05,0.001526,100,50,0.0049784,10,0
0.00092338,0.0013664,0.016684,3.09E-05,0.00092338,100,50,0.001205,4,0
0.0034019,0.0043931,0.05364,9.93E-05,0.0034019,100,50,0.0099886,9,0
0.0016038,0.0038957,0.047566,8.80E-05,0.0016038,100,50,0.0041857,8,0
0.0017172,0.0079077,0.096553,0.00017868,0.0017172,100,50,0.0033612,6,0
0.0094866,0.0084193,0.1028,0.00019024,0.0094866,100,50,0.015474,5,0
0.0048308,0.0035933,0.043875,8.12E-05,0.0048308,100,50,0.01576,10,0
0.014483,0.018432,0.22505,0.00041649,0.014483,100,50,0.0094495,2,0
0.0022217,0.0020101,0.024544,4.54E-05,0.0022217,100,50,0.0050736,7,0
0.0063503,0.0083341,0.10176,0.00018832,0.0063503,100,50,0.01243,6,0
0.0023036,0.0010117,0.012353,2.29E-05,0.0023036,100,50,0.0075152,10,0
0.0035186,0.010978,0.13404,0.00024805,0.0035186,100,50,0.0057395,5,0
0.0012733,0.0043143,0.052678,9.75E-05,0.0012733,100,50,0.004154,10,0
0.0059048,0.00078496,0.0095843,1.77E-05,0.0059048,100,50,0.015411,8,0
0.0061721,0.024304,0.29676,0.00054918,0.0061721,100,50,0.0040271,2,0
0.0030826,0.00098015,0.011968,2.21E-05,0.0030826,100,50,0.0070396,7,0
0.00088868,0.0079077,0.096553,0.00017868,0.00088868,100,50,0.0020294,7,0
0.0030374,0.0043754,0.053423,9.89E-05,0.0030374,100,50,0.0079274,8,0
0.011396,0.00081403,0.0099393,1.84E-05,0.011396,100,50,0.014872,4,0
0.012976,0.025293,0.30883,0.00057152,0.012976,100,50,0.0084665,2,0
0.015649,0.019071,0.23286,0.00043094,0.015649,100,50,0.015316,3,0
0.00077759,0.0041748,0.050974,9.43E-05,0.00077759,100,50,0.0025368,10,0
0.023814,0.01942,0.23712,0.00043882,0.023814,100,50,0.015538,2,0
0.015989,0.0029654,0.036207,6.70E-05,0.015989,100,50,0.010433,2,0
0.00064151,0.0068145,0.083206,0.00015398,0.00064151,100,50,0.0010464,5,0
0.0024624,0.0024421,0.029818,5.52E-05,0.0024624,100,50,0.0048199,6,0
0.0027337,0.0048841,0.059636,0.00011036,0.0027337,100,50,0.0071347,8,0
0.0063762,0.0094892,0.11586,0.00021442,0.0063762,100,50,0.010401,5,0
0.0053459,0.025932,0.31664,0.00058597,0.0053459,100,50,0.001744,1,0
0.016815,0.021048,0.257,0.00047561,0.016815,100,50,0.010972,2,0
0.0071927,0.024711,0.30173,0.00055838,0.0071927,100,50,0.004693,2,0
0.022939,0.023083,0.28185,0.00052159,0.022939,100,50,0.014967,2,0
0.0030034,0.0035468,0.043307,8.01E-05,0.0030034,100,50,0.0097983,10,0
0.002349,0.00079464,0.0097026,1.80E-05,0.002349,100,50,0.0045979,6,0
0.0052293,0.0086287,0.10536,0.00019497,0.0052293,100,50,0.0085299,5,0
0.0069983,0.0050004,0.061055,0.00011299,0.0069983,100,50,0.0022831,1,0
0.010141,0.017017,0.20778,0.00038452,0.010141,100,50,0.0099252,3,0
0.0017787,0.00020932,0.0025558,4.73E-06,0.0017787,100,50,0.0058029,10,0
0.0051515,0.0022095,0.026978,4.99E-05,0.0051515,100,50,0.0050419,3,0
0.00208,0.0017327,0.021156,3.92E-05,0.00208,100,50,0.0067859,10,0
0.0048183,0.0069441,0.084788,0.00015691,0.0048183,100,50,0.011003,7,0
0.0073385,0.01442,0.17607,0.00032583,0.0073385,100,50,0.0095764,4,0
0.0037745,0.0080239,0.097973,0.00018131,0.0037745,100,50,0.0073884,6,0
0.00208,0.0037445,0.045721,8.46E-05,0.00208,100,50,0.0033929,5,0
0.0011178,0.0022483,0.027451,5.08E-05,0.0011178,100,50,0.002188,6,0
0.018225,0.0034887,0.042597,7.88E-05,0.018225,100,50,0.011891,2,0
0.0043523,0.0016668,0.020352,3.77E-05,0.0043523,100,50,0.012779,9,0
0.0038272,0.0031398,0.038337,7.09E-05,0.0038272,100,50,0.0099886,8,0
0.0025272,0.02163,0.2641,0.00048875,0.0025272,100,50,0.00082445,1,0
0.0070372,0.0032096,0.039189,7.25E-05,0.0070372,100,50,0.011479,5,0
0.0018252,0.0014342,0.017512,3.24E-05,0.0018252,100,50,0.005359,9,0
0.0024786,0.0071324,0.087087,0.00016116,0.0024786,100,50,0.0048516,6,0
0.001694,0.0042695,0.05213,9.65E-05,0.001694,100,50,0.0038686,7,0
0.0030253,0.0063668,0.077739,0.00014386,0.0030253,100,50,0.0078957,8,0
0.0012636,0.0048609,0.059352,0.00010984,0.0012636,100,50,0.0020611,5,0
0.0020828,0.007592,0.092699,0.00017155,0.0020828,100,50,0.0047565,7,0
0.0050127,0.0016281,0.019879,3.68E-05,0.0050127,100,50,0.011447,7,0
0.0058319,0.010233,0.12495,0.00023123,0.0058319,100,50,0.0038052,2,0
0.0012441,0.010536,0.12864,0.00023807,0.0012441,100,50,0.0020294,5,0
0.0019197,0.0039974,0.048809,9.03E-05,0.0019197,100,50,0.0050101,8,0
0.0048491,0.0037859,0.046225,8.55E-05,0.0048491,100,50,0.014238,9,0
0.0031751,0.0039409,0.048119,8.90E-05,0.0031751,100,50,0.0093227,9,0
0.0017617,0.0015263,0.018636,3.45E-05,0.0017617,100,50,0.0045979,8,0
0.016913,0.045818,0.55944,0.0010353,0.016913,100,50,0.0055175,1,0
0.0026082,0.0091481,0.1117,0.00020671,0.0026082,100,50,0.0051053,6,0
0.0058562,0.0029072,0.035497,6.57E-05,0.0058562,100,50,0.015284,8,0
0.016281,0.001221,0.014909,2.76E-05,0.016281,100,50,0.010623,2,0
0.0042962,0.0026281,0.03209,5.94E-05,0.0042962,100,50,0.0070079,5,0
0.0060652,0.0084891,0.10365,0.00019182,0.0060652,100,50,0.0098935,5,0
0.0038393,0.0029654,0.036207,6.70E-05,0.0038393,100,50,0.01002,8,0
0.011048,0.0090706,0.11075,0.00020496,0.011048,100,50,0.010813,3,0
0.0055079,0.002694,0.032894,6.09E-05,0.0055079,100,50,0.010781,6,0
0.00093311,0.0057214,0.069859,0.00012928,0.00093311,100,50,0.0015221,5,0
0.0044927,0.0025713,0.031395,5.81E-05,0.0044927,100,50,0.013191,9,0
0.00038881,0.023374,0.2854,0.00052816,0.00038881,100,50,0.00012684,1,0
0.0030965,0.0037379,0.045639,8.45E-05,0.0030965,100,50,0.0070713,7,0
0.0015552,0.0023516,0.028713,5.31E-05,0.0015552,100,50,0.0045662,9,0
0.0008262,0.023258,0.28398,0.00052553,0.0008262,100,50,0.00053907,2,0
0.013851,0.02349,0.28682,0.00053079,0.013851,100,50,0.0090373,2,0
0.0066581,0.016222,0.19808,0.00036656,0.0066581,100,50,0.0043442,2,0
0.048016,0.021746,0.26552,0.00049138,0.048016,100,50,0.015665,1,0
0.0099628,0.0089252,0.10898,0.00020167,0.0099628,100,50,0.013001,4,0
0.0032399,0.0039021,0.047645,8.82E-05,0.0032399,100,50,0.0095129,9,0
0.0047749,0.0048696,0.059458,0.00011003,0.0047749,100,50,0.012462,8,0
0.00020412,0.0041864,0.051116,9.46E-05,0.00020412,100,50,0.00066591,10,0
0.0054593,0.0057563,0.070285,0.00013007,0.0054593,100,50,0.010686,6,0
0.005759,0.0059307,0.072415,0.00013401,0.005759,100,50,0.01503,8,0
0.020217,0.023607,0.28824,0.00053342,0.020217,100,50,0.013191,2,0
0.0053675,0.00040056,0.0048907,9.05E-06,0.0053675,100,50,0.01576,9,0
0.0015968,0.0019769,0.024138,4.47E-05,0.0015968,100,50,0.0036466,7,0
0.0056051,0.0034887,0.042597,7.88E-05,0.0056051,100,50,0.010972,6,0
0.0042573,0.0061168,0.074686,0.00013822,0.0042573,100,50,0.0069444,5,0
0.0021816,0.0058791,0.071783,0.00013284,0.0021816,100,50,0.0064054,9,0
0.0156,0.01692,0.20659,0.00038233,0.0156,100,50,0.010179,2,0
0.00066095,0.0076286,0.093145,0.00017238,0.00066095,100,50,0.0010781,5,0
0.0082619,0.0015505,0.018932,3.50E-05,0.0082619,100,50,0.008086,3,0
0.0069173,0.0054462,0.066498,0.00012306,0.0069173,100,50,0.01354,6,0
0.00162,0.015854,0.19358,0.00035824,0.00162,100,50,0.0015855,3,0
0.0039463,0.0040469,0.049412,9.14E-05,0.0039463,100,50,0.0064371,5,0
0.0022248,0.0019123,0.023349,4.32E-05,0.0022248,100,50,0.0065322,9,0
0.003086,0.0026747,0.032658,6.04E-05,0.003086,100,50,0.0080543,8,0
0.0027648,0.0029201,0.035655,6.60E-05,0.0027648,100,50,0.0081177,9,0
0.027216,0.040934,0.4998,0.00092494,0.027216,100,50,0.0088787,1,0
0.00026244,0.0040352,0.04927,9.12E-05,0.00026244,100,50,0.00085616,10,0
0.0055403,0.0048551,0.059281,0.00010971,0.0055403,100,50,0.0072298,4,0
0.013511,0.019653,0.23996,0.00044408,0.013511,100,50,0.0044077,1,0
0.014223,0.014885,0.18175,0.00033634,0.014223,100,50,0.013921,3,0
0.0018792,0.005569,0.067997,0.00012584,0.0018792,100,50,0.0055175,9,0
0.01944,0.015815,0.19311,0.00035736,0.01944,100,50,0.006342,1,0
0.0010692,0.0034596,0.042242,7.82E-05,0.0010692,100,50,0.0013952,4,0
0.022258,0.013024,0.15903,0.0002943,0.022258,100,50,0.014523,2,0
0.002106,0.0037083,0.045279,8.38E-05,0.002106,100,50,0.0061834,9,0
0.0041406,0.0056982,0.069575,0.00012876,0.0041406,100,50,0.013508,10,0
0.0076592,0.0065355,0.079798,0.00014768,0.0076592,100,50,0.012494,5,0
0.00027945,0.0065994,0.080579,0.00014912,0.00027945,100,50,0.00072933,8,0
0.0003645,0.0049714,0.0607,0.00011233,0.0003645,100,50,0.00047565,4,0
0.02984,0.030584,0.37343,0.00069108,0.02984,100,50,0.0097349,1,0
0.011129,0.0013955,0.017039,3.15E-05,0.011129,100,50,0.014523,4,0
0.040337,0.049074,0.59919,0.0011089,0.040337,100,50,0.01316,1,0
0.0090589,0.005326,0.065031,0.00012035,0.0090589,100,50,0.014777,5,0
0.015973,0.012055,0.1472,0.0002724,0.015973,100,50,0.015633,3,0
0.001053,0.0052524,0.064132,0.00011868,0.001053,100,50,0.0020611,6,0
0.013575,0.011358,0.13868,0.00025664,0.013575,100,50,0.013286,3,0
0.0028674,0.0064831,0.079159,0.00014649,0.0028674,100,50,0.0037418,4,0
0.0046655,0.025525,0.31167,0.00057677,0.0046655,100,50,0.0030441,2,0
0.00053459,0.00055237,0.0067445,1.25E-05,0.00053459,100,50,0.0013952,8,0
0.00031104,0.0048493,0.05921,0.00010957,0.00031104,100,50,0.0010147,10,0
0.0076009,0.0096055,0.11728,0.00021705,0.0076009,100,50,0.012399,5,0
0.0064475,0.0083728,0.10223,0.00018919,0.0064475,100,50,0.0063102,3,0
0.0012636,0.0067157,0.081999,0.00015175,0.0012636,100,50,0.0032978,8,0
0.001863,0.006958,0.084957,0.00015722,0.001863,100,50,0.0036466,6,0
0.037324,0.056168,0.68581,0.0012692,0.037324,100,50,0.012177,1,0
0.015131,0.006047,0.073834,0.00013664,0.015131,100,50,0.014808,3,0
0.0040499,0.00029719,0.0036286,6.72E-06,0.0040499,100,50,0.011891,9,0
0.0051191,0.0014601,0.017828,3.30E-05,0.0051191,100,50,0.01503,9,0
0.0054917,0.00042155,0.0051471,9.53E-06,0.0054917,100,50,0.014333,8,0
0.0016913,0.0075355,0.092009,0.00017027,0.0016913,100,50,0.0027588,5,0
0.0038393,0.011658,0.14234,0.00026342,0.0038393,100,50,0.0050101,4,0
0.0034019,0.0091868,0.11217,0.00020759,0.0034019,100,50,0.0022197,2,0
0.002187,0.0042329,0.051684,9.56E-05,0.002187,100,50,0.0071347,10,0
0.0057711,0.0019042,0.023251,4.30E-05,0.0057711,100,50,0.015062,8,0
0.0018792,0.0058532,0.071468,0.00013226,0.0018792,100,50,0.0055175,9,0
0.0046364,0.0019537,0.023854,4.41E-05,0.0046364,100,50,0.015126,10,0
0.0033911,0.0048066,0.058689,0.00010861,0.0033911,100,50,0.0099569,9,0
0.0011299,0.0041428,0.050584,9.36E-05,0.0011299,100,50,0.002949,8,0
0.00084563,0.0014652,0.017891,3.31E-05,0.00084563,100,50,0.0027588,10,0
0.010133,0.0015118,0.018459,3.42E-05,0.010133,100,50,0.013223,4,0
0.0034019,0.0047679,0.058216,0.00010773,0.0034019,100,50,0.0088787,8,0
0.030326,0.039422,0.48134,0.00089078,0.030326,100,50,0.0098935,1,0
0.0026365,0.0031543,0.038515,7.13E-05,0.0026365,100,50,0.006881,8,0
0.041309,0.031863,0.38905,0.00071998,0.041309,100,50,0.013477,1,0
0.016718,0.014187,0.17323,0.00032058,0.016718,100,50,0.0054541,1,0
0.0026049,0.0074192,0.090589,0.00016765,0.0026049,100,50,0.0042491,5,0
0.0091367,0.026049,0.31806,0.0005886,0.0091367,100,50,0.0029807,1,0
0.0024883,0.0037678,0.046005,8.51E-05,0.0024883,100,50,0.0081177,10,0
0.0007776,0.020292,0.24777,0.00045853,0.0007776,100,50,0.00050736,2,0
0.029354,0.04512,0.55092,0.0010195,0.029354,100,50,0.0095764,1,0
0.0069983,0.00062797,0.0076674,1.42E-05,0.0069983,100,50,0.011416,5,0
0.0030496,0.0056691,0.06922,0.0001281,0.0030496,100,50,0.0079592,8,0
0.029062,0.053377,0.65173,0.0012061,0.029062,100,50,0.0094812,1,0
0.0019008,0.0039151,0.047803,8.85E-05,0.0019008,100,50,0.0055809,9,0
0.0050422,0.0064686,0.078982,0.00014616,0.0050422,100,50,0.01316,8,0
0.008432,0.010495,0.12815,0.00023715,0.008432,100,50,0.011003,4,0
0.0011542,0.00087217,0.010649,1.97E-05,0.0011542,100,50,0.0030124,8,0
0.0040499,0.013645,0.1666,0.00030831,0.0040499,100,50,0.0039637,3,0
0.0086312,0.0040004,0.048844,9.04E-05,0.0086312,100,50,0.014079,5,0
0.0024008,0.0017443,0.021298,3.94E-05,0.0024008,100,50,0.0078323,10,0
9.72E-05,0.0016862,0.020588,3.81E-05,9.72E-05,100,50,0.00019026,6,0
0.0046655,0.0041399,0.050548,9.35E-05,0.0046655,100,50,0.015221,10,0
0.02984,0.0038376,0.046856,8.67E-05,0.02984,100,50,0.0097349,1,0
0.002758,0.0061197,0.074722,0.00013828,0.002758,100,50,0.0071981,8,0
0.0030132,0.0080239,0.097973,0.00018131,0.0030132,100,50,0.000983,1,0
0.0035186,0.0038259,0.046714,8.65E-05,0.0035186,100,50,0.011479,10,0
0.0021772,0.004733,0.05779,0.00010695,0.0021772,100,50,0.007103,10,0
0.0027823,0.00017444,0.0021298,3.94E-06,0.0027823,100,50,0.0072615,8,0
0.0063873,0.0060803,0.07424,0.00013739,0.0063873,100,50,0.014587,7,0
0.0027021,0.0055935,0.068297,0.00012639,0.0027021,100,50,0.0088153,10,0
0.0084806,0.0052621,0.06425,0.0001189,0.0084806,100,50,0.011067,4,0
0.00088694,0.0027037,0.033013,6.11E-05,0.00088694,100,50,0.0023148,8,0
0.0079703,0.0091481,0.1117,0.00020671,0.0079703,100,50,0.015601,6,0
0.0039041,0.0016862,0.020588,3.81E-05,0.0039041,100,50,0.0076421,6,0
0.0082862,0.0036631,0.044727,8.28E-05,0.0082862,100,50,0.010813,4,0
0.00057104,0.0029944,0.036562,6.77E-05,0.00057104,100,50,0.0014904,8,0
0.0078731,0.010495,0.12815,0.00023715,0.0078731,100,50,0.010274,4,0
0.0053783,0.016125,0.19689,0.00036437,0.0053783,100,50,0.0052638,3,0
0.0015066,0.001003,0.012247,2.27E-05,0.0015066,100,50,0.003932,8,0
0.00056931,0.0019271,0.02353,4.35E-05,0.00056931,100,50,0.0013001,7,0
0.012636,0.0047679,0.058216,0.00010773,0.012636,100,50,0.012367,3,0
0.0011016,0.0096132,0.11738,0.00021722,0.0011016,100,50,0.0010781,3,0
0.0033479,0.00019382,0.0023665,4.38E-06,0.0033479,100,50,0.00983,9,0
0.0055889,0.001599,0.019524,3.61E-05,0.0055889,100,50,0.014587,8,0
0.0016402,0.0043754,0.053423,9.89E-05,0.0016402,100,50,0.0042808,8,0
0.0051623,0.00021966,0.002682,4.96E-06,0.0051623,100,50,0.015157,9,0
0.048113,0.00058148,0.0070995,1.31E-05,0.048113,100,50,0.015696,1,0
0.0001404,0.00032303,0.0039441,7.30E-06,0.0001404,100,50,0.00041223,9,0
0.0064799,0.0071324,0.087087,0.00016116,0.0064799,100,50,0.012684,6,0
0.040629,0.010931,0.13347,0.000247,0.040629,100,50,0.013255,1,0
0.0037907,0.0077914,0.095133,0.00017605,0.0037907,100,50,0.0061834,5,0
0.0046007,0.0038375,0.046856,8.67E-05,0.0046007,100,50,0.0045028,3,0
0.0018884,0.0081402,0.099393,0.00018394,0.0018884,100,50,0.0043125,7,0
0.0067067,0.010495,0.12815,0.00023715,0.0067067,100,50,0.0087519,4,0
0.011275,0.035119,0.42881,0.00079356,0.011275,100,50,0.0036783,1,0
0.0050651,0.0048325,0.059004,0.00010919,0.0050651,100,50,0.014872,9,0
0.0028066,0.00050877,0.006212,1.15E-05,0.0028066,100,50,0.007325,8,0
0.01006,0.0232,0.28327,0.00052422,0.01006,100,50,0.0065639,2,0
0.0026146,0.0015815,0.019311,3.57E-05,0.0026146,100,50,0.0085299,10,0
0.013316,0.010156,0.124,0.00022948,0.013316,100,50,0.013033,3,0
0.0029808,0.01004,0.12258,0.00022686,0.0029808,100,50,0.0029173,3,0
0.00091367,0.0038375,0.046856,8.67E-05,0.00091367,100,50,0.0014904,5,0
0.013964,0.012404,0.15146,0.00028029,0.013964,100,50,0.013667,3,0
0.0060992,0.0065994,0.080579,0.00014912,0.0060992,100,50,0.0079592,4,0
0.0035963,0.0053784,0.06567,0.00012153,0.0035963,100,50,0.004693,4,0
0.0048059,0.00032303,0.0039441,7.30E-06,0.0048059,100,50,0.014111,9,0
0.0075815,0.018723,0.2286,0.00042305,0.0075815,100,50,0.0024734,1,0
0.011664,0.0045353,0.055376,0.00010248,0.011664,100,50,0.0038052,1,0
0.0061964,0.012763,0.15583,0.00028839,0.0061964,100,50,0.008086,4,0
0.00020829,0.0072265,0.088236,0.00016329,0.00020829,100,50,0.00047565,7,0
0.0059777,0.00058145,0.0070995,1.31E-05,0.0059777,100,50,0.0039003,2,0
0.0043156,0.0059307,0.072415,0.00013401,0.0043156,100,50,0.0070396,5,0
0.002754,0.004574,0.055849,0.00010336,0.002754,100,50,0.0026953,3,0
0.0058967,0.0055044,0.067208,0.00012438,0.0058967,100,50,0.011542,6,0
0.0088256,0.0046748,0.05708,0.00010563,0.0088256,100,50,0.014396,5,0
0.018662,0.044771,0.54666,0.0010117,0.018662,100,50,0.0060883,1,0
0.017301,0.010292,0.12566,0.00023255,0.017301,100,50,0.011289,2,0
0.0014215,0.0065122,0.079514,0.00014715,0.0014215,100,50,0.00371,8,0
0.022404,0.011396,0.13915,0.00025751,0.022404,100,50,0.014618,2,0
0.00041795,0.0014652,0.017891,3.31E-05,0.00041795,100,50,0.0013635,10,0
0.0018792,0.0011241,0.013726,2.54E-05,0.0018792,100,50,0.0036783,6,0
0.0054755,0.01349,0.16471,0.00030481,0.0054755,100,50,0.005359,3,0
0.021286,0.0024421,0.029818,5.52E-05,0.021286,100,50,0.0069444,1,0
0.0019926,0.0015234,0.018601,3.44E-05,0.0019926,100,50,0.0065005,10,0
0.0063179,0.0067448,0.082354,0.0001524,0.0063179,100,50,0.010306,5,0
0.011275,0.049307,0.60203,0.0011141,0.011275,100,50,0.0036783,1,0
0.0072899,0.007113,0.08685,0.00016073,0.0072899,100,50,0.014269,6,0
0.010425,0.0082856,0.10117,0.00018722,0.010425,100,50,0.013604,4,0
0.0043253,0.0022444,0.027404,5.07E-05,0.0043253,100,50,0.014111,10,0
0.015941,0.010621,0.12968,0.00023999,0.015941,100,50,0.015601,3,0
0.0014148,0.00069774,0.0085194,1.58E-05,0.0014148,100,50,0.004154,9,0
0.0022518,0.0025196,0.030764,5.69E-05,0.0022518,100,50,0.0044077,6,0
0.0066928,0.0081402,0.099393,0.00018394,0.0066928,100,50,0.015284,7,0
0.011534,0.019265,0.23523,0.00043532,0.011534,100,50,0.011289,3,0
0.0017172,0.016474,0.20115,0.00037225,0.0017172,100,50,0.0016806,3,0
0.024591,0.017676,0.21582,0.00039941,0.024591,100,50,0.0080226,1,0
0.016378,0.016164,0.19737,0.00036525,0.016378,100,50,0.010686,2,0
0.011396,0.0049423,0.060345,0.00011168,0.011396,100,50,0.014872,4,0
0.025466,0.047562,0.58074,0.0010747,0.025466,100,50,0.008308,1,0
0.0067715,0.0069386,0.08472,0.00015678,0.0067715,100,50,0.013255,6,0
0.0063827,0.0084891,0.10365,0.00019182,0.0063827,100,50,0.0062468,3,0
0.0074357,0.0075588,0.092293,0.0001708,0.0074357,100,50,0.0048516,2,0
0.0096421,0.010768,0.13148,0.00024332,0.0096421,100,50,0.015728,5,0
0.0030132,0.014381,0.17559,0.00032496,0.0030132,100,50,0.002949,3,0
0.0073871,0.015583,0.19027,0.00035211,0.0073871,100,50,0.0048199,2,0
0.045392,0.017792,0.21724,0.00040203,0.045392,100,50,0.014808,1,0
0.041018,0.037213,0.45437,0.00084086,0.041018,100,50,0.013382,1,0
0.0014024,0.00033226,0.0040568,7.51E-06,0.0014024,100,50,0.0032027,7,0
0.0036158,0.0015118,0.018459,3.42E-05,0.0036158,100,50,0.005898,5,0
0.0027702,0.0020738,0.025321,4.69E-05,0.0027702,100,50,0.0054224,6,0
0.030034,0.038375,0.46856,0.00086713,0.030034,100,50,0.0097983,1,0
0.026341,0.039189,0.4785,0.00088553,0.026341,100,50,0.0085934,1,0
0.0035963,0.0097974,0.11963,0.00022138,0.0035963,100,50,0.004693,4,0
0.0029699,0.004251,0.051905,9.61E-05,0.0029699,100,50,0.0087202,9,0
0.014288,0.039306,0.47992,0.00088815,0.014288,100,50,0.0046613,1,0
0.0058319,0.012443,0.15193,0.00028116,0.0058319,100,50,0.0019026,1,0
0.0086506,0.0024808,0.030291,5.61E-05,0.0086506,100,50,0.0084665,3,0
0.0023133,0.0020932,0.025558,4.73E-05,0.0023133,100,50,0.0037735,5,0
0.021578,0.012617,0.15406,0.0002851,0.021578,100,50,0.014079,2,0
0.002511,0.00058145,0.0070995,1.31E-05,0.002511,100,50,0.004915,6,0
0.0021748,0.0048987,0.059813,0.00011069,0.0021748,100,50,0.0056761,8,0
6.80E-05,0.0053726,0.065599,0.0001214,6.80E-05,100,50,0.00022197,10,0
0.0035283,0.0017909,0.021866,4.05E-05,0.0035283,100,50,0.011511,10,0
0.0060263,0.0047097,0.057506,0.00010642,0.0060263,100,50,0.011796,6,0
0.00096118,0.0031398,0.038337,7.09E-05,0.00096118,100,50,0.0028222,9,0
0.025272,0.044539,0.54382,0.0010064,0.025272,100,50,0.0082445,1,0
0.0038491,0.0056633,0.069149,0.00012797,0.0038491,100,50,0.012557,10,0
0.013284,0.011939,0.14578,0.00026977,0.013284,100,50,0.013001,3,0
0.0020689,0.0077748,0.09493,0.00017568,0.0020689,100,50,0.0047248,7,0
0.0051515,0.0013955,0.017039,3.15E-05,0.0051515,100,50,0.0084031,5,0
0.010886,0.018781,0.22931,0.00042437,0.010886,100,50,0.007103,2,0
0.001134,0.0096908,0.11832,0.00021897,0.001134,100,50,0.0022197,6,0
0.0057347,0.025816,0.31522,0.00058334,0.0057347,100,50,0.0018709,1,0
0.0078002,0.0050004,0.061055,0.00011299,0.0078002,100,50,0.010179,4,0
0.0022842,0.02099,0.25629,0.00047429,0.0022842,100,50,0.0014904,2,0
0.0053783,0.006454,0.078804,0.00014584,0.0053783,100,50,0.010528,6,0
0.00042768,0.010885,0.1329,0.00024595,0.00042768,100,50,0.00069762,5,0
0.015357,0.028433,0.34716,0.00064247,0.015357,100,50,0.01002,2,0
0.0030131,0.003592,0.043859,8.12E-05,0.0030131,100,50,0.008847,9,0
0.022647,0.026688,0.32587,0.00060305,0.022647,100,50,0.014777,2,0
0.015892,5.82E-05,0.00070995,1.31E-06,0.015892,100,50,0.010369,2,0
0.0027354,0.008107,0.098987,0.00018319,0.0027354,100,50,0.0062468,7,0
0.0041601,0.00067448,0.0082354,1.52E-05,0.0041601,100,50,0.013572,10,0
0.0049895,0.0046903,0.057269,0.00010598,0.0049895,100,50,0.0097666,6,0
0.0067877,0.002539,0.031001,5.74E-05,0.0067877,100,50,0.013286,6,0
0.0035825,0.0026082,0.031846,5.89E-05,0.0035825,100,50,0.0081811,7,0
0.011518,0.020176,0.24635,0.0004559,0.011518,100,50,0.0075152,2,0
0.022307,0.021572,0.26339,0.00048743,0.022307,100,50,0.014555,2,0
0.00061096,0.0030567,0.037323,6.91E-05,0.00061096,100,50,0.0013952,7,0
0.00076139,0.0094194,0.11501,0.00021284,0.00076139,100,50,0.0014904,6,0
0.0035477,0.00056982,0.0069575,1.29E-05,0.0035477,100,50,0.011574,10,0
0.01769,0.0026747,0.032658,6.04E-05,0.01769,100,50,0.011542,2,0
9.72E-06,0.0034654,0.042313,7.83E-05,9.72E-06,100,50,3.17E-05,10,0
0.020217,0.0032561,0.039757,7.36E-05,0.020217,100,50,0.013191,2,0
0.0015228,0.0064217,0.07841,0.00014511,0.0015228,100,50,0.0044711,9,0
0.015617,0.0026747,0.032658,6.04E-05,0.015617,100,50,0.015284,3,0
0.0042119,0.00052976,0.0064684,1.20E-05,0.0042119,100,50,0.012367,9,0
0.0028795,0.0035323,0.043129,7.98E-05,0.0028795,100,50,0.0075152,8,0
0.01364,0.0072099,0.088033,0.00016292,0.01364,100,50,0.01335,3,0
0.0021578,0.0053028,0.064747,0.00011982,0.0021578,100,50,0.0070396,10,0
0.00020412,0.0016513,0.020162,3.73E-05,0.00020412,100,50,0.00066591,10,0
0.0034117,0.0018839,0.023002,4.26E-05,0.0034117,100,50,0.01113,10,0
0.0022647,0.0034887,0.042597,7.88E-05,0.0022647,100,50,0.0073884,10,0
0.0066743,0.011474,0.1401,0.00025926,0.0066743,100,50,0.0065322,3,0
0.0050651,0.0026617,0.0325,6.01E-05,0.0050651,100,50,0.014872,9,0
0.011032,0.028607,0.34929,0.00064641,0.011032,100,50,0.0071981,2,0
0.0051099,0.00049839,0.0060853,1.13E-05,0.0051099,100,50,0.011669,7,0
0.0094282,0.0025874,0.031593,5.85E-05,0.0094282,100,50,0.012303,4,0
0.0028673,0.0005233,0.0063895,1.18E-05,0.0028673,100,50,0.0056126,6,0
0.0022064,0.00081403,0.0099393,1.84E-05,0.0022064,100,50,0.0071981,10,0
0.00162,0.0031786,0.03881,7.18E-05,0.00162,100,50,0.0047565,9,0
0.0027459,0.0053784,0.06567,0.00012153,0.0027459,100,50,0.0071664,8,0
0.013381,0.0034112,0.04165,7.71E-05,0.013381,100,50,0.013096,3,0
0.0058805,0.0083728,0.10223,0.00018919,0.0058805,100,50,0.0076738,4,0
0.0016767,0.00034887,0.0042597,7.88E-06,0.0016767,100,50,0.004376,8,0
0.0077273,0.005233,0.063895,0.00011825,0.0077273,100,50,0.0050419,2,0
0.0021481,0.003605,0.044017,8.15E-05,0.0021481,100,50,0.0070079,10,0
0.004544,0.00069774,0.0085194,1.58E-05,0.004544,100,50,0.0059297,4,0
0.0017496,0.0055819,0.068155,0.00012613,0.0017496,100,50,0.0057078,10,0
0.0083785,0.0028607,0.034929,6.46E-05,0.0083785,100,50,0.013667,5,0
0.0016038,0.018781,0.22931,0.00042437,0.0016038,100,50,0.0010464,2,0
0.0065123,0.0025971,0.031711,5.87E-05,0.0065123,100,50,0.012747,6,0
0.0047336,0.0017792,0.021724,4.02E-05,0.0047336,100,50,0.015443,10,0
0.0019116,0.0016474,0.020115,3.72E-05,0.0019116,100,50,0.0037418,6,0
0.0023652,0.0061633,0.075254,0.00013927,0.0023652,100,50,0.0023148,3,0
0.017933,0.024188,0.29534,0.00054656,0.017933,100,50,0.011701,2,0
0.0013608,0.00055819,0.0068155,1.26E-05,0.0013608,100,50,0.0022197,5,0
0.0045544,0.0058809,0.071806,0.00013289,0.0045544,100,50,0.010401,7,0
0.0044387,0.016746,0.20446,0.00037838,0.0044387,100,50,0.0043442,3,0
0.0007776,0.016222,0.19808,0.00036656,0.0007776,100,50,0.00050736,2,0
0.0068039,0.0038209,0.046654,8.63E-05,0.0068039,100,50,0.015538,7,0
0.013219,0.009652,0.11785,0.0002181,0.013219,100,50,0.0043125,1,0
0.012004,0.010001,0.12211,0.00022598,0.012004,100,50,0.0078323,2,0
0.0005346,0.014245,0.17394,0.00032189,0.0005346,100,50,0.00069762,4,0
0.0050543,0.0035468,0.043307,8.01E-05,0.0050543,100,50,0.013191,8,0
0.0054188,0.00087217,0.010649,1.97E-05,0.0054188,100,50,0.014143,8,0
0.0057208,0.0055487,0.067749,0.00012538,0.0057208,100,50,0.013064,7,0
0.0046291,0.0072681,0.088743,0.00016423,0.0046291,100,50,0.012081,8,0
0.0003888,0.0049617,0.060582,0.00011211,0.0003888,100,50,0.00076104,6,0
0.0048599,0.0041515,0.05069,9.38E-05,0.0048599,100,50,0.015855,10,0
0.0029484,0.0086442,0.10555,0.00019532,0.0029484,100,50,0.0057712,6,0
0.0001188,1.29E-05,0.00015777,2.92E-07,0.0001188,100,50,0.00034881,9,0
0.018613,0.00052331,0.0063895,1.18E-05,0.018613,100,50,0.012145,2,0
0.0022356,0.0084658,0.10337,0.00019129,0.0022356,100,50,0.0036466,5,0
0.029257,0.055005,0.67161,0.0012429,0.029257,100,50,0.0095446,1,0
0.0041795,0.0063055,0.07699,0.00014248,0.0041795,100,50,0.012272,9,0
0.022647,0.0042446,0.051826,9.59E-05,0.022647,100,50,0.014777,2,0
0.0090978,0.00037213,0.0045437,8.41E-06,0.0090978,100,50,0.01484,5,0
0.00018468,0.00056982,0.0069575,1.29E-05,0.00018468,100,50,0.00060249,10,0
0.012636,0.024304,0.29676,0.00054918,0.012636,100,50,0.0041223,1,0
0.0050867,0.00028427,0.0034709,6.42E-06,0.0050867,100,50,0.014935,9,0
0.0006804,0.011338,0.13844,0.0002562,0.0006804,100,50,0.00088787,4,0
0.010789,0.018335,0.22387,0.0004143,0.010789,100,50,0.010559,3,0
0.0056983,0.0055528,0.0678,0.00012547,0.0056983,100,50,0.014872,8,0
0.00075599,0.001305,0.015934,2.95E-05,0.00075599,100,50,0.0022197,9,0
0.005943,0.0079077,0.096553,0.00017868,0.005943,100,50,0.013572,7,0
0.0066511,0.0011131,0.01359,2.52E-05,0.0066511,100,50,0.015189,7,0
0.036158,0.039655,0.48418,0.00089604,0.036158,100,50,0.011796,1,0
0.01057,0.00087218,0.010649,1.97E-05,0.01057,100,50,0.013794,4,0
0.0014215,0.0043027,0.052536,9.72E-05,0.0014215,100,50,0.00371,8,0
0.0038491,0.010001,0.12211,0.00022598,0.0038491,100,50,0.0062785,5,0
0.0036935,0.0018219,0.022245,4.12E-05,0.0036935,100,50,0.010845,9,0
0.0054107,0.0093419,0.11406,0.00021109,0.0054107,100,50,0.0052955,3,0
0.037324,0.032677,0.39899,0.00073838,0.037324,100,50,0.012177,1,0
0.0052626,0.0020101,0.024544,4.54E-05,0.0052626,100,50,0.012018,7,0
0.0063179,0.0026747,0.032658,6.04E-05,0.0063179,100,50,0.012367,6,0
0.0033242,0.0050818,0.062049,0.00011483,0.0033242,100,50,0.010845,10,0
0.0049016,0.00074758,0.0091279,1.69E-05,0.0049016,100,50,0.011194,7,0
0.0034436,0.0072432,0.088439,0.00016367,0.0034436,100,50,0.007864,7,0
0.0066234,0.0056317,0.068763,0.00012725,0.0066234,100,50,0.015126,7,0
0.0013469,0.0034222,0.041785,7.73E-05,0.0013469,100,50,0.0030758,7,0
0.00099359,0.0043544,0.053167,9.84E-05,0.00099359,100,50,0.0029173,9,0
0.0040094,0.004608,0.056263,0.00010412,0.0040094,100,50,0.010464,8,0
0.000729,0.014885,0.18175,0.00033634,0.000729,100,50,0.00047565,2,0
0.0013608,0.0041719,0.050939,9.43E-05,0.0013608,100,50,0.0035515,8,0
0.0013851,0.0043463,0.053069,9.82E-05,0.0013851,100,50,0.0036149,8,0
0.0037367,0.0063959,0.078094,0.00014452,0.0037367,100,50,0.010972,9,0
0.00080189,0.0093903,0.11466,0.00021218,0.00080189,100,50,0.0010464,4,0
0.0010206,0.0048144,0.058784,0.00010879,0.0010206,100,50,0.0033295,10,0
0.0084562,0.0032561,0.039757,7.36E-05,0.0084562,100,50,0.011035,4,0
0.0022032,0.00050392,0.0061529,1.14E-05,0.0022032,100,50,0.0064688,9,0
0.028674,0.054888,0.67019,0.0012403,0.028674,100,50,0.0093544,1,0
0.0070372,0.0041632,0.050832,9.41E-05,0.0070372,100,50,0.011479,5,0
4.17E-05,0.0074757,0.091279,0.00016892,4.17E-05,100,50,9.51E-05,7,0
0.033825,0.05326,0.65031,0.0012035,0.033825,100,50,0.011035,1,0
0.0059291,0.011629,0.14199,0.00026277,0.0059291,100,50,0.0019343,1,0
0.0030909,0.006582,0.080366,0.00014873,0.0030909,100,50,0.0050419,5,0
0.0038393,0.00065897,0.0080461,1.49E-05,0.0038393,100,50,0.0075152,6,0
0.0051839,0.0010595,0.012937,2.39E-05,0.0051839,100,50,0.015221,9,0
0.0041255,0.0043027,0.052536,9.72E-05,0.0041255,100,50,0.012113,9,0
0.0045197,0.00065897,0.0080461,1.49E-05,0.0045197,100,50,0.008847,6,0
0.0002916,0.0060277,0.073598,0.0001362,0.0002916,100,50,0.00057078,6,0
0.0033695,0.0016022,0.019563,3.62E-05,0.0033695,100,50,0.0098935,9,0
0.01803,0.0036631,0.044727,8.28E-05,0.01803,100,50,0.011764,2,0
0.0032399,0.0040507,0.04946,9.15E-05,0.0032399,100,50,0.006342,6,0
0.045975,0.049888,0.60913,0.0011273,0.045975,100,50,0.014999,1,0
0.0042605,0.0040314,0.049223,9.11E-05,0.0042605,100,50,0.0083397,6,0
0.0058197,0.0022967,0.028043,5.19E-05,0.0058197,100,50,0.015189,8,0
0.0079379,0.0085666,0.1046,0.00019357,0.0079379,100,50,0.015538,6,0
0.00075599,0.0025196,0.030764,5.69E-05,0.00075599,100,50,0.0022197,9,0
0.00066824,0.0072245,0.088211,0.00016324,0.00066824,100,50,0.001744,8,0
0.044808,0.042911,0.52394,0.00096961,0.044808,100,50,0.014618,1,0
0.0039851,0.028665,0.35,0.00064772,0.0039851,100,50,0.0026002,2,0
0.0054431,0.014149,0.17275,0.0003197,0.0054431,100,50,0.0053272,3,0
0.0011664,0.0043415,0.053009,9.81E-05,0.0011664,100,50,0.0022831,6,0
0.0097927,0.0097101,0.11856,0.00021941,0.0097927,100,50,0.012779,4,0
0.012976,0.025932,0.31664,0.00058597,0.012976,100,50,0.0084665,2,0
0.010206,0.04512,0.55092,0.0010195,0.010206,100,50,0.0033295,1,0
0.0034019,0.012617,0.15406,0.0002851,0.0034019,100,50,0.0022197,2,0
0.0051515,0.011571,0.14128,0.00026145,0.0051515,100,50,0.0067225,4,0
0.0033339,0.0037445,0.045721,8.46E-05,0.0033339,100,50,0.010876,10,0
0.0057023,0.00054269,0.0066262,1.23E-05,0.0057023,100,50,0.011162,6,0
0.0039203,0.0028039,0.034235,6.34E-05,0.0039203,100,50,0.011511,9,0
0.027313,0.031398,0.38337,0.00070947,0.027313,100,50,0.0089105,1,0
0.0038272,0.0037503,0.045792,8.47E-05,0.0038272,100,50,0.0099886,8,0
0.019488,0.025991,0.31735,0.00058728,0.019488,100,50,0.012716,2,0
0.0097441,0.0079949,0.097618,0.00018065,0.0097441,100,50,0.012716,4,0
0.048113,0.039538,0.48276,0.00089341,0.048113,100,50,0.015696,1,0
0.0022842,0.018199,0.22221,0.00041123,0.0022842,100,50,0.0014904,2,0
0.0041379,0.0069109,0.084382,0.00015616,0.0041379,100,50,0.0094495,7,0
0.0016038,0.0020583,0.025132,4.65E-05,0.0016038,100,50,0.0052321,10,0
0.0023544,0.0012404,0.015146,2.80E-05,0.0023544,100,50,0.0069127,9,0
0.003638,0.0069607,0.084991,0.00015728,0.003638,100,50,0.008308,7,0
0.0026244,0.0086752,0.10592,0.00019602,0.0026244,100,50,0.0042808,5,0
0.0045143,0.0033982,0.041492,7.68E-05,0.0045143,100,50,0.013255,9,0
0.0028285,0.005233,0.063895,0.00011825,0.0028285,100,50,0.0092275,10,0
0.0016913,0.00307,0.037485,6.94E-05,0.0016913,100,50,0.0055175,10,0
0.0015649,0.0015118,0.018459,3.42E-05,0.0015649,100,50,0.0051053,10,0
0.0023652,0.0017185,0.020983,3.88E-05,0.0023652,100,50,0.0069444,9,0
0.0023425,0.0010001,0.012211,2.26E-05,0.0023425,100,50,0.0076421,10,0
0.0024494,0.0024653,0.030102,5.57E-05,0.0024494,100,50,0.0039954,5,0
0.010668,0.0034015,0.041532,7.69E-05,0.010668,100,50,0.013921,4,0
1.39E-05,0.0077581,0.094727,0.0001753,1.39E-05,100,50,3.17E-05,7,0
0.00104,0.0011745,0.014341,2.65E-05,0.00104,100,50,0.0033929,10,0
0.0025434,0.0022289,0.027215,5.04E-05,0.0025434,100,50,0.0049784,6,0
0.016232,0.024653,0.30102,0.00055707,0.016232,100,50,0.0052955,1,0
0.014094,0.024246,0.29605,0.00054787,0.014094,100,50,0.0091958,2,0
0.034311,0.0022095,0.026978,4.99E-05,0.034311,100,50,0.011194,1,0
4.32E-05,0.0022741,0.027767,5.14E-05,4.32E-05,100,50,0.00012684,9,0
0.0052001,0.00027135,0.0033131,6.13E-06,0.0052001,100,50,0.010179,6,0
0.0067622,0.005532,0.067546,0.000125,0.0067622,100,50,0.015443,7,0
0.011567,0.028084,0.3429,0.00063458,0.011567,100,50,0.0075469,2,0
0.024494,0.0070937,0.086613,0.00016029,0.024494,100,50,0.0079909,1,0
0.018662,0.040934,0.4998,0.00092494,0.018662,100,50,0.0060883,1,0
0.0041147,0.001066,0.013016,2.41E-05,0.0041147,100,50,0.0080543,6,0
0.0037907,0.008431,0.10294,0.00019051,0.0037907,100,50,0.0049467,4,0
0.0020412,0.00028242,0.0034483,6.38E-06,0.0020412,100,50,0.0046613,7,0
0.0055525,0.0046661,0.056973,0.00010544,0.0055525,100,50,0.014491,8,0
0.024202,0.037096,0.45295,0.00083823,0.024202,100,50,0.0078957,1,0
0.0022161,0.0017443,0.021298,3.94E-05,0.0022161,100,50,0.0072298,10,0
0.0021522,0.0031066,0.037931,7.02E-05,0.0021522,100,50,0.004915,7,0
0.009574,0.0066285,0.080934,0.00014978,0.009574,100,50,0.0062468,2,0
0.0017496,0.0065994,0.080579,0.00014912,0.0017496,100,50,0.0045662,8,0
0.036741,0.018955,0.23144,0.00042831,0.036741,100,50,0.011986,1,0
0.012571,0.012404,0.15146,0.00028029,0.012571,100,50,0.012303,3,0
0.0052001,0.022211,0.2712,0.00050188,0.0052001,100,50,0.0033929,2,0
0.0014441,0.0059307,0.072415,0.00013401,0.0014441,100,50,0.0032978,7,0
0.0031687,0.010466,0.12779,0.00023649,0.0031687,100,50,0.0051687,5,0
0.0056699,0.018567,0.22671,0.00041955,0.0056699,100,50,0.0055492,3,0
0.0034991,0.0034654,0.042313,7.83E-05,0.0034991,100,50,0.011416,10,0
0.0068768,0.0013955,0.017039,3.15E-05,0.0068768,100,50,0.0089739,4,0
0.0088774,0.011474,0.1401,0.00025926,0.0088774,100,50,0.0086885,3,0
0.003973,0.0050004,0.061055,0.00011299,0.003973,100,50,0.010369,8,0
0.032173,0.020932,0.25558,0.00047298,0.032173,100,50,0.010496,1,0
0.0026608,8.72E-05,0.0010649,1.97E-06,0.0026608,100,50,0.0069444,8,0
0.00018468,0.0022793,0.02783,5.15E-05,0.00018468,100,50,0.00060249,10,0
0.0080091,0.0053493,0.065315,0.00012087,0.0080091,100,50,0.013064,5,0
0.011567,0.01442,0.17607,0.00032583,0.011567,100,50,0.01132,3,0
0.0045683,0.0068444,0.083571,0.00015466,0.0045683,100,50,0.010433,7,0
0.0052973,0.0057272,0.06993,0.00012941,0.0052973,100,50,0.013825,8,0
0.0029298,0.0056816,0.069372,0.00012838,0.0029298,100,50,0.0066908,7,0
0.0038879,0.0063959,0.078094,0.00014452,0.0038879,100,50,0.0038052,3,0
0.0037799,0.0032173,0.039284,7.27E-05,0.0037799,100,50,0.011098,9,0
0.0032631,0.0034721,0.042394,7.85E-05,0.0032631,100,50,0.0074518,7,0
0.017399,0.021688,0.26481,0.00049006,0.017399,100,50,0.011352,2,0
0.0058319,0.00564,0.068865,0.00012744,0.0058319,100,50,0.0076104,4,0
0.0069983,0.0022095,0.026978,4.99E-05,0.0069983,100,50,0.0045662,2,0
0.0074843,0.019595,0.23925,0.00044276,0.0074843,100,50,0.0048833,2,0
0.0021578,0.0010699,0.013063,2.42E-05,0.0021578,100,50,0.0070396,10,0
0.0047195,0.0049358,0.060267,0.00011153,0.0047195,100,50,0.013857,9,0
0.0034505,1.45E-05,0.00017749,3.29E-07,0.0034505,100,50,0.0090056,8,0
0.0062531,0.0088186,0.10768,0.00019927,0.0062531,100,50,0.01224,6,0
0.0051623,0.0043285,0.052852,9.78E-05,0.0051623,100,50,0.015157,9,0
0.0013025,0.0035933,0.043875,8.12E-05,0.0013025,100,50,0.0042491,10,0
0.0042605,0.0038569,0.047093,8.72E-05,0.0042605,100,50,0.0083397,6,0
0.036547,0.019885,0.2428,0.00044933,0.036547,100,50,0.011923,1,0
0.0085534,0.0026281,0.03209,5.94E-05,0.0085534,100,50,0.013952,5,0
0.0045467,0.0040184,0.049065,9.08E-05,0.0045467,100,50,0.01335,9,0
0.0036287,0.0082953,0.10129,0.00018744,0.0036287,100,50,0.0035515,3,0
0.0039001,0.0071663,0.087501,0.00016193,0.0039001,100,50,0.010179,8,0
0.0025563,0.0032445,0.039615,7.33E-05,0.0025563,100,50,0.0083397,10,0
0.0023004,0.0087992,0.10744,0.00019883,0.0023004,100,50,0.0022514,3,0
0.004945,0.0054074,0.066025,0.00012219,0.004945,100,50,0.012906,8,0
0.0025164,0.0022353,0.027294,5.05E-05,0.0025164,100,50,0.0073884,9,0
0.0063568,0.0011164,0.013631,2.52E-05,0.0063568,100,50,0.010369,5,0
0.0047336,0.0025235,0.030812,5.70E-05,0.0047336,100,50,0.015443,10,0
0.00018051,0.0028574,0.034889,6.46E-05,0.00018051,100,50,0.00041223,7,0
0.021481,0.0095357,0.11643,0.00021547,0.021481,100,50,0.0070079,1,0
0.00030375,0.00090124,0.011004,2.04E-05,0.00030375,100,50,0.00079274,8,0
0.008048,0.0059075,0.072131,0.00013349,0.008048,100,50,0.013128,5,0
0.002862,0.0042381,0.051747,9.58E-05,0.002862,100,50,0.0084031,9,0
0.0034575,0.0014453,0.017647,3.27E-05,0.0034575,100,50,0.0078957,7,0
0.012733,0.026688,0.32587,0.00060305,0.012733,100,50,0.008308,2,0
0.00033047,0.0010582,0.012921,2.39E-05,0.00033047,100,50,0.0010781,10,0
0.0039657,0.0020699,0.025274,4.68E-05,0.0039657,100,50,0.0064688,5,0
5.83E-05,0.0094892,0.11586,0.00021442,5.83E-05,100,50,9.51E-05,5,0
0.0054848,0.0067115,0.081948,0.00015165,0.0054848,100,50,0.012525,7,0
0.001944,0.00054656,0.0066735,1.24E-05,0.001944,100,50,0.006342,10,0
0.015293,0.012869,0.15713,0.0002908,0.015293,100,50,0.014967,3,0
0.0057069,0.0065786,0.080325,0.00014865,0.0057069,100,50,0.013033,7,0
0.0069788,0.0055121,0.067303,0.00012455,0.0069788,100,50,0.011384,5,0
0.0022161,0.00025584,0.0031238,5.78E-06,0.0022161,100,50,0.0036149,5,0
0.0016427,0.0055935,0.068297,0.00012639,0.0016427,100,50,0.005359,10,0
0.011324,0.0013373,0.016329,3.02E-05,0.011324,100,50,0.0073884,2,0
0.028576,0.0041864,0.051116,9.46E-05,0.028576,100,50,0.0093227,1,0
0.0003888,0.0066866,0.081644,0.00015109,0.0003888,100,50,0.0010147,8,0
0.00243,0.0040701,0.049696,9.20E-05,0.00243,100,50,0.0023782,3,0
0.0027094,0.0044045,0.053778,9.95E-05,0.0027094,100,50,0.0070713,8,0
0.0056569,0.0093962,0.11473,0.00021232,0.0056569,100,50,0.0092275,5,0
0.005457,0.006994,0.085396,0.00015804,0.005457,100,50,0.012462,7,0
0.003973,0.0065413,0.079869,0.00014781,0.003973,100,50,0.010369,8,0
0.0045562,0.00037794,0.0046147,8.54E-06,0.0045562,100,50,0.011891,8,0
0.0010206,0.0042252,0.051589,9.55E-05,0.0010206,100,50,0.0019977,6,0
0.00037908,0.0048144,0.058784,0.00010879,0.00037908,100,50,0.0012367,10,0
0.018613,0.012559,0.15335,0.00028379,0.018613,100,50,0.012145,2,0
0.00076679,0.0031527,0.038495,7.12E-05,0.00076679,100,50,0.0022514,9,0
0.0040962,0.0035219,0.043002,7.96E-05,0.0040962,100,50,0.0093544,7,0
0.0048599,0.0096714,0.11809,0.00021853,0.0048599,100,50,0.0095129,6,0
0.011129,0.0077914,0.095133,0.00017605,0.011129,100,50,0.0072615,2,0
0.013608,0.0018025,0.022008,4.07E-05,0.013608,100,50,0.0088787,2,0
0.011324,0.0085763,0.10472,0.00019379,0.011324,100,50,0.014777,4,0
0.0054014,0.00013291,0.0016227,3.00E-06,0.0054014,100,50,0.012335,7,0
0.024008,0.0016281,0.019879,3.68E-05,0.024008,100,50,0.015665,2,0
0.0027021,0.0035468,0.043307,8.01E-05,0.0027021,100,50,0.0088153,10,0
0.0027702,0.0066139,0.080756,0.00014945,0.0027702,100,50,0.0072298,8,0
0.0092727,0.0059773,0.072983,0.00013506,0.0092727,100,50,0.015126,5,0
0.0061041,0.0066285,0.080934,0.00014978,0.0061041,100,50,0.0099569,5,0
0.0017635,0.0054822,0.066938,0.00012388,0.0017635,100,50,0.0040271,7,0
0.0024178,0.0056109,0.06851,0.00012679,0.0024178,100,50,0.0063102,8,0
0.0043523,0.0018735,0.022876,4.23E-05,0.0043523,100,50,0.012779,9,0
0.0043091,0.0069773,0.085194,0.00015766,0.0043091,100,50,0.0042174,3,0
0.0022234,0.0038666,0.047211,8.74E-05,0.0022234,100,50,0.0058029,8,0
0.0039527,0.016552,0.2021,0.000374,0.0039527,100,50,0.0038686,3,0
0.0039203,0.0044448,0.054271,0.00010044,0.0039203,100,50,0.011511,9,0
0.0077273,0.017269,0.21085,0.00039021,0.0077273,100,50,0.0050419,2,0
0.028576,0.0011629,0.014199,2.63E-05,0.028576,100,50,0.0093227,1,0
0.00039851,0.0029189,0.035639,6.60E-05,0.00039851,100,50,0.0013001,10,0
0.011955,0.0074425,0.090873,0.00016817,0.011955,100,50,0.0039003,1,0
0.016961,0.0022676,0.027688,5.12E-05,0.016961,100,50,0.011067,2,0
0.00058319,0.0054157,0.066126,0.00012237,0.00058319,100,50,0.0013318,7,0
0.0051272,0.0056982,0.069575,0.00012876,0.0051272,100,50,0.013382,8,0
0.0039527,0.0060083,0.073361,0.00013576,0.0039527,100,50,0.0077372,6,0
0.0040499,0.0066672,0.081407,0.00015065,0.0040499,100,50,0.0039637,3,0
0.0042767,0.0013809,0.016861,3.12E-05,0.0042767,100,50,0.011162,8,0
0.0046947,0.0013373,0.016329,3.02E-05,0.0046947,100,50,0.015316,10,0
0.020995,0.013141,0.16045,0.00029693,0.020995,100,50,0.013699,2,0
0.0032464,0.0052563,0.064179,0.00011877,0.0032464,100,50,0.010591,10,0
0.0019683,0.0042736,0.052181,9.66E-05,0.0019683,100,50,0.0025685,4,0
0.0080675,0.013373,0.16329,0.00030218,0.0080675,100,50,0.010528,4,0
0.027799,0.020467,0.2499,0.00046247,0.027799,100,50,0.009069,1,0
0.0208,0.018374,0.22434,0.00041517,0.0208,100,50,0.0067859,1,0
0.0034262,0.0043899,0.053601,9.92E-05,0.0034262,100,50,0.0044711,4,0
0.0097198,0.020351,0.24848,0.00045984,0.0097198,100,50,0.003171,1,0
0.043739,0.024886,0.30386,0.00056232,0.043739,100,50,0.014269,1,0
0.0025966,0.0053659,0.065518,0.00012125,0.0025966,100,50,0.0059297,7,0
0.0063762,0.010396,0.12694,0.00023491,0.0063762,100,50,0.010401,5,0
0.0054188,0.0043027,0.052536,9.72E-05,0.0054188,100,50,0.0070713,4,0
0.0013122,0.0073844,0.090163,0.00016686,0.0013122,100,50,0.0017123,4,0
0.0079217,0.014304,0.17465,0.0003232,0.0079217,100,50,0.0051687,2,0
0.0046072,0.0028142,0.034361,6.36E-05,0.0046072,100,50,0.0075152,5,0
0.0080027,0.0028491,0.034787,6.44E-05,0.0080027,100,50,0.015665,6,0
0.001026,0.0053751,0.065631,0.00012146,0.001026,100,50,0.0030124,9,0
0.0020995,0.002163,0.02641,4.89E-05,0.0020995,100,50,0.0068493,10,0
0.0055079,0.0020738,0.025321,4.69E-05,0.0055079,100,50,0.010781,6,0
0.00074843,0.00023258,0.0028398,5.26E-06,0.00074843,100,50,0.0024417,10,0
0.0040823,0.0045818,0.055944,0.00010353,0.0040823,100,50,0.013318,10,0
0.0036611,0.0030041,0.036681,6.79E-05,0.0036611,100,50,0.0071664,6,0
0.0020412,0.020176,0.24635,0.0004559,0.0020412,100,50,0.0013318,2,0
0.0002916,0.011513,0.14057,0.00026014,0.0002916,100,50,9.51E-05,1,0
0.0020509,0.0025932,0.031664,5.86E-05,0.0020509,100,50,0.0066908,10,0
0.0001458,0.0057214,0.069859,0.00012928,0.0001458,100,50,0.00047565,10,0
0.00044434,0.00061467,0.0075052,1.39E-05,0.00044434,100,50,0.0010147,7,0
0.00087479,0.0013141,0.016045,2.97E-05,0.00087479,100,50,0.0028539,10,0
0.0049895,0.013761,0.16802,0.00031094,0.0049895,100,50,0.0048833,3,0
0.0017172,0.007113,0.08685,0.00016073,0.0017172,100,50,0.0033612,6,0
0.0057833,0.0039345,0.04804,8.89E-05,0.0057833,100,50,0.01132,6,0
0.0047519,0.0026617,0.0325,6.01E-05,0.0047519,100,50,0.013952,9,0
0.0077759,0.0068417,0.083537,0.00015459,0.0077759,100,50,0.015221,6,0
0.0026244,0.0013722,0.016755,3.10E-05,0.0026244,100,50,0.0042808,5,0
0.0028674,0.004919,0.060061,0.00011115,0.0028674,100,50,0.0093544,10,0
0.0011124,0.005233,0.063895,0.00011825,0.0011124,100,50,0.0032661,9,0
0.00037491,0.0071767,0.087628,0.00016216,0.00037491,100,50,0.00085616,7,0
0.048405,0.04733,0.5779,0.0010695,0.048405,100,50,0.015791,1,0
0.0043545,0.0024653,0.030102,5.57E-05,0.0043545,100,50,0.007103,5,0
0.00373,0.0025729,0.031415,5.81E-05,0.00373,100,50,0.0097349,8,0
0.00086399,0.0063701,0.077779,0.00014394,0.00086399,100,50,0.0025368,9,0
0.034019,0.013024,0.15903,0.0002943,0.034019,100,50,0.011098,1,0
0.0056699,0.0068611,0.083774,0.00015503,0.0056699,100,50,0.011098,6,0
0.02012,0.021339,0.26055,0.00048218,0.02012,100,50,0.013128,2,0
0.0068201,0.0069192,0.084484,0.00015635,0.0068201,100,50,0.01335,6,0
0.00088559,0.0039151,0.047803,8.85E-05,0.00088559,100,50,0.0026002,9,0
0.0052348,0.0073927,0.090265,0.00016704,0.0052348,100,50,0.011955,7,0
0.0020088,0.0035662,0.043543,8.06E-05,0.0020088,100,50,0.003932,6,0
0.0057671,0.0012404,0.015146,2.80E-05,0.0057671,100,50,0.0056443,3,0
0.00046655,0.0011513,0.014057,2.60E-05,0.00046655,100,50,0.0015221,10,0
0.0032237,0.0050586,0.061765,0.0001143,0.0032237,100,50,0.0063102,6,0
0.00162,0.0093807,0.11454,0.00021197,0.00162,100,50,0.003171,6,0
0.0019023,0.0082731,0.10102,0.00018694,0.0019023,100,50,0.0043442,7,0
0.0048275,0.0016668,0.020352,3.77E-05,0.0048275,100,50,0.0047248,3,0
0.0040435,0.01035,0.12637,0.00023386,0.0040435,100,50,0.0065956,5,0
0.0052487,0.011803,0.14412,0.00026671,0.0052487,100,50,0.0034247,2,0
0.015503,0.012966,0.15832,0.00029299,0.015503,100,50,0.010115,2,0
0.012377,0.0096132,0.11738,0.00021722,0.012377,100,50,0.012113,3,0
0.0078893,0.0071905,0.087797,0.00016248,0.0078893,100,50,0.015443,6,0
0.022842,0.0040701,0.049696,9.20E-05,0.022842,100,50,0.014904,2,0
0.0025758,0.014158,0.17287,0.00031992,0.0025758,100,50,0.0033612,4,0
0.0041147,0.0002455,0.0029976,5.55E-06,0.0041147,100,50,0.012081,9,0
0.0044063,0.0022612,0.027609,5.11E-05,0.0044063,100,50,0.012938,9,0
0.0036449,0.0026456,0.032303,5.98E-05,0.0036449,100,50,0.0047565,4,0
0.011858,0.011687,0.1427,0.00026408,0.011858,100,50,0.0077372,2,0
0.0076544,0.0090996,0.11111,0.00020562,0.0076544,100,50,0.0099886,4,0
0.0021816,0.001473,0.017985,3.33E-05,0.0021816,100,50,0.0064054,9,0
0.00094769,0.0070646,0.086259,0.00015963,0.00094769,100,50,0.0012367,4,0
0.0062346,6.65E-05,0.00081137,1.50E-06,0.0062346,100,50,0.014238,7,0
0.00189,0.0025067,0.030607,5.66E-05,0.00189,100,50,0.0055492,9,0
0.0018711,0.0036631,0.044727,8.28E-05,0.0018711,100,50,0.0048833,8,0
0.020606,0.0080821,0.098683,0.00018262,0.020606,100,50,0.013445,2,0
0.0061964,0.0059598,0.07277,0.00013467,0.0061964,100,50,0.008086,4,0
0.0010692,0.0059598,0.07277,0.00013467,0.0010692,100,50,0.0027905,8,0
0.0043059,0.0024072,0.029392,5.44E-05,0.0043059,100,50,0.014047,10,0
0.0011056,0.002224,0.027155,5.03E-05,0.0011056,100,50,0.0028856,8,0
0.0024105,0.0095357,0.11643,0.00021547,0.0024105,100,50,0.003932,5,0
0.008845,0.0084891,0.10365,0.00019182,0.008845,100,50,0.011542,4,0
0.004685,0.0032561,0.039757,7.36E-05,0.004685,100,50,0.0076421,5,0
0.015552,0.045934,0.56086,0.0010379,0.015552,100,50,0.0050736,1,0
0.0094088,0.0050935,0.062191,0.00011509,0.0094088,100,50,0.015348,5,0
0.0058319,0.0028375,0.034645,6.41E-05,0.0058319,100,50,0.0095129,5,0
0.0035639,0.0043156,0.052694,9.75E-05,0.0035639,100,50,0.010464,9,0
0.00071279,0.00046516,0.0056796,1.05E-05,0.00071279,100,50,0.0020928,9,0
0.045392,0.040003,0.48844,0.00090392,0.045392,100,50,0.014808,1,0
0.0067067,0.004419,0.053956,9.99E-05,0.0067067,100,50,0.015316,7,0
0.0023328,0.00078818,0.0096237,1.78E-05,0.0023328,100,50,0.0068493,9,0
0.010109,0.0079077,0.096553,0.00017868,0.010109,100,50,0.0098935,3,0
0.012053,0.024886,0.30386,0.00056232,0.012053,100,50,0.007864,2,0
0.0016385,0.0073428,0.089656,0.00016592,0.0016385,100,50,0.0037418,7,0
0.0010206,0.0091481,0.1117,0.00020671,0.0010206,100,50,0.0019977,6,0
0.000486,0.0075006,0.091583,0.00016948,0.000486,100,50,0.00095129,6,0
0.00081647,0.010187,0.12438,0.00023018,0.00081647,100,50,0.0013318,5,0
0.0034451,0.0048454,0.059162,0.00010949,0.0034451,100,50,0.010115,9,0
0.0067067,0.0062098,0.075822,0.00014032,0.0067067,100,50,0.01094,5,0
0.0025758,0.0070791,0.086436,0.00015996,0.0025758,100,50,0.0067225,8,0
0.010011,0.011367,0.13879,0.00025685,0.010011,100,50,0.013064,4,0
0.0078731,0.0070936,0.086613,0.00016029,0.0078731,100,50,0.005137,2,0
0.013997,0.0019382,0.023665,4.38E-05,0.013997,100,50,0.013699,3,0
0.0057671,0.0066285,0.080934,0.00014978,0.0057671,100,50,0.0056443,3,0
0.011081,0.01097,0.13394,0.00024788,0.011081,100,50,0.010845,3,0
0.030229,0.048958,0.59778,0.0011062,0.030229,100,50,0.0098617,1,0
0.0067844,0.0049074,0.059919,0.00011089,0.0067844,100,50,0.011067,5,0
0.0066581,0.00061052,0.0074544,1.38E-05,0.0066581,100,50,0.0086885,4,0
0.012393,0.022618,0.27617,0.00051108,0.012393,100,50,0.008086,2,0
0.0015228,0.0088961,0.10862,0.00020102,0.0015228,100,50,0.0029807,6,0
0.0013122,0.0027716,0.033841,6.26E-05,0.0013122,100,50,0.0025685,6,0
0.0057185,0.0085085,0.10389,0.00019226,0.0057185,100,50,0.011194,6,0
0.0030861,0.0092159,0.11253,0.00020824,0.0030861,100,50,0.0040271,4,0
0.0010497,0.0015815,0.019311,3.57E-05,0.0010497,100,50,0.0017123,5,0
0.003487,0.0038666,0.047211,8.74E-05,0.003487,100,50,0.0091007,8,0
0.0062855,0.013334,0.16281,0.00030131,0.0062855,100,50,0.0061517,3,0
0.045683,0.047795,0.58358,0.00108,0.045683,100,50,0.014904,1,0
0.0061721,0.00048454,0.0059162,1.09E-05,0.0061721,100,50,0.012081,6,0
0.0026146,0.00058145,0.0070995,1.31E-05,0.0026146,100,50,0.0085299,10,0
0.00044954,0.0024857,0.03035,5.62E-05,0.00044954,100,50,0.0011733,8,0
0.0021141,0.001599,0.019524,3.61E-05,0.0021141,100,50,0.0027588,4,0
0.029257,0.0020932,0.025558,4.73E-05,0.029257,100,50,0.0095446,1,0
0.010206,0.022676,0.27688,0.0005124,0.010206,100,50,0.0033295,1,0
0.022307,0.0076751,0.093713,0.00017343,0.022307,100,50,0.014555,2,0
0.0012441,0.0031631,0.038621,7.15E-05,0.0012441,100,50,0.0020294,5,0
0.0050786,0.013024,0.15903,0.0002943,0.0050786,100,50,0.0066273,4,0
0.0039462,0.0018723,0.02286,4.23E-05,0.0039462,100,50,0.012874,10,0
0.0041309,0.002694,0.032894,6.09E-05,0.0041309,100,50,0.008086,6,0
0.0034019,0.0012958,0.015822,2.93E-05,0.0034019,100,50,0.0077689,7,0
0.0068687,0.0045353,0.055376,0.00010248,0.0068687,100,50,0.0067225,3,0
0.0059097,0.01035,0.12637,0.00023386,0.0059097,100,50,0.0096398,5,0
0.00050759,0.0017573,0.021456,3.97E-05,0.00050759,100,50,0.0014904,9,0
0.0041601,0.0052912,0.064605,0.00011956,0.0041601,100,50,0.013572,10,0
0.0015968,0.004203,0.051319,9.50E-05,0.0015968,100,50,0.0036466,7,0
0.024786,0.052795,0.64463,0.001193,0.024786,100,50,0.008086,1,0
0.0047724,0.00307,0.037485,6.94E-05,0.0047724,100,50,0.01557,10,0
0.0042864,0.0054191,0.066167,0.00012245,0.0042864,100,50,0.013984,10,0
0.0034991,0.0039393,0.048099,8.90E-05,0.0034991,100,50,0.0091324,8,0
0.010789,0.017211,0.21014,0.0003889,0.010789,100,50,0.010559,3,0
0.035672,0.039887,0.48702,0.00090129,0.035672,100,50,0.011637,1,0
0.0052487,0.0055819,0.068155,0.00012613,0.0052487,100,50,0.005137,3,0
0.044906,0.040236,0.49128,0.00090917,0.044906,100,50,0.01465,1,0
0.0049814,0.0012792,0.015619,2.89E-05,0.0049814,100,50,0.013001,8,0
0.023085,0.0071518,0.087323,0.0001616,0.023085,100,50,0.015062,2,0
0.00097201,0.041748,0.50974,0.00094333,0.00097201,100,50,0.0003171,1,0
0.0055403,0.0040701,0.049696,9.20E-05,0.0055403,100,50,0.0090373,5,0
0.012441,0.041864,0.51116,0.00094596,0.012441,100,50,0.0040589,1,0
0.0028965,0.0024886,0.030386,5.62E-05,0.0028965,100,50,0.0047248,5,0
0.010376,0.0089543,0.10933,0.00020233,0.010376,100,50,0.01354,4,0
0.007076,0.008024,0.097973,0.00018131,0.007076,100,50,0.011542,5,0
0.0064151,0.020234,0.24706,0.00045721,0.0064151,100,50,0.0020928,1,0
3.24E-05,0.010621,0.12968,0.00023999,3.24E-05,100,50,3.17E-05,3,0
0.01317,0.01785,0.21795,0.00040335,0.01317,100,50,0.0085934,2,0
0.045294,0.01942,0.23712,0.00043882,0.045294,100,50,0.014777,1,0
0.0053783,0.0078301,0.095606,0.00017693,0.0053783,100,50,0.0052638,3,0
0.0047951,0.017792,0.21724,0.00040203,0.0047951,100,50,0.004693,3,0
0.0028382,0.0038259,0.046714,8.65E-05,0.0028382,100,50,0.0092593,10,0
0.0087154,0.0027134,0.033131,6.13E-05,0.0087154,100,50,0.0085299,3,0
0.0063989,0.00075588,0.0092293,1.71E-05,0.0063989,100,50,0.012525,6,0
0.0053459,0.0062021,0.075728,0.00014014,0.0053459,100,50,0.015696,9,0
0.0067067,0.013867,0.16932,0.00031335,0.0067067,100,50,0.0087519,4,0
0.0042573,0.0061866,0.075538,0.00013979,0.0042573,100,50,0.0069444,5,0
0.0022842,0.013838,0.16897,0.00031269,0.0022842,100,50,0.0014904,2,0
0.004685,0.0015001,0.018317,3.39E-05,0.004685,100,50,0.015284,10,0
0.00031937,0.0007808,0.0095336,1.76E-05,0.00031937,100,50,0.00072933,7,0
0.0050867,0.0015634,0.01909,3.53E-05,0.0050867,100,50,0.014935,9,0
0.0027216,0.0013179,0.016092,2.98E-05,0.0027216,100,50,0.0053272,6,0
0.008709,0.00051168,0.0062475,1.16E-05,0.008709,100,50,0.014206,5,0
0.0025488,0.0032303,0.039441,7.30E-05,0.0025488,100,50,0.0074835,9,0
0.0077111,0.0080046,0.097736,0.00018087,0.0077111,100,50,0.015094,6,0
0.0063017,0.0020932,0.025558,4.73E-05,0.0063017,100,50,0.012335,6,0
0.0038015,0.0052847,0.064526,0.00011941,0.0038015,100,50,0.011162,9,0
0.005818,0.0013456,0.01643,3.04E-05,0.005818,100,50,0.013286,7,0
0.0011664,0.0046386,0.056638,0.00010481,0.0011664,100,50,0.0034247,9,0
0.0040715,0.0026617,0.0325,6.01E-05,0.0040715,100,50,0.011955,9,0
0.0013122,0.0005233,0.0063895,1.18E-05,0.0013122,100,50,0.0034247,8,0
0.0047735,0.0059824,0.073046,0.00013518,0.0047735,100,50,0.014016,9,0
0.00031937,0.0065953,0.080528,0.00014903,0.00031937,100,50,0.00072933,7,0
0.0029159,0.0029072,0.035497,6.57E-05,0.0029159,100,50,0.0057078,6,0
0.011729,0.018606,0.22718,0.00042043,0.011729,100,50,0.011479,3,0
0.0037583,0.003353,0.04094,7.58E-05,0.0037583,100,50,0.0073567,6,0
0.0037907,0.0040934,0.04998,9.25E-05,0.0037907,100,50,0.0061834,5,0
0.0078731,0.0020157,0.024611,4.55E-05,0.0078731,100,50,0.015411,6,0
0.0093116,0.0023025,0.028114,5.20E-05,0.0093116,100,50,0.015189,5,0
0.0050786,0.0090996,0.11111,0.00020562,0.0050786,100,50,0.0066273,4,0
0.0040143,0.0048144,0.058784,0.00010879,0.0040143,100,50,0.013096,10,0
0.0046239,0.0079907,0.097567,0.00018056,0.0046239,100,50,0.010559,7,0
0.0057833,0.00055238,0.0067445,1.25E-05,0.0057833,100,50,0.015094,8,0
0.0090881,0.020816,0.25416,0.00047035,0.0090881,100,50,0.0059297,2,0
0.005273,0.0059162,0.072237,0.00013368,0.005273,100,50,0.013762,8,0
0.0072121,0.0056749,0.069291,0.00012823,0.0072121,100,50,0.011764,5,0
0.00061559,0.0036179,0.044174,8.18E-05,0.00061559,100,50,0.0018075,9,0
0.0025272,0.0094969,0.11596,0.00021459,0.0025272,100,50,0.0049467,6,0
0.00081,0.018878,0.2305,0.00042656,0.00081,100,50,0.00079274,3,0
0.0042038,0.002413,0.029463,5.45E-05,0.0042038,100,50,0.010972,8,0
0.0045845,0.00054269,0.0066262,1.23E-05,0.0045845,100,50,0.0089739,6,0
0.0066289,0.0066517,0.081218,0.0001503,0.0066289,100,50,0.010813,5,0
0.0058319,0.0068611,0.083774,0.00015503,0.0058319,100,50,0.0057078,3,0
0.00055542,0.007592,0.092699,0.00017155,0.00055542,100,50,0.0012684,7,0
0.002187,0.008867,0.10827,0.00020036,0.002187,100,50,0.0028539,4,0
0.0030131,0.0034305,0.041887,7.75E-05,0.0030131,100,50,0.001966,2,0
0.010206,0.015001,0.18317,0.00033897,0.010206,100,50,0.0033295,1,0
0.0031395,0.0054191,0.066167,0.00012245,0.0031395,100,50,0.010242,10,0
0.0037421,0.0041476,0.050643,9.37E-05,0.0037421,100,50,0.007325,6,0
0.0039851,1.29E-05,0.00015777,2.92E-07,0.0039851,100,50,0.011701,9,0
0.0032367,0.0021746,0.026552,4.91E-05,0.0032367,100,50,0.010559,10,0
0.0013608,0.0074813,0.091346,0.00016905,0.0013608,100,50,0.0026636,6,0
0.0023522,0.0027328,0.033367,6.18E-05,0.0023522,100,50,0.0076738,10,0
0.0021967,0.00091869,0.011217,2.08E-05,0.0021967,100,50,0.0071664,10,0
0.0034894,0.0046283,0.056512,0.00010458,0.0034894,100,50,0.011384,10,0
0.0032631,0.0010466,0.012779,2.36E-05,0.0032631,100,50,0.0074518,7,0
0.0092824,0.0089543,0.10933,0.00020233,0.0092824,100,50,0.0060566,2,0
0.0052973,0.0026601,0.03248,6.01E-05,0.0052973,100,50,0.013825,8,0
0.046655,0.032445,0.39615,0.00073312,0.046655,100,50,0.015221,1,0
0.0035408,0.0042362,0.051725,9.57E-05,0.0035408,100,50,0.008086,7,0
0.0034797,0.00051167,0.0062475,1.16E-05,0.0034797,100,50,0.0056761,5,0
0.002754,0.0017637,0.021535,3.99E-05,0.002754,100,50,0.0053907,6,0
0.0089746,0.0053881,0.065788,0.00012175,0.0089746,100,50,0.0087836,3,0
0.0078731,0.013955,0.17039,0.00031532,0.0078731,100,50,0.005137,2,0
0.0093796,0.0017734,0.021653,4.01E-05,0.0093796,100,50,0.01224,4,0
0.0048794,0.0033491,0.040893,7.57E-05,0.0048794,100,50,0.0079592,5,0
0.0057833,0.024246,0.29605,0.00054787,0.0057833,100,50,0.0037735,2,0
0.0048842,0.011949,0.14589,0.00026999,0.0048842,100,50,0.0063737,4,0
0.0059534,0.0036922,0.045082,8.34E-05,0.0059534,100,50,0.0077689,4,0
0.0068428,0.0073262,0.089453,0.00016554,0.0068428,100,50,0.011162,5,0
0.011372,0.0077623,0.094778,0.0001754,0.011372,100,50,0.01484,4,0
0.00084562,4.65E-05,0.00056796,1.05E-06,0.00084562,100,50,0.0027588,10,0
0.0022599,0.0038085,0.046502,8.61E-05,0.0022599,100,50,0.002949,4,0
0.00097201,0.04105,0.50122,0.00092757,0.00097201,100,50,0.0003171,1,0
0.0047627,0.0072681,0.088743,0.00016423,0.0047627,100,50,0.01243,8,0
0.0024022,0.00024919,0.0030426,5.63E-06,0.0024022,100,50,0.0054858,7,0
0.0023133,0.0034654,0.042313,7.83E-05,0.0023133,100,50,0.0037735,5,0
0.0017301,0.01135,0.13858,0.00025646,0.0017301,100,50,0.0028222,5,0
0.0050381,0.0032755,0.039994,7.40E-05,0.0050381,100,50,0.0098617,6,0
0.0104,0.0030235,0.036917,6.83E-05,0.0104,100,50,0.010179,3,0
0.00085535,0.0083263,0.10166,0.00018814,0.00085535,100,50,0.0013952,5,0
0.0088062,0.0094194,0.11501,0.00021284,0.0088062,100,50,0.014365,5,0
0.0061397,0.0058532,0.071468,0.00013226,0.0061397,100,50,0.012018,6,0
0.0046655,0.0070239,0.085762,0.00015871,0.0046655,100,50,0.0076104,5,0
0.035283,0.029305,0.35781,0.00066217,0.035283,100,50,0.011511,1,0
0.020314,0.032212,0.39331,0.00072786,0.020314,100,50,0.0066273,1,0
0.027507,0.050469,0.61623,0.0011404,0.027507,100,50,0.0089739,1,0
2.92E-05,0.00069773,0.0085194,1.58E-05,2.92E-05,100,50,9.51E-05,10,0
0.0088451,0.026165,0.31948,0.00059123,0.0088451,100,50,0.0028856,1,0
0.0035963,0.00046516,0.0056796,1.05E-05,0.0035963,100,50,0.0035198,3,0
0.0079379,0.005485,0.066972,0.00012394,0.0079379,100,50,0.015538,6,0
0.0067715,0.0027522,0.033604,6.22E-05,0.0067715,100,50,0.013255,6,0
0.016086,0.0030817,0.037627,6.96E-05,0.016086,100,50,0.010496,2,0
0.0039973,0.0062215,0.075964,0.00014058,0.0039973,100,50,0.010433,8,0
0.022987,0.0016862,0.020588,3.81E-05,0.022987,100,50,0.014999,2,0
0.037519,0.024304,0.29676,0.00054918,0.037519,100,50,0.01224,1,0
0.013316,0.052214,0.63753,0.0011798,0.013316,100,50,0.0043442,1,0
0.0019245,0.0054888,0.067019,0.00012403,0.0019245,100,50,0.0031393,5,0
0.010692,0.038608,0.4714,0.00087239,0.010692,100,50,0.0034881,1,0
0.00084239,0.0047679,0.058216,0.00010773,0.00084239,100,50,0.00082445,3,0