Date,ROWL.JLV1_FLOW.F_CV,ROWL.JLV2_FLOW.F_CV,ROWL.LHHW_FLOW.F_CV,ROWL.NOGALESLS_FLOW.F_CV,ROWL.PM22_FLOW.F_CV,ROWL.PM22_FLOW_SPT.F_CV,ROWL.PM9_FLOW.F_CV,ROWL.RS01_FLOW.F_CV,ROWL.RS06_FLOW.F_CV,ROWL.RS10_FLOW.F_CV,ROWL.RS12_FLOW.F_CV,ROWL.RS2_ZONEII_FLOW.F_CV,ROWL.RS2_ZONEIII_FLOW.F_CV,ROWL.RS2A_BYPASS_FLOW.F_CV,ROWL.RS2A_FLOW.F_CV,ROWL.RS2A_PUMP4_FLOW.F_CV,ROWL.RS2A_STATION_FLOW.F_CV,ROWL.RS4__9_P1_FLOW.F_CV,ROWL.RS4__9_P2_FLOW.F_CV,ROWL.RS4__9_P3_FLOW.F_CV,ROWL.SNTSV1_FLOW.F_CV,ROWL.SNTSV1_FLOW_SPT.F_CV,ROWL.SNTSV2_FLOW.F_CV,ROWL.SNTSV2_FLOW_SPT.F_CV,ROWL.SNTSV3_FLOW.F_CV,ROWL.SNTSV3_FLOW_SPT.F_CV,ROWL.WBS_FLOW.F_CV,ROWL.WBS_PRS_V1_FLOW.F_CV,ROWL.WBS_PRS_V2_FLOW.F_CV,ROWL.WELL1_FLOW.F_CV,ROWL.WELL1P2_FLOW.F_CV,ROWL.WELL1P3_FLOW.F_CV,ROWL.ZONE6_FLOW.F_CV,ROWL.ZONEV_FLOW.F_CV,ROWL.JL_VLV1_CUR_FLW.F_CV
8/15/22 0:00,0.00625,9.904686928,0.915541291,152.9375,6.38284874,6,,3184.6875,-4.375,2.5,2.059967995,0,5.0625,-1.500000119,6.5,1052.75,6.5,-0.375,-2.100000143,-0.300000012,0.0195,0,0,0,0,0,0,0,0,-37.5,-0.525000036,0.450000018,94.30075836,,
8/15/22 0:05,0.00625,9.915937424,0.915541291,157.6875,6.334019661,6,,3160.625,-2.875,2.1875,1.831082582,0,5.25,-2.25,6.5,1061.25,6.5,-0.300000012,-2.100000143,-0.300000012,0.0195,0,0,0,0,0,0,0,0,-37.5,-0.375,0.525000036,112.3826904,,
8/15/22 0:10,0.006875,9.901875496,0.915541291,154.625,6.439307213,6,,3163.4375,-3.875,2.1875,1.831082582,0,4.3125,-1.875,7,1052.5,7,-0.375,-2.174999952,-0.300000012,0.0195,0,0,0,0,0,0,0,0,-37.5,1.950000048,0.525000036,87.43419647,,
8/15/22 0:15,0.006875,9.9140625,0.915541291,154.0625,6.366064072,6,,3141.562744,-2.25,2.5,2.059967995,0,5.0625,-2.25,6.5,1047.875,6.5,-0.375,-2.100000143,-0.300000012,0.020718751,0,0,0,0,0,0,0,0,-37.5,-0.525000036,0.450000018,47.60814667,,
8/15/22 0:20,0.00625,9.921562195,0.915541291,154.125,6.38284874,6,,3178.75,-4.375,2.5,2.059967995,0,4.875,-1.875,6.5,1052.875,6.5,-0.375,-2.174999952,-0.300000012,0.020718751,0,0,0,0,0,0,0,0,-37.5,-0.375,0.450000018,50.12588882,,
8/15/22 0:25,0.004375,9.911249161,0.915541291,155,6.424047947,6,,3178.437256,-3.5,2.812499762,1.831082582,0,4.5,-1.875,6.5,1054.25,6.5,-0.375,-2.174999952,-0.300000012,0.0195,0,0,0,0,0,0,0,0,-37.5,-0.375,1.950000048,88.80751038,,
8/15/22 0:30,0.006875,9.906562805,0.915541291,154,6.343174934,6,,3154.6875,-2.625,2.5,1.831082582,0,4.875,-1.875,6.5,1048.375,6.5,-0.375,-2.174999952,-0.300000012,0.0195,0,0,0,0,0,0,0,0,-37.5,-0.525000036,0.525000036,94.5296402,,
8/15/22 0:35,0.00625,9.885937691,0.915541291,155.3125,6.326390266,6,,3161.25,-3.625,2.1875,1.831082582,0,5.25,-1.875,6.5,1049.625,6.5,-0.375,-2.174999952,-0.300000012,0.020718751,0,0,0,0,0,0,0,0,-37.5,2.100000143,0.525000036,109.178299,,
8/15/22 0:40,0.004375,9.889687538,0.915541291,154.3125,6.311131477,6,,3148.75,-2.5,2.1875,2.059967995,0,4.875,-2.25,6,1052.75,6,-0.375,-2.174999952,-0.375,0.0195,0,0,0,0,0,0,0,0,-37.5,-0.375,1.5,73.01441956,,
8/15/22 0:45,0.006875,9.899062157,0.915541291,147.4375,6.439307213,6,,3150.625,-1.875,2.1875,1.831082582,0,3.9375,-2.25,6,1033.375,6,-0.375,-2.174999952,-0.375,0.0195,0,0,0,0,0,0,0,0,-37.5,-0.600000024,0.525000036,45.31929779,,
8/15/22 0:50,0.00375,9.910312653,0.915541291,150.75,6.323338509,6,,3151.5625,-4.125,1.875,1.831082582,0,4.5,-2.625,6,1034.625,6,-0.375,-2.174999952,-0.300000012,0.020718751,0,0,0,0,0,0,0,0,-37.5,-0.525000036,0.525000036,62.02792358,,
8/15/22 0:55,0.0075,9.87562561,0.915541291,148.4375,5.900663853,6,,3162.5,-4.25,2.1875,1.831082582,0,5.0625,-2.625,6.5,1031,6.5,-0.375,-2.174999952,-0.300000012,0.0195,0,0,0,0,0,0,0,0,-37.5,-0.450000018,0.674999952,87.43419647,,
8/15/22 1:00,0.00625,9.895313263,0.915541291,156,5.841154099,6,,3116.562256,-2.375,2.812499762,1.831082582,0,5.0625,-2.25,6.5,1039.875,6.5,-0.375,-2.174999952,-0.375,0.0195,0,0,0,0,0,0,0,0,-37.5,2.100000143,0.525000036,14.19089031,,
8/15/22 1:05,0.00625,9.894374847,0.762951076,151.625,5.856412888,6,,3141.562744,-2.875,2.5,2.059967995,0,5.25,-2.625,6,1039.625,6,-0.375,-2.174999952,-0.375,0.0195,0,0,0,0,0,0,0,0,-37.5,-0.300000012,0.450000018,43.03044128,,
8/15/22 1:10,0.004375,9.883125305,0.762951076,151.8125,5.893034458,6,,3128.75,-3,2.1875,1.831082582,0,5.0625,-1.875,6.5,1040.125,6.5,-0.375,-2.174999952,-0.375,0.0195,0,0,0,0,0,0,0,0,-37.5,1.950000048,0.525000036,54.47470856,,
8/15/22 1:15,0.00625,9.90093708,0.915541291,158.375,5.899137974,6,,3141.562744,-4,2.1875,2.059967995,0,4.875,-2.25,6.5,1058.5,6.5,-0.375,-2.174999952,-0.375,0.0195,0,0,0,0,0,0,0,0,-37.5,-0.525000036,0.450000018,63.63012314,,
8/15/22 1:20,0.004375,9.868124962,0.915541291,0,5.851835251,6,,3149.375,-2.25,2.1875,2.059967995,0,4.875,-2.25,6.5,1055.625,6.5,-0.375,-2.174999952,-0.375,0.0195,0,0,0,0,0,0,0,0,-37.5,0.975000024,0.525000036,75.0743866,,
8/15/22 1:25,0.00625,9.874687195,0.915541291,0.0625,5.818264961,6,,3108.437256,-4,2.5,2.059967995,0,4.5,-1.875,6,1042.5,6,-0.375,-2.174999952,-0.375,0.0195,0,0,0,0,0,0,0,0,-37.5,-0.375,0.525000036,85.1453476,,
8/15/22 1:30,0.006875,9.901875496,0.915541291,0,5.894560337,6,,3.125,-3.25,2.5,2.059967995,0,5.25,-2.25,5.5,1042.75,5.5,-0.375,-2.174999952,-0.375,0.020718751,0,0,0,0,0,0,0,0,-37.5,-0.525000036,0.525000036,71.41222382,,
8/15/22 1:35,0.006875,9.909374237,0.915541291,0,5.856412888,6,,2.812499762,-2.75,2.5,1.831082582,0,4.5,-2.25,6,1043.5,6,-0.450000018,-2.25,-0.375,0.021937499,0,0,0,0,0,0,0,0,-37.5,2.100000143,2.174999952,98.87846375,,
8/15/22 1:40,0.005625,9.900000572,0.915541291,0.375,5.838101387,6,,2.5,-4.125,2.1875,2.059967995,0,5.0625,-2.25,6,1037.5,6,-0.375,-2.174999952,-0.375,0.0195,0,0,0,0,0,0,0,0,-37.5,-0.375,0.525000036,97.96292114,,
8/15/22 1:45,0.006875,9.871874809,0.915541291,0,5.894560337,6,,3.75,-4,2.1875,2.059967995,0,5.0625,-1.875,6.5,1038.125,6.5,-0.450000018,-2.25,-0.375,0.0195,0,0,0,0,0,0,0,0,-37.5,-0.525000036,0.450000018,67.97894287,,
8/15/22 1:50,0.0075,9.898124695,0.915541291,0,5.835049629,6,,2.1875,-5,2.1875,1.602197289,0,4.875,-2.25,5.5,1022.874939,5.5,-0.450000018,-2.25,-0.450000018,0.0195,0,0,0,0,0,0,0,0,-37.5,-0.375,0.375,85.1453476,,
8/15/22 1:55,0.00625,9.905625343,0.915541291,0,5.850309372,6,,2.812499762,-3.875,2.1875,1.831082582,0,4.5,-1.875,6,1028.125,6,-0.450000018,-2.174999952,-0.375,0.020718751,0,0,0,0,0,0,0,0,-37.5,-0.450000018,0.525000036,102.5406265,,
8/15/22 2:00,0.00625,9.872812271,0.915541291,0,5.918974876,6,,2.812499762,-2.875,2.1875,1.831082582,0,4.875,-2.625,5.5,1029.625,5.5,-0.375,-2.25,-0.450000018,0.0195,0,0,0,0,0,0,0,0,-37.5,-0.525000036,0.450000018,53.10139465,,
8/15/22 2:05,0.00625,9.886874199,0.915541291,164.5625,5.8899827,6,,2.812499762,-4.25,1.875,1.831082582,0,5.0625,-1.875,6,1033.5,6,-0.450000018,-2.25,-0.375,0.0195,0,0,0,0,0,0,0,0,-37.5,2.025000095,1.800000072,40.74158859,,
8/15/22 2:10,0.0075,9.885937691,0.915541291,157.875,5.865568161,6,,2.1875,-2.625,2.5,1.831082582,0,5.0625,-1.875,6,1020.750061,6,-0.450000018,-2.25,-0.450000018,0.020718751,0,0,0,0,0,0,0,0,-37.5,-0.450000018,0.525000036,43.03044128,,
8/15/22 2:15,0.006875,9.893438339,0.915541291,156.25,5.873197556,6,,2.5,-4.25,2.1875,1.831082582,0,4.875,-2.25,5.5,1015.125061,5.5,-0.525000036,-2.174999952,-0.450000018,0.020718751,0,0,0,0,0,0,0,0,-37.5,3.225000143,0.525000036,65.69008636,,
8/15/22 2:20,0.006875,9.878437042,0.915541291,155.6875,5.886930943,6,,2.1875,-3.125,2.812499762,1.831082582,0,5.0625,-1.875,6.5,1017.874939,6.5,-0.450000018,-2.25,-0.450000018,0.0195,0,0,0,0,0,0,0,0,-37.5,-0.375,0.525000036,61.34127045,,
8/15/22 2:25,0.005625,9.905625343,0.915541291,156.0625,5.880827427,6,,2.5,-3.625,2.812499762,1.831082582,0,5.0625,-2.25,5.5,1013.124939,5.5,-0.450000018,-2.25,-0.450000018,0.0195,0,0,0,0,0,0,0,0,-37.5,-0.450000018,0.600000024,59.51018906,,
8/15/22 2:30,0.00375,9.868124962,0.915541291,142.875,5.897612095,6,,2.1875,-3.875,2.1875,1.831082582,0,5.0625,-1.875,5,997.75,5,-0.450000018,-2.325000048,-0.450000018,0.0195,0,0,0,0,0,0,0,0,-37.5,0.300000012,0.525000036,79.88098145,,
8/15/22 2:35,0.004375,9.87562561,0.915541291,160.625,5.862516403,6,,2.1875,-2.25,2.1875,1.831082582,0,5.0625,-1.875,5,1016.75,5,-0.525000036,-2.25,-0.450000018,0.020718751,0,0,0,0,0,0,0,0,-37.5,-0.375,0.525000036,53.78805161,,
8/15/22 2:40,0.005625,9.879375458,0.915541291,160.0625,5.909819126,6,,3.125,-3.375,1.875,1.831082582,0,4.6875,-2.25,5,1019.75,5,-0.525000036,-2.25,-0.450000018,0.0195,0,0,0,0,0,0,0,0,-37.5,3.225000143,1.5,45.09040833,,
8/15/22 2:45,0.004375,9.85874939,0.915541291,156.6875,5.839627266,6,,3.125,-3.25,2.1875,1.831082582,0,4.3125,-2.25,5.5,1014.75,5.5,-0.525000036,-2.325000048,-0.525000036,0.020718751,0,0,0,0,0,0,0,0,-37.5,-0.450000018,0.900000036,68.20782471,,
8/15/22 2:50,0.005,9.870937347,0.915541291,151.4375,5.886930943,6,,2.1875,-3.5,2.1875,2.059967995,0,4.5,-2.25,6,1001.000061,6,-0.450000018,-2.325000048,-0.525000036,0.020718751,0,0,0,0,0,0,0,0,-37.5,-0.450000018,1.349999905,43.71709824,,
8/15/22 2:55,0.00625,9.873749733,0.762951076,154.5,5.879301548,6,,2.5,-3.625,2.1875,1.831082582,0,4.5,-2.625,5.5,1004.125,5.5,-0.525000036,-2.325000048,-0.525000036,0.0195,0,0,0,0,0,0,0,0,-37.5,-0.150000006,0.75,48.52369308,,
8/15/22 3:00,0.005625,9.874687195,0.762951076,156.5625,5.929656029,6,,2.812499762,-2.625,2.1875,1.831082582,0,4.6875,-2.25,5.5,1005.125061,5.5,-0.525000036,-2.325000048,-0.450000018,0.020718751,0,0,0,0,0,0,0,0,-37.5,-0.375,0.450000018,35.93499756,,
8/15/22 3:05,0.006875,9.908437729,0.915541291,153.1875,5.937285423,6,,1.5625,-2.875,1.875,2.059967995,0,4.5,-2.25,5,996,5,-0.525000036,-2.325000048,-0.525000036,0.0195,0,0,0,0,0,0,0,0,-37.5,2.025000095,0.525000036,22.6596489,,
8/15/22 3:10,0.005625,9.877500534,0.915541291,160.3125,5.857938766,6,,2.1875,-2.625,2.1875,1.831082582,0,5.0625,-2.25,5,1019.75,5,-0.525000036,-2.325000048,-0.525000036,0.0195,0,0,0,0,0,0,0,0,-37.5,-0.600000024,1.725000024,12.13092327,,
8/15/22 3:15,0.005,9.869062424,0.915541291,153.8125,5.86709404,6,,1.5625,-3.625,2.1875,1.831082582,0,5.0625,-2.25,5,997.375,5,-0.525000036,-2.325000048,-0.525000036,0.018281249,0,0,0,0,0,0,0,0,-37.5,-0.450000018,0.450000018,32.50171661,,
8/15/22 3:20,0.005,9.866250038,0.915541291,0.375,5.854887009,6,,1.5625,-3,2.1875,1.831082582,0,4.6875,-2.25,6,1020.249939,6,-0.600000024,-2.325000048,-0.525000036,0.020718751,0,0,0,0,0,0,0,0,-37.5,-0.450000018,2.775000095,32.50171661,,
8/15/22 3:25,0.005,9.87562561,0.915541291,0,5.859464645,6,,1.5625,-3.5,2.1875,1.831082582,0,4.5,-2.25,5,1018.375061,5,-0.600000024,-2.400000095,-0.525000036,0.020718751,0,0,0,0,0,0,0,0,-37.5,2.924999952,0.525000036,17.6241703,,
8/15/22 3:30,0.004375,9.855000496,0.915541291,0,5.854887009,6,,2.1875,-3.375,2.1875,1.831082582,0,4.5,-2.25,6,1008.5,6,-0.600000024,-2.400000095,-0.525000036,0.0195,0,0,0,0,0,0,0,0,-37.5,-0.300000012,0.450000018,15.33531761,,
8/15/22 3:35,0.005625,9.870937347,0.915541291,0,5.86709404,6,,2.1875,-3.625,2.1875,1.831082582,0,4.5,-2.25,5,1013.124939,5,-0.525000036,-2.325000048,-0.525000036,0.0195,0,0,0,0,0,0,0,0,-37.5,-0.300000012,0.75,22.88853264,,
8/15/22 3:40,0.004375,9.881250381,0.915541291,0,5.827420235,6,,2.1875,-2.75,2.1875,1.831082582,0,5.0625,-2.625,5,1011.374939,5,-0.600000024,-2.325000048,-0.525000036,0.020718751,0,0,0,0,0,0,0,0,-37.5,-0.450000018,2.775000095,25.86404228,,
8/15/22 3:45,0.00625,9.859687805,0.762951076,0,5.893034458,6,,2.5,-3.625,2.5,1.831082582,0,4.875,-2.625,5,1008.875,5,-0.600000024,-2.400000095,-0.525000036,0.0195,0,0,0,0,0,0,0,0,-37.5,-0.450000018,0.525000036,43.03044128,,
8/15/22 3:50,0.006875,9.869062424,0.762951076,0.3125,5.850309372,6,,1.25,-3.875,2.1875,2.059967995,0,4.875,-2.625,5,1012.75,5,-0.600000024,-2.400000095,-0.525000036,0.0195,0,0,0,0,0,0,0,0,-37.5,1.950000048,0.525000036,48.52369308,,
8/15/22 3:55,0.0075,9.898124695,0.915541291,0.0625,5.838101387,6,,1.875,-2.5,2.1875,1.831082582,0,4.5,-1.875,5,1018.125061,5,-0.600000024,-2.325000048,-0.525000036,0.0195,0,0,0,0,0,0,0,0,-37.5,-0.525000036,1.649999976,45.09040833,,
8/15/22 4:00,0.00375,9.883125305,0.915541291,0,5.835049629,6,,1.5625,-3.375,2.1875,2.059967995,0,5.0625,-2.625,5,1011.25,5,-0.600000024,-2.400000095,-0.525000036,0.020718751,0,0,0,0,0,0,0,0,-37.5,-0.450000018,0.450000018,75.0743866,,
8/15/22 4:05,0.0075,9.889687538,0.915541291,0,5.844205856,6,,2.5,-2.875,1.5625,1.831082582,0,4.5,-2.625,5,1007.125,5,-0.600000024,-2.400000095,-0.525000036,1.160250068,2,0.634968758,1,0.552093744,1,0,0,0,-37.5,-0.375,1.200000048,75.0743866,,
8/15/22 4:10,0.004375,9.901875496,0.915541291,141.625,5.740444183,6,,1.5625,-4.25,2.1875,1.831082582,0,4.3125,-2.25,5,994,5,-0.600000024,-2.400000095,-0.525000036,3.859781265,6,4.481343746,5,4.447218895,5,0,0,0,-37.5,-0.600000024,0.450000018,56.99245071,,
8/15/22 4:15,0.004375,9.911249161,0.915541291,136.5,5.831997871,6,,1.875,-2.625,2.5,1.831082582,0,4.5,-2.25,4.5,984.25,4.5,-0.600000024,-2.400000095,-0.525000036,5.333250046,6,5.835375309,6,5.746406555,6,0,0,0,-37.5,-0.525000036,0.525000036,56.99245071,,
8/15/22 4:20,0.00375,9.888750076,0.915541291,133.9375,5.793850422,6,,2.1875,-4.5,1.875,2.059967995,0,4.5,-2.25,5,973.25,5,-0.600000024,-2.400000095,-0.600000024,5.369812489,6,5.312531471,6,5.693999767,6,0,0,0,-37.5,-0.600000024,1.275000095,63.63012314,,
8/15/22 4:25,0.00625,9.841875076,0.762951076,134.75,5.723659515,6,,1.5625,-3,2.1875,2.059967995,0,4.5,-1.875,5,977.875,5,-0.600000024,-2.400000095,-0.525000036,5.620874882,6,5.7269063,6,6.203437805,6,0,0,0,-37.5,-0.450000018,0.525000036,49.89699936,,
8/15/22 4:30,0.00625,9.87562561,0.762951076,134.5625,5.716029167,6,,2.1875,-4.5,2.1875,2.059967995,0,4.5,-2.625,4.5,975.5,4.5,-0.600000024,-2.400000095,-0.600000024,5.568468571,6,5.414906025,6,6.268031597,6,0,0,0,-37.5,-0.674999952,0.450000018,63.85900497,,
8/15/22 4:35,0.004375,9.872812271,0.915541291,140.5625,5.717555046,6,,1.5625,-3.875,2.1875,2.059967995,0,5.0625,-2.25,4.5,986.25,4.5,-0.600000024,-2.400000095,-0.525000036,5.620874882,6,5.330812454,6,6.166874886,6,0,0,0,-37.5,2.100000143,0.450000018,73.01441956,,
8/15/22 4:40,0.004375,9.914999962,0.915541291,143.8125,5.729763031,6,,1.25,-2,2.1875,1.831082582,0,4.3125,-2.25,5,996.75,5,-0.600000024,-2.400000095,-0.525000036,5.563593864,6,5.468531132,6,5.952374935,6,0,0,0,-37.5,-0.525000036,0.674999952,90.86747742,,
8/15/22 4:45,0.004375,9.909374237,0.915541291,131.125,5.66109705,6,,2.1875,-2.875,1.5625,1.831082582,0,4.5,-1.875,4,967.5,4,-0.600000024,-2.400000095,-0.525000036,5.718374729,6,5.887781143,6,5.813437462,6,0,0,0,-37.5,-0.525000036,0.525000036,103.4561691,,
8/15/22 4:50,0.005625,9.889687538,0.915541291,135.25,5.702296257,6,,2.1875,-4.125,2.1875,2.059967995,0,4.5,-1.875,5,967.375,5,-0.600000024,-2.400000095,-0.525000036,5.518499851,6,5.831718445,6,5.388093948,6,0,0,0,-37.5,-0.525000036,0.450000018,100.2517776,,
8/15/22 4:55,0.00375,9.916874886,0.762951076,135.625,5.668726444,6,,1.875,-2.625,2.1875,1.831082582,0,4.875,-2.25,5,978,5,-0.600000024,-2.400000095,-0.525000036,5.622093678,6,5.518499851,6,5.896312237,6,0,0,0,-37.5,2.775000095,0.525000036,91.09635925,,
8/15/22 5:00,0.0075,9.899062157,0.762951076,136.875,5.693140984,6,,1.5625,-4.125,2.1875,1.831082582,0,4.5,-2.25,4.5,979.375,4.5,-0.600000024,-2.400000095,-0.525000036,5.516062737,6,5.986500263,6,5.850000381,6,0,0,0,-37.5,-0.450000018,0.525000036,88.80751038,,
8/15/22 5:05,0.00625,9.896249771,0.915541291,138.3125,5.720606804,6,,1.5625,-2.75,2.1875,2.059967995,0,1.500000119,-2.25,5,975.875,5,-0.674999952,-2.400000095,-0.600000024,5.7269063,6,6.036468983,6,6.058406353,6,0,0,0,-37.5,-0.450000018,0.525000036,204.1657104,,
8/15/22 5:10,0.004375,9.912187576,0.915541291,132.5625,5.775539875,6,,1.5625,-2.875,2.1875,1.831082582,0,1.875,-2.25,5,971.625,5,-0.674999952,-2.400000095,-0.525000036,5.930437565,6,5.52093792,6,5.923125267,6,0,0,0,-37.5,-0.525000036,0.450000018,197.2991638,,
8/15/22 5:15,0.00625,9.889687538,0.762951076,124.1875,5.770962238,6,,1.5625,-2.625,2.1875,2.059967995,0,0.75000006,-2.25,5,951.75,5,-0.600000024,-2.400000095,-0.600000024,5.724468708,6,5.835375309,6,6.004781246,6,0,0,0,-37.5,-0.375,2.25,171.2062225,,
8/15/22 5:20,0.005625,9.904686928,0.762951076,122.125,5.741970062,6,,1.5625,-4,2.1875,1.831082582,0,0.187500015,-2.25,4,946.75,4,-0.600000024,-2.400000095,-0.525000036,5.718374729,6,6.038906097,6,6.314343929,6,0,0,0,-37.5,-0.375,0.674999952,197.2991638,,
8/15/22 5:25,0.00625,9.90375042,0.762951076,119.5,5.740444183,6,,1.5625,-3.125,1.875,1.831082582,0,1.3125,-2.625,4,942.5,4,-0.600000024,-2.400000095,-0.600000024,5.668406487,6,6.042562485,6,5.902406216,6,0,0,0,-37.5,-0.450000018,0.450000018,157.4730988,,
8/15/22 5:30,0.005625,9.890625,0.762951076,121.0625,5.737392426,6,,0.625,-3.25,2.1875,1.831082582,0,0.9375,-2.25,4.5,942.125,4.5,-0.674999952,-2.400000095,-0.600000024,5.775656223,6,5.736656189,6,5.644031525,6,0,0,0,-37.5,-0.600000024,0.525000036,108.4916458,,
8/15/22 5:35,0.00625,9.904686928,0.915541291,117.9375,5.760280609,6,,1.875,-2.5,2.1875,2.059967995,0,1.3125,-2.25,5,936.25,5,-0.674999952,-2.400000095,-0.600000024,5.568468571,6,5.871937275,6,6.319218636,6,0,0,0,-37.5,-0.450000018,0.450000018,94.5296402,,
8/15/22 5:40,0.00625,9.920624733,0.915541291,121.25,5.784695148,6,,2.1875,-2.25,2.1875,2.059967995,0,0.37500003,-2.25,3.5,941.125,3.5,-0.600000024,-2.400000095,-0.600000024,5.70862484,6,5.935312271,6,6.054749966,6,0,0,0,-37.5,-0.450000018,0.450000018,131.3801727,,
8/15/22 5:45,0.005625,9.921562195,0.915541291,121.375,5.74502182,6,,1.5625,-3.25,2.5,1.602197289,0,0.75000006,-2.25,4.5,948.375,4.5,-0.600000024,-2.400000095,-0.600000024,5.620874882,6,5.569687843,6,5.691562653,6,0,0,0,-37.5,-0.525000036,0.525000036,142.5955658,,
8/15/22 5:50,0.005625,9.932812691,0.915541291,122.6875,5.738918304,6,,1.25,-2.875,1.5625,1.602197289,0,0.37500003,-2.625,4.5,947.875,4.5,-0.674999952,-2.400000095,-0.525000036,5.776874542,6,5.675718784,6,6.158343792,6,0,0,0,-37.5,0.824999988,0.450000018,98.87846375,,
8/15/22 5:55,0.004375,9.916874886,0.915541291,116,5.749599457,6,,1.25,-4.25,1.5625,1.831082582,0,1.500000119,-1.875,4,939.375,4,-0.674999952,-2.400000095,-0.600000024,5.67328167,6,5.728124619,6,5.423437119,6,0,0,0,-37.5,-0.600000024,0.450000018,87.66307831,,
8/15/22 6:00,0.004375,9.916874886,0.915541291,113.25,5.726711273,6,,1.25,-2.75,2.1875,1.831082582,0,0.9375,15.375,3.5,933.5,3.5,-0.600000024,-2.400000095,-0.600000024,5.773218632,6,6.299718857,6,5.903625011,6,0,0,0,-37.5,-0.525000036,0.525000036,63.85900497,,
8/15/22 6:05,0.005,9.942187309,0.915541291,115.6875,5.769436359,6,,2.1875,-2.75,2.5,1.831082582,0,0.5625,20.625,4,933.5,4,-0.674999952,-2.400000095,-0.600000024,5.361281395,6,5.86096859,6,6.00356245,6,0,0,0,-37.5,2.100000143,0.450000018,160.4486084,,
8/15/22 6:10,0.008125,9.909374237,0.915541291,113.5625,5.821316719,6,,1.5625,-3.75,2.1875,2.059967995,0,1.875,38.625,4,929.625,4,-0.674999952,-2.400000095,-0.600000024,5.724468708,6,6.042562485,6,6.159562588,6,0,0,0,-37.5,2.924999952,2.100000143,176.92836,,
8/15/22 6:15,0.004375,9.921562195,0.915541291,113.75,5.799953938,6,,1.875,-3.75,1.5625,1.831082582,0,0.187500015,66,4.5,928.625,4.5,-0.674999952,-2.400000095,-0.600000024,5.925562382,6,5.908500195,6,5.675718784,6,0,0,0,-37.5,-0.600000024,1.200000048,226.8253632,,
8/15/22 6:20,0.006875,9.90093708,0.915541291,111.375,5.856412888,6,,1.25,-2.5,2.1875,1.831082582,0,1.500000119,75,3.5,924.125,3.5,-0.674999952,-2.474999905,-0.674999952,5.723249912,6,5.796375275,6,6.28265667,6,0,0,0,-37.5,-0.525000036,0.525000036,8.010986328,,
8/15/22 6:25,0.004375,9.935625076,0.762951076,112.625,5.754177094,6,,1.5625,-4.125,1.875,2.059967995,0,0.5625,45.75,3.5,931.625,3.5,-0.674999952,-2.400000095,-0.674999952,5.661093712,6,5.832937241,6,6.210750103,6,0,0,0,-37.5,-0.450000018,0.824999988,98.64958191,,
8/15/22 6:30,0.0075,9.870937347,0.762951076,118.375,5.838101387,6,,1.5625,-4.25,1.875,1.831082582,0,0,-1.875,3.5,936.125,3.5,-0.674999952,-2.474999905,-0.600000024,5.826843739,6,6.353343487,6,5.878031254,6,0,0,0,-37.5,-0.375,0.75,108.9494171,,
8/15/22 6:35,0.005625,9.900000572,0.915541291,114.625,5.854887009,6,,2.1875,-4.625,2.1875,2.059967995,0,1.125,48.00000381,4,928.25,4,-0.674999952,-2.474999905,-0.600000024,5.882906437,6,6.194906235,6,6.103499889,6,0,0,0,-37.5,-0.525000036,0.75,139.3911591,,
8/15/22 6:40,0.004375,9.901875496,0.915541291,112.5,5.780117512,6,,1.25,-3.125,1.875,1.831082582,0,0.9375,39,3.5,926.625,3.5,-0.674999952,-2.474999905,-0.600000024,5.622093678,6,5.987719059,6,6.002344131,6,0,0,0,-37.5,-0.525000036,0.525000036,124.0558472,,
8/15/22 6:45,0.0075,9.933750153,0.915541291,111.9375,5.778591633,6,,2.5,-4.375,2.1875,2.059967995,0,0,43.875,3.5,930,3.5,-0.674999952,-2.474999905,-0.600000024,5.614780903,6,5.774437428,6,6.781125069,6,0,0,0,-37.5,-0.525000036,0.900000036,71.18333435,,
8/15/22 6:50,0.005625,9.944063187,0.915541291,114.3125,5.757228851,6,,2.5,-4.5,2.1875,2.059967995,0,0.9375,28.5,4.5,926.75,4.5,-0.674999952,-2.400000095,-0.600000024,5.865843773,6,5.786625385,6,5.585531235,6,0,0,0,-37.5,-0.375,0.900000036,107.1183319,,
8/15/22 6:55,0.006875,9.916874886,0.915541291,115,5.741970062,6,,1.5625,-4,2.1875,1.831082582,0,1.125,38.625,3.5,930.25,3.5,-0.674999952,-2.474999905,-0.674999952,5.881687641,6,5.728124619,6,5.589187622,6,0,0,0,-37.5,-0.375,0.674999952,87.43419647,,
8/15/22 7:00,0.006875,9.879375458,0.915541291,111.75,5.838101387,6,,1.25,-2.25,2.5,2.059967995,0,0.187500015,73.125,3.5,924.875,3.5,-0.674999952,-2.474999905,-0.600000024,5.990156174,6,6.09375,6,5.701312542,6,0,0,0,-37.5,-0.525000036,0.525000036,71.41222382,,
8/15/22 7:05,0.004375,9.863437653,0.915541291,115.75,5.810635567,6,,1.875,-3.125,2.5,1.831082582,0,0.9375,24.75,3.5,933.5,3.5,-0.674999952,-2.400000095,-0.600000024,5.830500126,6,5.725687504,6,5.535562515,6,0,0,0,-37.5,-0.375,0.975000024,75.9899292,,
8/15/22 7:10,0.004375,9.911249161,0.915541291,104.6875,5.792324543,6,,1.25,-2.625,2.1875,1.831082582,0,2.25,129,3.5,913.5,3.5,-0.674999952,-2.474999905,-0.600000024,5.819531441,6,5.695218563,6,5.751281261,6,0,0,0,-37.5,2.100000143,1.050000072,89.49416351,,
8/15/22 7:15,0.004375,9.957187653,0.915541291,106.25,5.80605793,6,,2.1875,-2.875,2.1875,1132.753418,0,1.500000119,100.875,3.5,911.875,3.5,-0.674999952,-2.474999905,-0.600000024,5.830500126,6,5.817093372,6,5.757374763,6,0,0,0,-37.5,-0.450000018,0.375,78.04989624,,
8/15/22 7:20,0.004375,9.9375,0.915541291,106.25,5.80605793,6,,1.875,-3.25,2.1875,1134.584595,0,1.125,90,4,915.5,4,-0.674999952,-2.474999905,-0.600000024,5.929218292,6,5.778093815,6,5.384437561,6,0,0,0,-37.5,-0.450000018,0.525000036,90.86747742,,
8/15/22 7:25,0.006875,9.944999695,0.915541291,101.8125,5.842679977,6,,2.5,-2.5,2.1875,1130.693481,0,1.500000119,123.7500076,3.5,910.625,3.5,-0.75,-2.474999905,-0.600000024,5.982843876,6,6.253406525,6,5.757374763,6,0,0,0,-37.5,-0.525000036,0.600000024,100.2517776,,
8/15/22 7:30,0.004375,9.931875229,0.915541291,99.125,5.854887009,6,,2.1875,-4.75,2.5,1127.946899,0,0.37500003,198,3.5,907.875,3.5,-0.600000024,-2.474999905,-0.600000024,6.034031391,6,5.525812626,6,6.265593529,6,0,0,0,-37.5,-0.525000036,0.525000036,71.18333435,,
8/15/22 7:35,0.005625,9.938437462,0.915541291,106.5625,5.905241489,6,,1.25,-4.75,2.1875,1128.633545,0,1.875,233.6250153,4,917,4,-0.674999952,-2.400000095,-0.600000024,5.880468369,6,6.09009409,6,5.341781139,6,0,0,0,-37.5,-0.375,0.525000036,102.3117447,,
8/15/22 7:40,0.00625,9.962812424,0.915541291,103.5,5.899137974,6,,2.1875,-2.25,2.1875,1124.971436,0,0.37500003,110.25,4,915.25,4,-0.600000024,-2.400000095,-0.600000024,5.880468369,6,5.623312473,6,5.985280991,6,0,0,0,-37.5,2.174999952,0.525000036,71.41222382,,
8/15/22 7:45,0.00625,9.912187576,0.915541291,102.8125,5.990691662,6,,2.1875,-4,2.1875,1125.200317,0,0.75000006,148.125,3,911.375,3,-0.674999952,-2.400000095,-0.600000024,5.82928133,6,6.035250187,6,6.186375141,6,0,0,0,-37.5,-0.375,0.525000036,75.0743866,,
8/15/22 7:50,0.0075,9.920624733,0.915541291,104.75,6.009002686,6,,1.5625,-2.875,2.1875,1130.235718,0,0.75000006,112.875,3.5,911.5,3.5,-0.600000024,-2.400000095,-0.600000024,5.984062195,6,5.784187317,6,5.743968487,6,0,0,0,-37.5,-0.225000009,0.525000036,63.85900497,,
8/15/22 7:55,0.00625,9.927186966,0.915541291,101.5,5.880827427,6,,1.5625,-4.625,1.875,1127.946899,0,0.75000006,116.6249924,3.5,911.75,3.5,-0.600000024,-2.400000095,-0.600000024,5.871937275,6,5.936531067,6,5.735437393,6,0,0,0,-37.5,-0.375,0.525000036,45.31929779,,
8/15/22 8:00,0.004375,9.917813301,0.915541291,102.3125,5.905241489,6,,1.5625,-4.25,2.1875,1123.598145,0,3.5625,154.125,3.5,913.75,3.5,-0.600000024,-2.400000095,-0.600000024,5.768343449,6,5.885343552,6,5.949937344,6,0,0,0,-37.5,-0.525000036,0.75,45.31929779,,
8/15/22 8:05,0.004375,9.932812691,0.915541291,108,5.957122326,6,,1.5625,-2.75,2.1875,1124.055908,0,0.9375,100.5,3.5,916.75,3.5,-0.600000024,-2.400000095,-0.525000036,5.830500126,6,5.887781143,6,5.586750031,6,0,0,0,-37.5,-0.300000012,0.525000036,95.67407227,,
8/15/22 8:10,0.005625,9.915937424,0.915541291,104.5625,5.958648205,6,,1.875,-3.75,2.5,1120.622559,0,0.75000006,109.125,4,911.5,4,-0.600000024,-2.400000095,-0.600000024,5.985280991,6,5.987719059,6,5.745187759,6,0,0,0,-37.5,-0.375,0.600000024,100.2517776,,
8/15/22 8:15,0.00625,9.92906189,0.915541291,102.0625,5.845731735,6,,0,-4,1.875,1111.924927,0,2.0625,111.75,3.5,913.25,3.5,-0.600000024,-2.400000095,-0.600000024,5.567249775,6,5.724468708,6,5.538000107,6,0,0,0,-37.5,3.075000048,0.674999952,86.51865387,,
8/15/22 8:20,0.005625,9.958125114,0.915541291,104.5625,5.882353306,6,,1.5625,-2.875,1.875,1116.0448,0,0.9375,101.625,3.5,908.75,3.5,-0.600000024,-2.400000095,-0.525000036,5.628187656,6,5.626968861,6,6.208312511,6,0,0,0,-37.5,-0.450000018,1.125,90.63859558,,
8/15/22 8:25,0.003125,9.939374924,0.915541291,100.875,5.934233665,6,,1.5625,-2.625,2.5,1115.129272,0,1.500000119,143.25,4,908.75,4,-0.600000024,-2.400000095,-0.525000036,6.002344131,6,5.988937378,6,5.693999767,6,0,0,0,-37.5,-0.300000012,0.674999952,78.04989624,,
8/15/22 8:30,0.0075,9.941249847,0.915541291,111,5.96475172,6,,2.812499762,-5,2.1875,1109.864868,0,0,359.25,4,923.125,4,-0.600000024,-2.400000095,-0.525000036,5.723249912,6,5.938969135,6,5.952374935,6,0,0,0,-37.5,8.400000572,398.3999939,89.49416351,,
8/15/22 8:35,0.005,9.964687347,0.915541291,107.75,5.932707787,6,,0.9375,-3.625,1.875,1112.153809,0,0.9375,413.6250305,4,921,4,-0.600000024,-2.400000095,-0.525000036,5.765906334,6,6.143718719,6,5.797593594,6,0,0,0,-37.5,5.699999809,325.2000122,93.38521576,,
8/15/22 8:40,0.005,9.934687614,0.915541291,104.0625,5.85336113,6,,0.625,-3,2.1875,1114.213745,0,0.5625,444.75,4,918.125,4,-0.525000036,-2.325000048,-0.525000036,5.720812321,6,6.032812119,6,5.536781311,6,0,0,0,-37.5,6.450000286,327.9750061,130.2357483,,
8/15/22 8:45,0.005,9.933750153,0.915541291,107.375,5.870145798,6,,1.5625,-3.625,2.1875,1114.213745,0,0.37500003,482.25,3.5,921,3.5,-0.525000036,-2.400000095,-0.525000036,5.724468708,6,5.628187656,6,5.743968487,6,0,0,0,-37.5,7.049999714,326.625,125.6580505,,
8/15/22 8:50,0.005625,9.936562538,0.915541291,106.75,5.841154099,6,,2.812499762,-3.625,1.875,1112.153809,0,1.500000119,475.5,4,916.75,4,-0.525000036,-2.325000048,-0.525000036,5.725687504,6,5.931656361,6,5.753718853,6,0,0,0,-37.5,8.024999619,329.1000061,109.4071808,,
8/15/22 8:55,0.005,9.941249847,0.915541291,104.9375,5.940337181,6,,2.1875,-3.25,2.1875,1106.889404,0,1.500000119,489.3749695,4,918,4,-0.525000036,-2.325000048,-0.525000036,5.618437767,6,6.041343689,6,5.429531097,6,0,0,0,-37.5,6.150000095,330.2249756,65.69008636,,
8/15/22 9:00,0.005625,9.939374924,0.915541291,106.8125,5.944914818,6,,1.875,-1.875,2.1875,1106.889404,0,1.875,419.25,3.5,915.25,3.5,-0.525000036,-2.325000048,-0.525000036,5.56481266,6,5.943843365,6,6.194906235,6,0,0,0,-37.5,6.599999905,329.1000061,85.37422943,,
8/15/22 9:05,0.005,9.906562805,0.915541291,103.125,5.886930943,6,,2.1875,-2.125,2.1875,1109.864868,0,1.500000119,486.3750305,4,915.625,4,-0.525000036,-2.325000048,-0.525000036,5.839031219,6,5.975531101,6,6.365531445,6,0,0,0,-37.5,9.300000191,332.625,61.34127045,,
8/15/22 9:10,0.004375,9.949687004,0.915541291,105.375,5.86709404,6,,1.5625,-2.625,2.1875,1110.551636,0,0.9375,538.5,4,914.375,4,-0.450000018,-2.325000048,-0.525000036,5.878031254,6,6.092531204,6,6.221718788,6,0,0,0,-37.5,7.049999714,346.1249695,75.9899292,,
8/15/22 9:15,0.005,9.922499657,0.762951076,108.8125,5.774013996,6,,0.3125,-4,1.875,1107.347168,0,0.5625,397.125,3.5,921.625,3.5,-0.450000018,-2.325000048,-0.525000036,5.720812321,6,5.936531067,6,5.436843872,6,0,0,0,-37.5,5.550000191,324.0750122,45.31929779,,
8/15/22 9:20,0.005625,9.974061966,0.762951076,104.0625,5.784695148,6,,1.875,-2.375,2.812499762,1109.864868,0,2.4375,392.6250305,4,921.75,4,-0.450000018,-2.25,-0.525000036,5.774437428,6,5.884125233,6,6.316781521,6,0,0,0,-37.5,6.599999905,326.4750061,36.16388321,,
8/15/22 9:25,0.0025,9.944999695,0.915541291,106.4375,5.821316719,6,,0.9375,-1.875,2.1875,1107.118286,0,0.9375,372.375,3.5,923,3.5,-0.450000018,-2.25,-0.450000018,5.82562542,6,5.878031254,6,5.648906708,6,0,0,0,-37.5,5.625,321.9750061,41.42824554,,
8/15/22 9:30,0.0025,9.944063187,0.915541291,105.5,5.815213203,6,,1.875,-3.625,2.1875,1107.57605,0,0.75000006,466.125,4,924.375,4,-0.375,-2.25,-0.525000036,5.876812458,6,5.885343552,6,5.735437393,6,0,0,0,-37.5,5.625,320.4749756,35.70611191,,
8/15/22 9:35,0.005625,9.979687691,0.915541291,104.3125,5.722132683,6,,1.25,-2.75,2.5,1105.744995,0,0.9375,492,3.5,920.125,3.5,-0.375,-2.174999952,-0.450000018,5.723249912,6,5.746406555,6,6.20587492,6,0,0,0,-37.5,5.625,326.25,45.09040833,,
8/15/22 9:40,0.005625,9.940312386,0.915541291,102.75,5.774013996,6,,1.5625,-2.375,1.875,1105.516113,0,1.500000119,573.75,3.5,915.375,3.5,-0.375,-2.174999952,-0.450000018,5.82562542,6,5.882906437,6,5.997468948,6,0,0,0,-37.5,5.699999809,332.5499878,40.97047424,,
8/15/22 9:45,0.004375,9.939374924,0.915541291,102.4375,5.78316927,6,,1.5625,-2.25,1.875,1105.516113,0,1.125,450.75,3.5,918.25,3.5,-0.375,-2.25,-0.450000018,5.570906162,6,5.830500126,6,6.207093716,6,0,0,0,-37.5,4.949999809,335.5499878,65.91897583,,
8/15/22 9:50,0.004375,9.939374924,0.915541291,103.1875,5.925078392,6,,2.1875,-4.25,2.1875,1107.347168,0,0.75000006,459.375,4.5,920.875,4.5,-0.375,-2.174999952,-0.375,5.824406147,6,6.292406559,6,6.002344131,6,0,0,0,-37.5,6,325.7999878,57.67910385,,
8/15/22 9:55,0.000625,9.958125114,0.915541291,102.625,5.870145798,6,,0.625,-4.25,1.875,1103.227295,0,0.9375,580.5,4.5,916.625,4.5,-0.375,-2.174999952,-0.375,5.566030979,6,5.620874882,6,5.910937309,6,0,0,0,-37.5,5.550000191,333.5249939,79.19432068,,
8/15/22 10:00,0.0025,9.962812424,0.915541291,104.5,5.816739082,6,,2.1875,-2.5,1.875,1103.227295,0,1.125,450.75,4,918.875,4,-0.375,-2.174999952,-0.375,5.821968555,6,5.921906471,6,5.745187759,6,0,0,0,-37.5,7.049999714,329.8499756,81.94094849,,
8/15/22 10:05,-0.000625,9.94593811,0.915541291,107.6875,5.844205856,6,,0,-3.625,2.5,1105.516113,0,2.25,516,3.5,922.25,3.5,-0.375,-2.174999952,-0.375,5.608687878,6,5.87925005,6,6.105937958,6,0,0,0,-37.5,5.399999619,330.9000244,72.55664825,,
8/15/22 10:10,0.000625,9.999375343,0.915541291,101.125,5.815213203,6,,1.25,-2.5,2.1875,1103.456177,0,2.0625,607.125,5,915.25,5,-0.300000012,-2.174999952,-0.375,5.514843941,6,6.038906097,6,5.641593933,6,0,0,0,-37.5,9.225000381,332.6999817,64.08789063,,
8/15/22 10:15,0.0025,9.961874962,,101.0625,5.816739082,6,,,-2.25,,1103.227295,0,1.687499881,562.875,4.5,919.5,4.5,-0.300000012,-2.174999952,-0.375,,,,,,,0,,,-37.5,6.450000286,342.0749817,45.31929779,,
8/15/22 10:20,0.000625,9.962812424,,105.8125,5.809109688,6,,0.625,-4,2.5,1101.39624,0,1.125,464.25,4,920,4,-0.225000009,-2.174999952,-0.300000012,5.513625145,6,5.935312271,6,6.002344131,6,0,0,0,-37.5,5.474999905,325.8749695,52.872509,,
8/15/22 10:25,0.00125,9.974061966,0.915541291,105.4375,5.81979084,6,,1.5625,-2.875,2.1875,1103.456177,0,1.687499881,487.875,5,924.5,5,-0.225000009,-2.100000143,-0.300000012,5.615999699,6,6.015749931,6,5.742749691,6,0,0,0,-37.5,5.174999714,325.5,57.67910385,,
8/15/22 10:30,0.00375,9.97593689,0.915541291,102.25,5.80605793,6,,0.9375,-4.25,2.5,1101.39624,0,0.5625,611.25,4.5,917,4.5,-0.150000006,-2.100000143,-0.300000012,5.820750237,6,6.032812119,6,6.00356245,6,0,0,0,-37.5,6.824999809,334.5,54.47470856,,
8/15/22 10:35,0.0025,9.996562958,0.762951076,100.375,5.854887009,6,,1.5625,-2.625,2.5,1100.709595,0,1.3125,463.125,4,924.125,4,-0.150000006,-2.025000095,-0.300000012,5.669624805,6,5.620874882,6,5.536781311,6,0,0,0,-37.5,8.625,331.2749939,51.49920273,,
8/15/22 10:40,-0.000625,9.969374657,0.762951076,106.375,5.804532051,6,,1.5625,-2.625,2.5,1100.709595,0,0.75000006,524.25,4,918.75,4,-0.150000006,-2.025000095,-0.300000012,5.774437428,6,6.036468983,6,5.32837534,6,0,0,0,-37.5,5.474999905,327.0750122,45.09040833,,
8/15/22 10:45,0.000625,9.965624809,0.915541291,105.0625,5.816739082,6,,0.625,-4.25,2.5,1100.709595,0,1.875,557.625,4,920.625,4,-0.150000006,-2.025000095,-0.300000012,5.468531132,6,5.93775034,6,6.119343758,6,0,0,0,-37.5,4.800000191,334.1999817,47.60814667,,
8/15/22 10:50,0.0025,9.99281311,0.915541291,104.5,5.825894356,6,,1.5625,-2.625,2.1875,1097.962891,0,1.3125,555,5,917.75,5,-0.150000006,-2.025000095,-0.300000012,5.665968895,6,5.731781483,6,6.210750103,6,0,0,0,-37.5,5.699999809,334.5750122,50.58365631,,
8/15/22 10:55,0.001875,9.972187996,0.762951076,102.6875,5.838101387,6,,2.812499762,-2.125,2.5,1098.191772,0,1.687499881,517.5,4.5,918,4.5,-0.150000006,-1.950000048,-0.225000009,5.870718479,6,6.187593937,6,5.782968521,6,0,0,0,-37.5,5.25,337.4250183,45.09040833,,
8/15/22 11:00,0.001875,9.991874695,0.762951076,102.75,5.856412888,6,,2.812499762,-4.25,2.5,1097.962891,0,0.9375,537.75,4.5,917.875,4.5,-0.150000006,-1.950000048,-0.225000009,5.820750237,6,5.625750065,6,6.038906097,6,0,0,0,-37.5,6.599999905,337.125,45.31929779,,
8/15/22 11:05,-0.00125,9.972187996,0.915541291,0,5.790798664,6,,0,-2.625,2.5,1098.420654,0,2.4375,277.5,4.5,929.125,4.5,0,-1.950000048,-0.225000009,5.648906708,6,5.781749725,6,6.113249779,6,0,0,0,-37.5,5.025000095,332.1749878,35.70611191,,
8/15/22 11:10,-0.0025,9.993749619,0.915541291,0,5.76791048,6,,1.5625,-3.125,2.5,1098.191772,0,0.5625,336.375,4,925.125,4,-0.075000003,-1.950000048,-0.225000009,5.720812321,6,5.776874542,6,6.314343929,6,0,0,0,-37.5,6.150000095,333.4500122,43.71709824,,
8/15/22 11:15,0.000625,9.984375,0.762951076,0,5.917448521,6,,1.875,-3.5,2.5,1096.360718,0,1.687499881,364.875,5,922.75,5,0,-1.950000048,-0.225000009,5.878031254,6,5.82928133,6,5.913375378,6,0,0,0,-37.5,7.575000286,332.9250183,62.02792358,,
8/15/22 11:20,0.0025,9.962812424,0.762951076,0,5.798428059,6,,2.1875,-2.875,2.812499762,1096.360718,0,1.875,311.25,5,926.25,5,0,-1.875,-0.150000006,5.740312576,6,5.780531406,6,5.739093781,6,0,0,0,-37.5,5.399999619,329.9250183,48.52369308,,
8/15/22 11:25,0.00125,9.99281311,0.915541291,0.125,5.821316719,6,,0.625,-3.25,3.125,1096.818481,0,1.875,307.5,4.5,932.625,4.5,0,-1.875,-0.150000006,5.880468369,6,5.932875156,6,5.895093441,6,0,0,0,-37.5,6.074999809,333.375,56.76356125,,
8/15/22 11:30,-0.001875,9.967499733,0.915541291,0,5.764858723,6,,0.625,-4.875,2.812499762,1098.191772,0,1.125,368.625,5,923.875,5,0.075000003,-1.875,-0.150000006,5.467312813,6,5.82562542,6,5.375905991,6,0,0,0,-37.5,6.375,326.6999817,54.70359039,,
8/15/22 11:35,-0.0025,10.01812458,0.762951076,0.4375,5.813687325,6,,0.625,-2.25,2.812499762,1094.300781,0,1.500000119,373.125,5,930,5,0.075000003,-1.875,-0.150000006,5.356406212,6,5.778093815,6,5.952374935,6,0,0,0,-37.5,6.450000286,332.625,59.51018906,,
8/15/22 11:40,0,9.984375,0.762951076,0,5.79690218,6,,3.4375,-4.25,2.5,1094.529663,0,1.687499881,377.2500305,5,927.375,5,0.075000003,-1.800000072,-0.150000006,5.669624805,6,6.030375004,6,5.742749691,6,0,0,0,-37.5,5.399999619,319.6499939,79.88098145,,
8/15/22 11:45,-0.001875,9.990937233,0.915541291,0,5.804532051,6,,2.1875,1326.75,2.5,1094.300781,0,1.500000119,393.375,5,923.125,5,0.075000003,-1.800000072,-0.075000003,5.613562584,6,5.765906334,6,6.319218636,6,0,0,0,-37.5,5.625,336.5249939,75.0743866,,
8/15/22 11:50,0.000625,10.01437473,0.915541291,0,5.781643391,6,,2.1875,1327.125,2.5,1096.131836,0,1.500000119,456.7500305,5,927.125,5,0.075000003,-1.800000072,-0.075000003,5.360062122,6,5.875593662,6,5.845125198,6,0,0,0,-37.5,9.525000572,332.4000244,51.27031326,,
8/15/22 11:55,0.000625,10.01718807,0.915541291,0,5.825894356,6,,1.5625,1329.375,3.125,1094.300781,0,1.500000119,459.7499695,5,926,5,0.075000003,-1.800000072,-0.075000003,5.719593525,6,5.619656563,6,5.948719025,6,0,0,0,-37.5,6.750000477,325.5750122,52.4147377,,
8/15/22 12:00,-0.0025,9.983437538,0.915541291,115.625,5.775539875,6,,2.1875,1323.375,3.4375,1093.614136,0,2.25,506.25,5,926.75,5,0.150000006,-1.725000024,-0.075000003,5.514843941,6,5.580656052,6,6.218062878,6,0,0,0,-37.5,5.699999809,333.8250122,49.89699936,,
8/15/22 12:05,0,9.998437881,0.915541291,118.625,5.831997871,6,,0,1322.375,3.125,1094.300781,0,1.875,534.75,4.5,926.625,4.5,0.150000006,-1.800000072,-0.075000003,5.566030979,6,5.668406487,6,6.473999977,6,0,0,0,-37.5,5.325000286,332.5499878,52.4147377,,
8/15/22 12:10,-0.000625,10.0040617,0.915541291,117.8125,5.859464645,6,,1.5625,1322.5,3.125,1091.554077,0,2.0625,576.375,4.5,927.375,4.5,0.225000009,-1.725000024,-0.075000003,5.609906673,6,5.881687641,6,5.988937378,6,0,0,0,-37.5,5.100000381,333.9000244,63.40123367,,
8/15/22 12:15,-0.00125,9.974061966,0.915541291,115,5.850309372,6,,1.5625,1319.375,3.125,1091.325195,0,1.875,583.125,5,926,5,0.225000009,-1.725000024,-0.075000003,5.71715641,6,6.036468983,6,5.998687267,6,0,0,0,-37.5,8.925000191,344.9249878,62.25680923,,
8/15/22 12:20,0,9.989062309,0.915541291,112.375,5.786221027,6,,3.75,1323.625,3.125,1092.011841,0,1.500000119,529.5,5,917.5,5,0.225000009,-1.725000024,0,5.772000313,6,6.036468983,6,5.378344059,6,0,0,0,-37.5,6.299999714,341.25,61.34127045,,
8/15/22 12:25,-0.0025,9.962812424,0.915541291,114.3125,5.83352375,6,,3.125,1319.125,3.125,1092.011841,0,2.625,441.3750305,5,926.5,5,0.225000009,-1.649999976,0,5.722031593,6,5.826843739,6,5.739093781,6,0,0,0,-37.5,5.550000191,328.0500183,54.70359039,,
8/15/22 12:30,-0.0025,10.00874996,0.915541291,114.0625,5.795376301,6,,1.5625,1323.125,3.125,1092.011841,0,1.875,528.375,5,931.125,5,0.225000009,-1.649999976,0,5.613562584,6,5.880468369,6,5.59649992,6,0,0,0,-37.5,6.074999809,333.6749878,73.01441956,,
8/15/22 12:35,-0.0025,9.987187386,0.915541291,114.625,5.803006172,6,,2.1875,1317.625,3.75,1089.036377,0,1.500000119,598.5,5,927.75,5,0.225000009,-1.725000024,0,5.82562542,6,5.878031254,6,5.581874847,6,0,0,0,-37.5,8.699999809,341.7000122,72.55664825,,
8/15/22 12:40,-0.00125,9.995624542,0.915541291,111,5.799953938,6,,1.5625,1315.625,3.125,1087.663086,0,2.625,610.125,5,922.875,5,0.300000012,-1.649999976,0,5.615999699,6,5.935312271,6,5.704968929,6,0,0,0,-37.5,9.300000191,336.6749878,50.58365631,,
8/15/22 12:45,0.000625,10.01062584,0.915541291,111.6875,5.775539875,6,,2.5,1316.625,3.4375,1089.265259,0,1.500000119,592.125,5,921.25,5,0.300000012,-1.649999976,0,5.608687878,6,5.885343552,6,5.897531509,6,0,0,0,-37.5,6.150000095,333.75,56.99245071,,
8/15/22 12:50,0.00125,9.985312462,0.915541291,114.625,5.824368477,6,,0.9375,1317.875,2.5,1088.807495,0,1.125,437.25,5.5,929.125,5.5,0.300000012,-1.574999928,0,5.719593525,6,5.776874542,6,5.589187622,6,0,0,0,-37.5,5.849999905,333.1499939,66.60562897,,
8/15/22 12:55,-0.003125,10.0078125,0.915541291,117.125,5.813687325,6,,0.625,1314.625,2.812499762,1089.265259,0,0.187500015,449.625,5.5,927,5.5,0.300000012,-1.649999976,0,5.436843872,6,6.036468983,6,5.980406284,6,0,0,0,-37.5,6.150000095,326.625,54.47470856,,
8/15/22 13:00,-0.00125,10.00593758,0.915541291,114.9375,5.787746906,6,,1.875,1317.75,2.812499762,1089.265259,0,1.875,515.625,5,926.125,5,0.300000012,-1.649999976,0.075000003,5.612343788,6,6.040124893,6,6.163218975,6,0,0,0,-37.5,5.699999809,325.2749939,62.25680923,,
8/15/22 13:05,0.000625,9.979687691,0.915541291,113.75,5.760280609,6,,1.5625,1309.5,3.125,1089.494141,0,2.0625,553.125,5,932.375,5,0.300000012,-1.574999928,0.150000006,5.463655949,6,5.831718445,6,6.004781246,6,0,0,0,-37.5,5.925000191,330.3750305,61.34127045,,
8/15/22 13:10,0.000625,10.02468777,0.915541291,110.4375,5.73128891,6,,1.5625,1311.5,3.4375,1087.663086,0,2.625,627.75,5,923.875,5,0.300000012,-1.574999928,0.150000006,5.828062534,6,5.67693758,6,6.263155937,6,0,0,0,-37.5,5.550000191,332.3250122,65.91897583,,
8/15/22 13:15,-0.003125,9.989999771,0.915541291,111.6875,5.769436359,6,,1.875,1310.875,3.125,1084.6875,0,2.25,406.875,5,928.125,5,0.300000012,-1.574999928,0.075000003,5.511187077,6,5.931656361,6,6.001124859,6,0,0,0,-37.5,5.550000191,335.625,68.20782471,,
8/15/22 13:20,-0.000625,10.00593758,0.915541291,117.125,5.764858723,6,,3.4375,1308.75,2.812499762,1087.663086,0,1.500000119,381.75,5.5,932.125,5.5,0.375,-1.5,0.150000006,5.615999699,6,5.67693758,6,5.850000381,6,0,0,0,-37.5,6.224999905,331.3500061,40.74158859,,
8/15/22 13:25,-0.0025,9.970313072,0.915541291,119.5,5.85336113,6,,0.9375,1311.375,3.4375,1088.807495,0,2.0625,454.5,5,937.125,5,0.375,-1.574999928,0.075000003,5.847562313,6,5.831718445,6,6.463031292,6,0,0,0,-37.5,5.925000191,324.75,43.25932693,,
8/15/22 13:30,0.00125,9.975000381,0.915541291,115.75,5.774013996,6,,3.125,1310.125,3.4375,1087.205322,0,1.687499881,527.25,6,925.75,6,0.450000018,-1.574999928,0.150000006,5.438062191,6,6.332624912,6,6.104718685,6,0,0,0,-37.5,5.325000286,336.8250122,50.12588882,,
8/15/22 13:35,-0.0025,9.977811813,0.915541291,111.6875,5.760280609,6,,3.125,1311.875,3.75,1087.205322,0,1.125,553.875,6,929.5,6,0.450000018,-1.574999928,0.150000006,5.611124992,6,5.725687504,6,6.001124859,6,0,0,0,-37.5,5.100000381,337.3500061,41.6571312,,
8/15/22 13:40,-0.000625,10.00125027,0.915541291,119,5.812161446,6,,3.4375,1309,3.125,1079.880981,0,2.0625,364.5,6,930.625,6,0.450000018,-1.5,0.150000006,5.724468708,6,6.146156311,6,5.90118742,6,0,0,0,-37.5,5.925000191,334.5,53.10139465,,
8/15/22 13:45,-0.000625,9.970313072,0.915541291,117.625,5.74502182,6,,3.125,1306.375,3.125,1086.97644,0,2.25,275.25,5.5,932.375,5.5,0.375,-1.5,0.150000006,5.617218971,6,5.932875156,6,5.896312237,6,0,0,0,-37.5,5.174999714,331.875,30.44174767,,
8/15/22 13:50,0.00125,9.999375343,0.915541291,107.125,5.73128891,6,,2.812499762,1308.625,3.75,1078.049927,0,1.125,424.875,6,924.625,6,0.450000018,-1.574999928,0.150000006,5.360062122,6,5.467312813,6,5.793937683,6,0,0,0,-37.5,5.399999619,340.125,30.44174767,,
8/15/22 13:55,-0.000625,9.981562614,0.915541291,118.4375,5.722132683,6,,2.1875,1308.875,3.125,1084.6875,0,1.687499881,342,6,929,6,0.450000018,-1.574999928,0.150000006,5.410031319,6,5.662312508,6,6.158343792,6,0,0,0,-37.5,5.925000191,335.6999817,24.94849968,,
8/15/22 14:00,0.00125,9.953436852,0.915541291,121.3125,5.740444183,6,,3.125,1307.75,3.4375,1084.458618,0,1.125,276.375,6.5,931.875,6.5,0.450000018,-1.5,0.150000006,5.502655983,6,5.715937614,6,6.469125271,6,0,0,0,-37.5,6.824999809,345.2250061,22.6596489,,
8/15/22 14:05,0,9.946874619,0.915541291,119.4375,5.784695148,6,,2.5,1305.75,3.4375,1078.049927,0,2.0625,268.125,5.5,937.25,5.5,0.450000018,-1.574999928,0.150000006,5.462437153,6,6.026719093,6,6.405750275,6,0,0,0,-37.5,5.699999809,328.5,31.58617592,,
8/15/22 14:10,0,9.968438148,0.915541291,113.4375,5.789272785,6,,2.812499762,1307.5,3.75,2.059967995,0,1.500000119,245.6249847,6.5,930.125,6.5,0.375,-1.5,0.150000006,5.512405872,6,5.936531067,6,5.999906063,6,0,0,0,-37.5,6,331.7999878,22.43076134,,
8/15/22 14:15,0,9.981562614,0.915541291,125,5.728237152,6,,1.5625,1308.25,3.75,1.831082582,0,2.0625,324.75,6.5,939.625,6.5,0.450000018,-1.574999928,0.150000006,5.467312813,6,5.518499851,6,5.466094017,6,0,0,0,-37.5,6.224999905,327.6000061,35.70611191,,
8/15/22 14:20,-0.000625,10.00968742,0.915541291,119.25,5.798428059,6,,2.5,1307.375,3.75,1.831082582,0,2.0625,414,6.5,949.5,6.5,0.450000018,-1.574999928,0.150000006,5.615999699,6,5.98162508,6,5.845125198,6,0,0,0,-37.5,5.775000095,328.125,40.74158859,,
8/15/22 14:25,-0.00125,9.978750229,0.915541291,118.125,5.845731735,6,,2.1875,1308.5,4.0625,1.831082582,0,2.0625,417.75,6,934,6,0.450000018,-1.574999928,0.150000006,5.410031319,6,6.051094055,6,6.310687542,6,0,0,0,-37.5,6.074999809,324.6000061,22.6596489,,
8/15/22 14:30,-0.0025,9.959062576,0.915541291,118.25,5.716029167,6,,1.5625,1307,3.75,1.831082582,0,1.687499881,450.75,6.5,936.5,6.5,0.450000018,-1.574999928,0.150000006,5.456344128,6,5.776874542,6,6.313124657,6,0,0,0,-37.5,9.225000381,331.7249756,32.50171661,,
8/15/22 14:35,-0.001875,9.987187386,0.915541291,111.125,5.780117512,6,,2.1875,1307.75,4.0625,1.831082582,0,1.125,529.5,6.5,929.125,6.5,0.450000018,-1.574999928,0.150000006,5.508749962,6,6.035250187,6,6.20953083,6,0,0,0,-37.5,6.224999905,335.6999817,22.43076134,,
8/15/22 14:40,-0.0025,9.997499466,0.915541291,112.75,5.723659515,6,,4.0625,1306.375,4.0625,2.059967995,0,2.0625,450.0000305,6.5,932.25,6.5,0.450000018,-1.5,0.150000006,5.562375069,6,5.517281055,6,5.845125198,6,0,0,0,-37.5,6.150000095,334.8000183,30.44174767,,
8/15/22 14:45,-0.000625,10.03218746,1.068131566,113.9375,5.743495941,6,,2.812499762,1300.5,4.0625,1.831082582,0,2.0625,545.25,6.5,930.75,6.5,0.450000018,-1.574999928,0.150000006,5.305219173,6,6.038906097,6,5.689125061,6,0,0,0,-37.5,6.750000477,331.7999878,16.70862961,,
8/15/22 14:50,-0.0025,9.979687691,1.068131566,116.375,5.738918304,6,,2.1875,1301,4.0625,1.831082582,0,2.25,558.75,6.5,932.375,6.5,0.450000018,-1.5,0.150000006,5.410031319,6,5.567249775,6,6.102281094,6,0,0,0,-37.5,5.100000381,329.625,18.31082535,,
8/15/22 14:55,-0.00125,9.981562614,0.915541291,112.375,5.772488117,6,,2.5,1302.5,4.0625,1.831082582,0,2.0625,451.5,7,930.75,7,0.450000018,-1.5,0.150000006,5.562375069,6,5.774437428,6,6.310687542,6,0,0,0,-37.5,5.325000286,332.3250122,21.05744934,,
8/15/22 15:00,0.000625,9.967499733,0.915541291,118.1875,5.810635567,6,,1.5625,1303.875,4.0625,1.831082582,0,2.625,371.625,6.5,939.5,6.5,0.525000036,-1.5,0.150000006,5.511187077,6,5.984062195,6,6.208312511,6,0,0,0,-37.5,5.25,326.7749939,39.36827469,,
8/15/22 15:05,0,9.989062309,1.068131566,119.125,5.803006172,6,,3.75,1302.25,4.0625,1.831082582,0,2.25,399.3750305,6.5,940.375,6.5,0.450000018,-1.5,0.150000006,5.720812321,6,5.518499851,6,5.642812729,6,0,0,0,-37.5,5.474999905,328.6499939,35.93499756,,
8/15/22 15:10,0.000625,9.989999771,1.068131566,118.75,5.752651215,6,,3.125,1302.375,4.375,1.831082582,0,2.625,431.25,6.5,937,6.5,0.450000018,-1.5,0.150000006,5.730562687,6,5.828062534,6,6.363093853,6,0,0,0,-37.5,8.25,327.75,50.12588882,,
8/15/22 15:15,0.001875,9.973124504,0.915541291,116.1875,5.772488117,6,,3.75,1300,4.0625,1.831082582,0,2.625,543,7,930.25,7,0.525000036,-1.5,0.150000006,5.612343788,6,6.081562042,6,5.793937683,6,0,0,0,-37.5,6.975000381,331.5750122,57.67910385,,
8/15/22 15:20,-0.001875,9.953436852,0.915541291,115.375,5.839627266,6,,1.875,1301.625,4.0625,2.059967995,0.187500015,4.125,456,6.5,930.625,6.5,0.450000018,-1.5,0.150000006,5.353969097,6,5.52093792,6,6.112030983,6,0,0,0,-37.5,5.325000286,330.2249756,52.872509,,
8/15/22 15:25,-0.00125,9.991874695,1.068131566,116.25,5.737392426,6,,1.875,1301.5,4.0625,1.831082582,0,2.4375,337.5,6.5,935.625,6.5,0.525000036,-1.424999952,0.225000009,5.304000378,6,5.987719059,6,6.370406628,6,0,0,0,-37.5,6.750000477,327.5249939,29.75509453,,
8/15/22 15:30,-0.001875,10.00874996,1.068131566,118.1875,5.787746906,6,,3.125,1299,4.0625,2.059967995,0,2.4375,339,6.5,936.25,6.5,0.450000018,-1.5,0.150000006,5.563593864,6,5.885343552,6,5.987719059,6,0,0,0,-37.5,8.024999619,330.3750305,34.56168365,,
8/15/22 15:35,-0.001875,9.956250191,1.068131566,117.125,5.729763031,6,,3.125,1294.25,4.0625,2.059967995,0,2.625,397.875,7,935,7,0.525000036,-1.424999952,0.150000006,5.408812523,6,5.728124619,6,5.898750305,6,0,0,0,-37.5,5.550000191,331.7249756,43.25932693,,
8/15/22 15:40,0,10.02937508,1.068131566,119.0625,5.764858723,6,,3.75,1298.125,3.75,1.831082582,0,0.9375,355.5,6.5,939.875,6.5,0.525000036,-1.424999952,0.225000009,5.612343788,6,5.935312271,6,5.931656361,6,0,0,0,-37.5,6.150000095,329.25,45.54817963,,
8/15/22 15:45,-0.000625,10.00218678,0.915541291,118.5,5.741970062,6,,3.125,1298.375,4.0625,1.831082582,0.187500015,1.3125,431.9999695,6.5,937.375,6.5,0.525000036,-1.424999952,0.225000009,5.235750198,6,5.728124619,6,5.850000381,6,0,0,0,-37.5,6.150000095,337.125,24.94849968,,
8/15/22 15:50,0.0025,9.997499466,0.915541291,115.4375,5.790798664,6,,3.4375,1303.625,4.0625,2.059967995,0,2.625,481.875,6.5,936.875,6.5,0.525000036,-1.5,0.225000009,5.622093678,6,6.350906372,6,5.746406555,6,0,0,0,-37.5,6,333.4500122,18.0819416,,
8/15/22 15:55,-0.000625,10.01437473,1.068131566,115.625,5.786221027,6,,4.375,-2.875,4.0625,2.059967995,0,2.0625,427.1250305,6.5,936.375,6.5,0.525000036,-1.424999952,0.225000009,5.410031319,6,6.040124893,6,6.00356245,6,0,0,0,-37.5,8.850000381,323.625,38.4527359,,
8/15/22 16:00,-0.000625,9.99281311,1.068131566,113.4375,5.810635567,6,,2.1875,-3.125,4.0625,2.059967995,0,1.875,497.9999695,7,938.5,7,0.525000036,-1.424999952,0.225000009,5.304000378,6,6.024281025,6,5.951156139,6,0,0,0,-37.5,5.699999809,325.2749939,27.00847054,,
8/15/22 16:05,0.000625,10.00593758,1.068131566,114.9375,5.842679977,6,,2.1875,-4.25,4.6875,2.059967995,0,2.625,522.375,7.5,936,7.5,0.600000024,-1.349999905,0.225000009,5.509968758,6,5.856093407,6,5.947500229,6,0,0,0,-37.5,5.775000095,329.5500183,50.81254578,,
8/15/22 16:10,0.001875,10.04906273,1.068131566,115.375,5.801480293,6,,2.5,-4.375,4.0625,2.059967995,0,3.187500238,516.375,6.5,937,6.5,0.525000036,-1.424999952,0.225000009,5.513625145,6,5.935312271,6,5.998687267,6,0,0,0,-37.5,6.524999619,326.7749939,57.22133255,,
8/15/22 16:15,0.000625,10.00312519,1.068131566,110.6875,5.816739082,6,,4.0625,-3.375,4.0625,2.059967995,0,2.625,459.7499695,7.5,929.75,7.5,0.525000036,-1.424999952,0.225000009,5.615999699,6,5.67328167,6,5.575780869,6,0,0,0,-37.5,7.649999619,334.1999817,62.25680923,,
8/15/22 16:20,0.000625,10.01437473,1.068131566,118.375,5.918974876,6,,2.5,-5.125,4.375,1.831082582,0,2.0625,368.25,6.5,936.5,6.5,0.525000036,-1.424999952,0.225000009,5.613562584,6,6.143718719,6,6.102281094,6,0,0,0,-37.5,7.275000095,334.0499878,77.3632431,,
8/15/22 16:25,0.000625,10.03687572,1.068131566,110.875,5.984588146,6,,3.125,-3.75,4.0625,1.831082582,0,2.0625,380.625,7.5,936.125,7.5,0.525000036,-1.424999952,0.300000012,5.769562721,6,5.842687607,6,6.415499687,6,0,0,0,-37.5,6.375,332.8500061,107.804985,,
8/15/22 16:30,0,9.991874695,1.068131566,0,5.935759544,6,,2.1875,-2.5,4.0625,2.059967995,0,1.687499881,267.75,7,942.625,7,0.525000036,-1.424999952,0.300000012,5.513625145,6,6.091312885,6,6.05718708,6,0,0,0,-37.5,5.775000095,323.0250244,111.9249268,,
8/15/22 16:35,0.003125,10.01718807,1.068131566,0.125,5.905241489,6,,3.4375,-3,4.0625,1.831082582,0,3.187500238,369.375,8,939.625,8,0.525000036,-1.424999952,0.300000012,5.358843327,6,5.764687538,6,5.637937546,6,0,0,0,-37.5,5.474999905,337.8000183,125.4291534,,
8/15/22 16:40,0.0025,10.04343796,1.068131566,0,5.949492455,6,,4.0625,-4.875,4.0625,1.831082582,0,2.625,355.125,7.5,938.75,7.5,0.525000036,-1.424999952,0.225000009,5.722031593,6,6.036468983,6,6.051094055,6,0,0,0,-37.5,9,333.8250122,132.5246124,,
8/15/22 16:45,0.003125,10.019063,1.068131566,0,5.934233665,6,,1.875,-2.875,4.0625,1.831082582,0,3.000000238,391.8749695,7.5,942,7.5,0.525000036,-1.424999952,0.300000012,5.508749962,6,5.826843739,6,5.953594208,6,0,0,0,-37.5,5.625,337.7249756,137.1023102,,
8/15/22 16:50,0.00375,10.04437447,1.068131566,0.25,5.943388939,6,,3.125,-3.875,4.0625,2.059967995,0,3.374999762,394.875,7.5,937.875,7.5,0.450000018,-1.424999952,0.300000012,5.75249958,6,6.113249779,6,5.742749691,6,0,0,0,-37.5,8.625,336.3000183,93.61410522,,
8/15/22 16:55,0.00375,10.03687572,1.068131566,0,6.00289917,6,,3.125,-3.25,5,1.831082582,0,2.625,380.625,8,936.125,8,0.525000036,-1.349999905,0.300000012,5.819531441,6,6.038906097,6,6.3362813,6,0,0,0,-37.5,5.775000095,336.0749817,89.49416351,,
8/15/22 17:00,0.001875,10.02562523,1.068131566,0,5.951018333,6,,3.75,-6,4.0625,2.059967995,0,3.000000238,256.875,8,942.625,8,0.525000036,-1.424999952,0.300000012,5.612343788,6,6.24609375,6,5.834156513,6,0,0,0,-37.5,5.550000191,338.2500305,72.32776642,,
8/15/22 17:05,0.005,10.08187485,1.068131566,0,5.946440697,6,,3.125,-2.5,4.0625,2.059967995,0,2.625,278.25,7.5,942.25,7.5,0.525000036,-1.349999905,0.300000012,5.778093815,6,6.186375141,6,6.049875259,6,0,0,0,-37.5,6.524999619,334.875,70.72556305,,
8/15/22 17:10,0.004375,10.00312519,1.068131566,0,5.932707787,6,,2.812499762,-3.25,4.0625,2.059967995,0,2.4375,325.875,8,945,8,0.525000036,-1.424999952,0.300000012,5.826843739,6,5.828062534,6,5.435625076,6,0,0,0,-37.5,5.775000095,333.9750061,82.62760925,,
8/15/22 17:15,0.004375,10.02093792,1.068131566,0,5.934233665,6,,3.125,-3.75,4.0625,1.831082582,0,2.0625,448.875,8,937,8,0.525000036,-1.424999952,0.300000012,5.614780903,6,6.027937412,6,6.160780907,6,0,0,0,-37.5,5.925000191,335.3250122,77.59212494,,
8/15/22 17:20,0.000625,10.019063,1.068131566,0,6.211947918,6,,,-4.25,,2.288853168,0,2.625,392.6250305,8.5,940.25,8.5,0.525000036,-1.424999952,0.300000012,,,,,,,0,,,-37.5,6.299999714,339.8250122,80.79652405,,
8/15/22 17:25,0.00375,10.01531219,,116.625,5.903715611,6,,3.4375,-4.375,4.6875,1.831082582,0,2.625,486,8,935.75,8,0.525000036,-1.424999952,0.300000012,5.720812321,6,5.7269063,6,5.997468948,6,0,0,0,-37.5,6.074999809,337.6499939,87.66307831,,
8/15/22 17:30,0.005,10.00218678,,110.8125,5.972381115,6,,4.0625,-4.25,4.0625,2.059967995,0,2.0625,523.5,7.5,933.875,7.5,0.525000036,-1.349999905,0.300000012,5.82562542,6,5.786625385,6,6.052312374,6,0,0,0,-37.5,6.299999714,336.3000183,88.80751038,,
8/15/22 17:35,0.004375,9.988124847,1.068131566,113.4375,5.880827427,6,,3.4375,-5,4.375,2.059967995,0,2.0625,479.6250305,8,935.75,8,0.450000018,-1.424999952,0.300000012,5.669624805,6,5.460000038,6,5.478281021,6,0,0,0,-37.5,9.300000191,333.75,80.79652405,,
8/15/22 17:40,0.0075,10.04812527,1.068131566,115.875,5.96475172,6,,1.5625,-4.625,4.0625,2.059967995,0,0,385.8750305,7.5,941.5,7.5,0.450000018,-1.424999952,0.300000012,5.67328167,6,5.839031219,6,6.027937412,6,0,0,0,-37.5,6.299999714,328.8750305,54.47470856,,
8/15/22 17:45,0.005,10.01343727,1.220721722,117.625,5.946440697,6,,3.125,-5.25,4.375,1.831082582,0,1.687499881,403.875,8,946.25,8,0.450000018,-1.424999952,0.300000012,5.979187489,6,5.929218292,6,5.898750305,6,0,0,0,-37.5,6.599999905,331.9500122,50.12588882,,
8/15/22 17:50,0.001875,10.04531288,1.220721722,118,5.918974876,6,,3.125,-2.375,4.0625,2.288853168,0,1.3125,482.6249695,8.5,938.875,8.5,0.450000018,-1.424999952,0.300000012,5.768343449,6,5.957250118,6,5.735437393,6,0,0,0,-37.5,6.524999619,330.4500122,67.97894287,,
8/15/22 17:55,0.00625,10.06218719,0.915541291,116.25,5.917448521,6,,3.4375,-4.125,4.0625,2.059967995,0,2.0625,487.875,7.5,936.75,7.5,0.450000018,-1.424999952,0.300000012,5.818312645,6,5.732999802,6,6.054749966,6,0,0,0,-37.5,5.474999905,333.9000244,77.3632431,,
8/15/22 18:00,0.005625,10.04812527,0.915541291,111.5625,5.914396763,6,,4.0625,-3.75,4.0625,1.831082582,0,2.0625,508.4999695,8,936.75,8,0.450000018,-1.424999952,0.300000012,5.664749622,6,5.567249775,6,6.160780907,6,0,0,0,-37.5,6,324.8249817,113.7560043,,
8/15/22 18:05,0.005625,10.02750015,1.068131566,115.1875,5.973906994,6,,2.812499762,-5.25,4.0625,2.059967995,0,1.3125,469.875,8,946.625,8,0.450000018,-1.424999952,0.300000012,5.873156071,6,5.934093475,6,6.051094055,6,0,0,0,-37.5,6.299999714,329.9250183,63.63012314,,
8/15/22 18:10,0.004375,10.05375004,1.068131566,118.9375,5.963225842,6,,3.125,-2.875,4.0625,2.288853168,0,1.875,360.75,8,944.25,8,0.450000018,-1.424999952,0.300000012,5.723249912,6,5.87925005,6,6.365531445,6,0,0,0,-37.5,9.300000191,324.5250244,110.0938416,,
8/15/22 18:15,0.004375,10.00218678,1.068131566,118.1875,5.995269299,6,,3.75,-4.875,3.75,2.059967995,0,2.625,385.8750305,8,949.375,8,0.450000018,-1.5,0.300000012,5.878031254,6,5.824406147,6,6.05353117,6,0,0,0,-37.5,5.25,326.4000244,94.75852203,,
8/15/22 18:20,0.005625,9.996562958,1.068131566,112.1875,5.975432873,6,,4.6875,-4,4.0625,2.059967995,0,2.25,487.125,8,942.25,8,0.450000018,-1.5,0.300000012,5.931656361,6,5.730562687,6,6.305812359,6,0,0,0,-37.5,7.125,333.0750122,50.12588882,,
8/15/22 18:25,0.004375,10.06218719,1.068131566,113.125,5.951018333,6,,2.812499762,-4.375,4.0625,2.059967995,0,2.4375,363,8,937.25,8,0.375,-1.5,0.300000012,5.770781517,6,5.774437428,6,6.101062775,6,0,0,0,-37.5,5.325000286,327.8249817,54.70359039,,
8/15/22 18:30,0.0025,10.05749989,1.068131566,106.5625,5.980010509,6,,2.1875,-2.5,4.0625,2.059967995,0,2.4375,434.625,8.5,945.125,8.5,0.450000018,-1.5,0.300000012,5.7890625,6,6.0315938,6,6.567843437,6,0,0,0,-37.5,6.299999714,328.6499939,43.94598389,,
8/15/22 18:35,0.00625,10.02375031,1.068131566,113.625,5.940337181,6,,3.125,-2.25,4.0625,2.059967995,0,1.875,509.25,8,942.125,8,0.450000018,-1.574999928,0.300000012,5.720812321,6,5.936531067,6,6.052312374,6,0,0,0,-37.5,9.975000381,333.1499939,56.99245071,,
8/15/22 18:40,0.00375,10.04718781,1.068131566,181.625,5.961699963,6,,2.5,-3.25,4.6875,2.059967995,0,2.625,258,8,1089.25,8,0.375,-1.574999928,0.300000012,5.875593662,6,6.247312546,6,5.898750305,6,0,0,0,-37.5,5.699999809,334.2749939,71.41222382,,
8/15/22 18:45,0.004375,10.03874969,1.068131566,174.9375,5.983062267,6,,3.4375,-2.5,3.75,2.059967995,0,2.625,-1.500000119,8,1075.5,8,0.375,-1.574999928,0.225000009,5.769562721,6,6.092531204,6,6.207093716,6,0,0,0,-37.5,6,327.9750061,93.38521576,,
8/15/22 18:50,0.003125,10.01437473,1.068131566,170.3125,6.00289917,6,,3.125,-3.75,,2.059967995,0,2.625,-1.500000119,8,1079.375,8,0.375,-1.574999928,0.300000012,5.927999973,6,5.987719059,6,5.951156139,6,0,0,0,-37.5,5.849999905,330,68.20782471,,
8/15/22 18:55,0.004375,10.05562496,,178,5.970855236,6,,,-3.625,,2.288853168,0,2.625,-1.500000119,8.5,1083.75,8.5,0.375,-1.574999928,0.225000009,,,,,,,0,,,-37.5,5.550000191,336.7499695,101.8539734,,
8/15/22 19:00,0.00375,10.02375031,,178.1875,5.976958752,6,,1.5625,-3.625,4.0625,2.288853168,0,2.625,-1.500000119,8,1089.25,8,0.300000012,-1.574999928,0.225000009,5.998687267,6,6.037687302,6,5.897531509,6,0,0,0,-37.5,5.849999905,330.4500122,102.5406265,,
8/15/22 19:05,0.004375,10.07156277,1.068131566,180.5,5.975432873,6,,4.6875,-5.5,4.0625,2.059967995,0,4.125,-1.500000119,8,1091.875,8,0.300000012,-1.574999928,0.225000009,5.874375343,6,5.517281055,6,6.525187492,6,0,0,0,-37.5,5.925000191,331.1999817,150.835434,,
8/15/22 19:10,0.004375,9.994688034,1.068131566,0,5.992217541,6,,1.875,-3.75,3.75,2.059967995,0,1.3125,-1.500000119,8,1114.625,8,0.225000009,-1.574999928,0.150000006,6.180281162,6,6.196125031,6,5.831718445,6,0,0,0,-37.5,9.074999809,330.5249939,119.0203781,,
8/15/22 19:15,0.003125,10.02375031,1.068131566,0,5.996795654,6,,3.125,-3.75,4.0625,2.059967995,0,2.4375,-1.500000119,8.5,1119,8.5,0.225000009,-1.574999928,0.225000009,5.979187489,6,5.732999802,6,6.716531277,6,0,0,0,-37.5,6.150000095,333.4500122,121.0803375,,
8/15/22 19:20,0.003125,10.04437447,1.068131566,0,5.998321533,6,,3.125,-3.25,4.0625,2.059967995,0,1.500000119,-1.500000119,9,1117.25,9,0.225000009,-1.574999928,0.150000006,6.137624741,6,5.930437565,6,5.795156479,6,0,0,0,-37.5,5.849999905,327.2999878,142.5955658,,
8/15/22 19:25,0.003125,9.981562614,1.068131566,0.125,6.019683838,6,,4.375,-2.625,4.0625,2.059967995,0,3.374999762,-1.500000119,8.5,1119.625,8.5,0.225000009,-1.649999976,0.150000006,6.241218567,6,5.935312271,6,6.207093716,6,0,0,0,-37.5,6.450000286,332.5499878,173.4950867,,
8/15/22 19:30,0.00375,10.02375031,1.068131566,0.0625,6.201266766,6,,3.125,-4.125,4.0625,2.059967995,0,1.687499881,-1.125,9,1114,9,0.225000009,-1.649999976,0.150000006,6.291187763,6,6.043781281,6,6.200999737,6,0,0,0,-37.5,6,340.3500061,178.988327,,
8/15/22 19:35,0.004375,10.01718807,1.068131566,0.125,6.298923969,6,,3.125,-2.875,3.75,2.288853168,0,2.0625,-1.500000119,8.5,1122.375,8.5,0.225000009,-1.649999976,0.150000006,6.081562042,6,6.350906372,6,5.745187759,6,0,0,0,-37.5,5.849999905,332.5499878,199.3591156,,
8/15/22 19:40,0.005,10.02093792,1.068131566,0,6.204318523,6,,2.1875,-2.25,3.75,2.059967995,0,2.0625,-1.500000119,8.5,1121.75,8.5,0.150000006,-1.725000024,0.075000003,6.082781315,6,5.775656223,6,5.897531509,6,0,0,0,-37.5,6.524999619,334.5750122,182.4216003,,
8/15/22 19:45,0.00625,10.02562523,1.220721722,0,5.981536388,6,,4.6875,-3.875,3.4375,1.831082582,0,2.0625,-1.500000119,8,1120.5,8,0.150000006,-1.649999976,0.150000006,5.980406284,6,5.70862484,6,5.848781109,6,0,0,0,-37.5,6,332.4750061,123.3691864,,
8/15/22 19:50,0.003125,10.03218746,1.220721722,0.0625,6.178378105,6,,3.125,-4.25,3.4375,2.059967995,0,2.625,-1.875,8.5,1122.375,8.5,0.150000006,-1.725000024,0.150000006,5.980406284,6,6.036468983,6,5.845125198,6,0,0,0,-37.5,5.775000095,330.9000244,130.2357483,,
8/15/22 19:55,0.00625,10.05281258,1.068131566,90.25,5.952544212,6,,4.375,-3.25,3.75,2.059967995,0,0.5625,321.75,8.5,942.5,8.5,0.150000006,-1.725000024,0.075000003,5.930437565,6,6.02184391,6,6.314343929,6,0,0,0,-37.5,5.775000095,325.0500183,103.4561691,,
8/15/22 20:00,0.00375,10.05187511,1.068131566,114.375,6.007476807,6,,1.875,-2.75,3.4375,1.831082582,0,0.9375,405.0000305,8.5,950.625,8.5,0.075000003,-1.800000072,0.075000003,5.618437767,6,5.832937241,6,5.798812389,6,0,0,0,-37.5,6.599999905,331.3500061,94.5296402,,
8/15/22 20:05,0.004375,10.04718781,1.068131566,117.9375,6.181429863,6,,2.5,-4.25,3.125,1.831082582,0,5.4375,385.5,8,954.375,8,0.150000006,-1.800000072,0.075000003,6.187593937,6,5.617218971,6,6.059625149,6,0,0,0,-37.5,6.599999905,326.0250244,118.5625992,,
8/15/22 20:10,0.00375,10.02375031,1.068131566,116.9375,6.027313232,6,,2.1875,-2.25,3.4375,2.059967995,0,6.000000477,292.5,8,948.125,8,0.075000003,-1.725000024,0.075000003,5.932875156,6,5.818312645,6,6.01331234,6,0,0,0,-37.5,6.375,332.3250122,131.1512909,,
8/15/22 20:15,0.005,10.03593731,0.915541291,115.75,6.004425049,6,,4.0625,-1.875,3.125,2.059967995,0,4.875,376.4999695,9,949.25,9,0.075000003,-1.800000072,0.075000003,6.191249847,6,6.042562485,6,5.947500229,6,0,0,0,-37.5,6.599999905,335.6999817,115.3582077,,
8/15/22 20:20,0.005625,10.06406212,0.915541291,120.25,6.129549026,6,,3.125,-3.625,3.75,1.831082582,0,5.0625,316.875,8,954,8,0.075000003,-1.800000072,0.075000003,5.929218292,6,6.144937515,6,6.112030983,6,0,0,0,-37.5,6,316.7999878,113.9849014,,
8/15/22 20:25,0.004375,10.065938,1.068131566,119.25,6.015106201,6,,4.0625,-3,3.125,1.831082582,0,5.625,404.625,8,955.375,8,0.075000003,-1.800000072,0.075000003,5.985280991,6,5.573343754,6,6.00356245,6,0,0,0,-37.5,8.25,329.625,109.178299,,
8/15/22 20:30,0.005,10.02843666,1.068131566,201.375,5.99374342,6,,1.875,-2.375,3.125,2.059967995,0,5.0625,144.75,8,1139,8,0,-1.800000072,0.075000003,5.98162508,6,6.303374767,6,6.190031052,6,0,0,0,-37.5,6.150000095,400.2749939,127.9468994,,
8/15/22 20:35,0.004375,10.065938,0.915541291,179.8125,6.176852226,6,,1.875,-3.25,3.125,2.059967995,0,4.875,-1.875,8.5,1091.25,8.5,0,-1.800000072,0.075000003,5.823187351,6,5.886562347,6,5.707406521,6,0,0,0,-37.5,6.150000095,321.5250244,114.4426651,,
8/15/22 20:40,0.00375,10.05656242,0.915541291,179.6875,5.996795654,6,,3.4375,-4.375,3.125,2.059967995,0,5.0625,-2.25,8,1091.25,8,0,-1.800000072,-0.075000003,5.934093475,6,5.618437767,6,5.997468948,6,0,0,0,-37.5,6.074999809,330.2249756,109.4071808,,
8/15/22 20:45,0.00625,10.05656242,1.068131566,179,6.00289917,6,,3.125,-2.875,3.4375,2.059967995,0,5.0625,-1.875,8.5,1091.5,8.5,0,-1.800000072,0,6.086437225,6,5.463655949,6,6.160780907,6,0,0,0,-37.5,6.599999905,326.25,112.6115875,,
8/15/22 20:50,0.0075,10.07437515,1.068131566,179.1875,6.00289917,6,,4.6875,-4.125,3.125,1.831082582,0,5.0625,-1.875,8,1094.625,8,0,-1.800000072,-0.075000003,6.099843979,6,6.328968525,6,5.850000381,6,0,0,0,-37.5,6.150000095,331.125,119.7070236,,
8/15/22 20:55,0.005625,10.07250023,1.068131566,181,5.970855236,6,,2.5,-2.25,2.812499762,2.059967995,0,5.4375,-1.500000119,8.5,1096.75,8.5,0,-1.875,-0.075000003,6.172968864,6,5.780531406,6,5.644031525,6,0,0,0,-37.5,6.375,330.6000061,95.67407227,,
8/15/22 21:00,0.004375,10.07062435,1.068131566,179.25,5.975432873,6,,2.5,-4.125,3.125,1.831082582,0,5.0625,-1.500000119,8.5,1072.75,8.5,-0.075000003,-1.875,-0.075000003,6.079124928,6,5.569687843,6,6.314343929,6,0,0,0,-37.5,6.150000095,330.8249817,123.1403046,,
8/15/22 21:05,0.005625,10.07999992,0.915541291,150.6875,6.201266766,6,,2.5,1347.75,3.125,2.059967995,0,5.25,91.5,8,975.125,8,-0.075000003,-1.875,-0.075000003,6.030375004,6,5.888999939,6,5.667187691,6,0,0,0,-37.5,6.599999905,317.7749939,205.3101349,,
8/15/22 21:10,0.0025,10.05375004,0.915541291,0,6.004425049,6,,2.1875,1347.875,3.125,2.059967995,0,5.0625,-1.875,8.5,982.625,8.5,-0.075000003,-1.950000048,-0.075000003,6.188812733,6,5.513625145,6,6.002344131,6,0,0,0,-37.5,5.925000191,333.2999878,175.7839355,,
8/15/22 21:15,0.006875,10.06500053,1.068131566,0.5625,5.960174084,6,,2.1875,1341.875,3.125,1.831082582,0,5.25,-1.875,8,976.125,8,-0.075000003,-1.950000048,-0.075000003,5.875593662,6,5.780531406,6,6.007218838,6,0,0,0,-37.5,6.750000477,331.7249756,180.5905304,,
8/15/22 21:20,0.005625,10.0546875,1.068131566,0,5.899137974,6,,1.25,1338.25,3.125,2.059967995,0,5.0625,-1.875,8,957.5,8,-0.075000003,-1.875,-0.075000003,5.980406284,6,5.776874542,6,5.743968487,6,0,0,0,-37.5,6.299999714,326.4000244,141.6800079,,
8/15/22 21:25,0.004375,10.065938,1.068131566,0,5.903715611,6,,4.0625,1342.75,2.812499762,1.831082582,0,5.4375,67.875,8,955.125,8,-0.150000006,-1.950000048,-0.150000006,5.98162508,6,5.626968861,6,5.951156139,6,0,0,0,-37.5,5.550000191,327.9750061,191.8059082,,
8/15/22 21:30,0.00625,10.08093739,1.068131566,0,5.880827427,6,,1.875,1340.375,3.125,1.831082582,0,5.25,-1.500000119,7.5,973.75,7.5,-0.225000009,-1.950000048,-0.150000006,5.931656361,6,5.385656357,6,6.109593868,6,0,0,0,-37.5,6.450000286,328.4250183,107.804985,,
8/15/22 21:35,0.005,10.08468723,0.915541291,0,5.615320206,6,,3401.5625,1334.625,3.125,1.831082582,1592.4375,4.5,-1.500000119,8.5,981.125,8.5,-0.150000006,-1.950000048,-0.150000006,5.722031593,6,5.779312611,6,6.314343929,6,0,0,0,-37.5,6.675000191,337.9500122,133.2112579,,
8/15/22 21:40,0.005,10.06031227,0.915541291,0,5.590905666,6,,3316.875,1342.875,2.812499762,2.059967995,1582.6875,4.6875,-1.875,7.5,976.75,7.5,-0.225000009,-1.950000048,-0.150000006,5.874375343,6,5.776874542,6,6.049875259,6,0,0,0,-37.5,6.524999619,338.2500305,158.6175385,,
8/15/22 21:45,0.004375,10.06500053,1.068131566,0.0625,5.543602943,6,,3406.875244,1338.875,2.812499762,2.059967995,1584,5.4375,-1.875,7,968.375,7,-0.225000009,-1.950000048,-0.150000006,5.619656563,6,5.725687504,6,5.739093781,6,0,0,0,-37.5,8.625,331.2749939,127.4891281,,
8/15/22 21:50,0.00625,10.06218719,1.068131566,135.875,5.603112698,6,,3414.375,1336.5,2.812499762,2.059967995,1581.75,5.4375,-1.500000119,8,994.875,8,-0.225000009,-1.950000048,-0.150000006,5.567249775,6,5.730562687,6,6.157124996,6,0,0,0,-37.5,6.599999905,341.3999939,114.6715546,,
8/15/22 21:55,0.005625,10.09312439,1.068131566,133.875,5.572595119,6,,3436.875,1333.5,2.5,2.059967995,1558.125122,5.0625,-1.875,8,996.375,8,-0.225000009,-2.025000095,-0.150000006,6.087656021,6,5.880468369,6,5.746406555,6,0,0,0,-37.5,6.675000191,328.1999817,98.19180298,,
8/15/22 22:00,0.00375,10.09968758,1.068131566,131.875,5.540551186,6,,3299.6875,1334.875,2.5,2.059967995,1568.25,4.6875,-1.875,7.5,989,7.5,-0.225000009,-2.025000095,-0.225000009,5.828062534,6,6.453281403,6,5.987719059,6,0,0,0,-37.5,6.599999905,333.6749878,95.67407227,,
8/15/22 22:05,0.00375,10.09781265,1.068131566,133.4375,5.558861732,6,,3413.75,1330.375,3.125,1.831082582,1554.187378,5.0625,-1.875,7.5,996.875,7.5,-0.225000009,-2.025000095,-0.225000009,5.880468369,6,5.807343483,6,6.001124859,6,0,0,0,-37.5,9.225000381,338.5499878,80.79652405,,
8/15/22 22:10,0.00625,10.0668745,1.068131566,133.875,5.506980896,6,,3426.25,1328.25,2.812499762,1.831082582,1560.9375,4.875,-2.25,7,998.125,7,-0.225000009,-2.025000095,-0.225000009,5.98162508,6,5.678156376,6,6.065719128,6,0,0,0,-37.5,6.675000191,334.875,90.63859558,,
8/15/22 22:15,0.005625,10.07343769,1.068131566,133.875,5.903715611,6,,3403.125,1331.375,2.1875,2.059967995,1532.062378,5.0625,-1.875,8,999.875,8,-0.300000012,-2.100000143,-0.225000009,5.82562542,6,5.996250153,6,6.105937958,6,0,0,0,-37.5,6.299999714,328.9500122,100.0228958,,
8/15/22 22:20,0.003125,10.10249996,1.068131566,137.5,5.911345005,6,,3401.5625,1328.875,2.1875,1.831082582,1532.8125,5.0625,-2.25,8,1003.749939,8,-0.225000009,-2.100000143,-0.300000012,5.832937241,6,5.985280991,6,6.316781521,6,0,0,0,-37.5,6.375,339.5999756,52.872509,,
8/15/22 22:25,0.005625,10.06968784,1.068131566,136.875,5.856412888,6,,3393.75,1325.625,3.125,2.059967995,1536.5625,5.0625,-1.875,7.5,991.125,7.5,-0.300000012,-2.025000095,-0.300000012,5.724468708,6,5.778093815,6,6.043781281,6,0,0,0,-37.5,6.750000477,333.9000244,66.60562897,,
8/15/22 22:30,0.004375,10.11000061,1.068131566,138.125,5.864042282,6,,3419.0625,1327.25,2.5,1.831082582,1529.437378,5.25,-1.500000119,7.5,1004.250061,7.5,-0.300000012,-2.100000143,-0.300000012,5.7269063,6,5.650125027,6,5.929218292,6,0,0,0,-37.5,6.599999905,334.7249756,66.60562897,,
8/15/22 22:35,0.00625,10.04718781,0.915541291,129.4375,5.862516403,6,,3397.5,1324.75,2.5,1.831082582,1538.250122,4.875,-1.500000119,7,981.75,7,-0.300000012,-2.100000143,-0.300000012,5.921906471,6,5.624530792,6,6.321656227,6,0,0,0,-37.5,6.750000477,325.6499939,52.18585587,,
8/15/22 22:40,0.0075,10.05281258,0.915541291,133.375,5.900663853,6,,3409.6875,1328.875,2.5,1.831082582,1552.3125,5.0625,-1.875,6.5,996.75,6.5,-0.375,-2.100000143,-0.300000012,5.728124619,6,5.523375034,6,5.797593594,6,0,0,0,-37.5,9.074999809,330.2249756,62.25680923,,
8/15/22 22:45,0.005625,10.04906273,0.915541291,132.1875,5.86709404,6,,3396.25,1327.5,2.5,1.831082582,1524.562378,5.0625,-1.500000119,7,989.75,7,-0.375,-2.100000143,-0.300000012,5.664749622,6,5.531906128,6,5.227218628,6,0,0,0,-37.5,6.675000191,334.2749939,59.51018906,,
8/15/22 22:50,0.0075,10.08468723,0.915541291,137.3125,5.850309372,6,,3403.125,1324.375,2.1875,1.831082582,1519.125,5.0625,-1.875,7.5,997.625,7.5,-0.375,-2.174999952,-0.300000012,5.598937511,6,6.040124893,6,5.658656597,6,0,0,0,-37.5,6.599999905,337.9500122,88.80751038,,
8/15/22 22:55,0.005625,10.08374977,1.068131566,131.625,5.835049629,6,,3407.8125,1325,2.5,2.059967995,1515.749878,5.0625,-1.500000119,6.5,991.25,6.5,-0.375,-2.100000143,-0.300000012,5.982843876,6,5.841468811,6,5.379562378,6,0,0,0,-37.5,6.150000095,328.9500122,79.42321014,,
8/15/22 23:00,0.0025,10.08374977,1.068131566,136.6875,5.888456821,6,,3407.8125,1325.125,2.5,1.831082582,1521.5625,4.6875,-2.25,7,996.875,7,-0.375,-2.174999952,-0.300000012,5.824406147,6,5.965781212,6,6.315562725,6,0,0,0,-37.5,7.200000286,338.9250183,71.41222382,,
8/15/22 23:05,0.004375,10.07625008,1.068131566,138.75,5.876249313,6,,3402.8125,1325.5,1.875,2.059967995,1534.5,4.5,-1.875,7,1007.375,7,-0.375,-2.174999952,-0.375,5.512405872,6,5.523375034,6,5.8512187,6,0,0,0,-37.5,6.900000095,332.25,66.60562897,,
8/15/22 23:10,0.004375,10.05562496,1.068131566,136.9375,5.8899827,6,,3405.3125,1326.75,2.1875,1.602197289,1509.937622,5.0625,-1.500000119,7,996.75,7,-0.375,-2.174999952,-0.300000012,5.697656631,6,5.936531067,6,5.742749691,6,0,0,0,-37.5,6.824999809,334.5750122,62.25680923,,
8/15/22 23:15,0.00625,10.08750057,0.915541291,143.6875,5.838101387,6,,3325,1323.75,2.1875,2.059967995,1520.25,4.6875,-1.875,7,1015.750061,7,-0.375,-2.174999952,-0.375,5.786625385,6,5.67693758,6,6.006000042,6,0,0,0,-37.5,6.750000477,310.6500244,57.4502182,,
8/15/22 23:20,0.00625,10.08750057,0.915541291,141.4375,5.879301548,6,,3363.125,1324.125,2.1875,1.831082582,1505.625,4.6875,-1.875,6.5,1016.374939,6.5,-0.375,-2.174999952,-0.375,5.720812321,6,5.778093815,6,5.639155865,6,0,0,0,-37.5,6.599999905,340.8000183,57.90798569,,
8/15/22 23:25,0.003125,10.08187485,0.915541291,149.0625,5.845731735,6,,3370.000244,1321.625,2.1875,1.831082582,1518.374878,5.0625,-1.500000119,6.5,1028.25,6.5,-0.375,-2.174999952,-0.375,5.753718853,6,6.036468983,6,6.260718822,6,0,0,0,-37.5,6.675000191,328.9500122,56.99245071,,
8/15/22 23:30,0.006875,10.10343742,0.915541291,136,5.813687325,6,,3375.625,1317.125,2.812499762,1.831082582,1509.1875,5.0625,-1.875,6.5,997.875,6.5,-0.375,-2.174999952,-0.375,5.732999802,6,6.146156311,6,6.009656429,6,0,0,0,-37.5,7.125,334.9500122,57.67910385,,
8/15/22 23:35,0.005,10.09593773,0.915541291,131,5.831997871,6,,3371.562256,1318.75,2.1875,1.831082582,1522.5,4.6875,-2.25,6.5,994.125,6.5,-0.375,-2.174999952,-0.375,5.618437767,6,5.756156445,6,6.159562588,6,0,0,0,-37.5,6.824999809,332.5499878,73.01441956,,
8/15/22 23:40,0.006875,10.12874985,0.915541291,138.5625,5.822842598,6,,3343.75,1316.5,2.1875,1.831082582,1502.812622,5.25,-1.875,6,1001.875061,6,-0.375,-2.174999952,-0.300000012,5.542874813,6,5.519718647,6,6.109593868,6,0,0,0,-37.5,6.599999905,339.5249939,50.58365631,,
8/15/22 23:45,0.003125,10.10718727,1.068131566,142.625,5.810635567,6,,3366.25,1319.25,2.1875,1.831082582,1504.5,5.0625,-2.25,6.5,1009.250061,6.5,-0.450000018,-2.174999952,-0.375,5.419781208,6,5.938969135,6,6.002344131,6,0,0,0,-37.5,6.450000286,337.0499878,31.58617592,,
8/15/22 23:50,0.00625,10.07718754,1.068131566,0,5.85336113,6,,3348.125,1319.875,2.1875,1.831082582,1496.25,5.25,-1.875,6,1025.5,6,-0.375,-2.174999952,-0.375,5.667187691,6,6.040124893,6,5.275968552,6,0,0,0,-37.5,7.049999714,330.75,45.09040833,,
8/15/22 23:55,0.00625,10.10343742,1.068131566,0,5.882353306,6,,3276.875,1317.375,2.1875,1.602197289,1487.0625,4.6875,-2.25,6.5,1030.25,6.5,-0.375,-2.174999952,-0.450000018,5.770781517,6,5.778093815,6,5.757374763,6,0,0,0,-37.5,6.824999809,332.7749939,43.71709824,,
8/16/22 0:00,0.00625,10.08374977,1.068131566,0.625,5.830471992,6,,3349.6875,1323.875,1.875,1.602197289,1493.4375,5.0625,-1.875,6.5,1050.25,6.5,-0.450000018,-2.25,-0.450000018,5.52093792,6,5.776874542,6,5.893875122,6,0,0,0,-37.5,6.750000477,339.4500122,62.02792358,,