Date,ROWL.JLR1_LEVEL.F_CV,ROWL.JLR2_LEVEL.F_CV,ROWL.LHHW_LM_LEVEL.F_CV,ROWL.LHHW_LY_LEVEL.F_CV,ROWL.LHHW_R9_LEVEL.F_CV,ROWL.NOGALESLS_LEVEL.F_CV,ROWL.RS01_LEVEL.F_CV,ROWL.RS02_LEVEL.F_CV,ROWL.RS03_LEVEL.F_CV,ROWL.RS04_LEVEL.F_CV,ROWL.RS05_LEVEL.F_CV,ROWL.RS06_LEVEL.F_CV,ROWL.RS07_LEVEL.F_CV,ROWL.RS08_LEVEL.F_CV,ROWL.RS10_LEVEL.F_CV,ROWL.RS11_LEVEL.F_CV,ROWL.RS12_LEVEL.F_CV,ROWL.RS13_LEVEL.F_CV,ROWL.RS14_LEVEL.F_CV,ROWL.RS15_LEVEL.F_CV,ROWL.RS16_LEVEL.F_CV,ROWL.RS2A_TANK_LEVEL.F_CV,ROWL.RS9_LEVEL.F_CV,ROWL.WELL1_LEVEL.F_CV,ROWL.WELL1WW_LEVEL.F_CV
8/15/22 0:00,23.96800041,23.93799973,0,0,0,2.898125172,17.82661057,20.51199913,3.93316555,23.04400063,17.84609413,18.42399979,17.40260887,18.92362785,20.83399963,18.11400032,26.96818542,23.51354218,14.80735493,20.58864021,20.73399925,24.19624901,-0.495999992,-6.25,6.822919846
8/15/22 0:05,24.01600075,23.98800087,0,0,0,2.696249962,17.75083542,20.5,3.935606956,23.13599968,17.7811451,18.39599991,17.38307762,18.91142082,20.9640007,18.09000015,26.96086121,23.55992889,14.7804985,20.55659676,20.71999931,24.08250046,-0.495999992,-6.25,6.822919846
8/15/22 0:10,24.06399918,24.0340004,0,0,0,2.585312366,17.68804932,20.48800087,3.93316555,23.21800041,17.71619415,18.33799934,17.36598778,18.89921379,21.09199905,18.06200027,26.95597839,23.60631752,14.75364304,20.52327156,20.70999908,23.94437599,-0.495999992,-6.25,6.828687668
8/15/22 0:15,24.1079998,24.08399963,0,0,0,2.597812414,17.62742996,20.47200012,3.93316555,23.30599976,17.65773964,18.30200005,17.35133934,18.88700676,21.22200012,18.03800011,26.94621277,23.65758705,14.73655319,20.4912281,20.70199966,23.84687424,-0.495999992,-6.25,6.828687668
8/15/22 0:20,24.15800095,24.12999916,0,0,0,2.489375114,17.55381966,20.45800018,3.93316555,23.3920002,17.59062386,18.26000023,17.32936668,18.87479973,21.35199928,18.01600075,26.94132996,23.69909286,14.71702099,20.46302986,20.69199944,23.72500038,-0.495999992,-6.25,6.831572056
8/15/22 0:25,24.20999908,24.1779995,0,0,0,2.489687443,17.50402451,20.43799973,3.93316555,23.47999954,17.53866386,18.20999908,17.30983353,18.8625927,21.48800087,17.99600029,26.93156242,23.74547958,14.70481396,20.43611336,20.6779995,23.63562393,-0.497999996,-6.25,6.828687668
8/15/22 0:30,24.25799942,24.22599983,0,0,0,2.385937691,17.4304142,20.43000031,3.93316555,23.56599998,17.45855904,18.17000008,17.29030228,18.85282707,21.61199951,17.97200012,26.9242382,23.7918663,14.68528271,20.39766121,20.66600037,23.52187538,-0.497999996,-6.25,6.820035458
8/15/22 0:35,24.29999924,24.27799988,0,0,0,2.40062499,17.37412453,20.41799927,3.930724144,23.65399933,17.39793968,18.12400055,17.27321243,18.83817863,21.74399948,17.95000076,26.91691399,23.83093071,14.66819286,20.35664558,20.65600014,23.41625023,-0.495999992,-6.25,6.828687668
8/15/22 0:40,24.35199928,24.3220005,0,0,0,2.397187471,17.30917358,20.40800095,3.93316555,23.74200058,17.33298874,18.09600067,17.25123978,18.8235302,21.87199974,17.93199921,26.91691399,23.88708305,14.65110207,20.31434822,20.6420002,23.31062508,-0.497999996,-6.25,6.828687668
8/15/22 0:45,24.39999962,24.37199974,0,0,0,2.290937424,17.25288391,20.39599991,3.93316555,23.83399963,17.27669907,18.05400085,17.23903275,18.81132126,22,17.90999985,26.90226555,23.93591118,14.64133644,20.27589607,20.62800026,23.21312523,-0.497999996,-6.25,6.834455967
8/15/22 0:50,24.44400024,24.42000008,0,0,0,2.301249981,17.19875908,20.38800049,3.93316555,23.92399979,17.22040939,18.02599907,17.22438431,18.79667282,22.13199997,17.8939991,26.89249992,23.99450684,14.626688,20.24128723,20.61800003,23.11562538,-0.497999996,-6.25,6.822919846
8/15/22 0:55,24.49799919,24.46800041,0,0,0,2.299999952,17.14679909,20.38400078,3.93316555,24.01799965,17.16195488,17.99600029,17.21706009,18.79179001,22.25799942,17.87199974,26.89005852,24.0604248,14.61692238,20.21565247,20.61199951,22.93687439,-0.497999996,-6.25,6.822919846
8/15/22 1:00,24.54000092,24.51799965,0,0,0,2.207499981,17.09267426,20.37800026,3.93316555,24.11199951,17.11648941,17.95999908,17.19997025,18.78202438,22.38400078,17.85199928,26.87785149,24.11413765,14.60715675,20.18360901,20.61199951,22.74187469,-0.497999996,-6.25,6.834455967
8/15/22 1:05,24.59000015,24.56399918,0,0,0,2.200000048,17.0320549,20.36400032,3.93316555,24.20800018,17.05370522,17.93000031,17.18776321,18.77225876,22.51399994,17.8239994,26.87052727,24.17517281,14.59494972,20.14131165,20.59000015,22.52250099,-0.497999996,-6.25,6.822919846
8/15/22 1:10,24.63999939,24.61400032,0,0,0,2.103125095,16.96710396,20.35199928,3.93316555,24.30599976,16.99091911,17.87999916,17.17555428,18.76737595,22.63999939,17.80400085,26.86320305,24.23865128,14.58274174,20.09260559,20.58399963,22.31937408,-0.495999992,-6.25,6.822919846
8/15/22 1:15,24.69000053,24.66200066,0,0,0,2.091874838,16.91081429,20.34399986,3.930724144,24.3920002,16.94112396,17.84600067,17.15602303,18.76249313,22.76199913,17.78000069,26.86076164,24.29480362,14.57297611,20.05799866,20.5739994,22.10000038,-0.495999992,-6.25,6.828687668
8/15/22 1:20,24.73600006,24.71199989,0,0,0,2.292500019,16.85668945,20.32999992,3.930724144,24.48399925,16.87401009,17.8239994,17.14381599,18.74540329,22.88599968,17.75600052,26.84123039,24.35339928,14.55588627,20.04005432,20.56399918,21.88062477,-0.495999992,-6.25,6.828687668
8/15/22 1:25,24.78199959,24.75799942,0,0,0,2.490312576,16.80256462,20.31800079,3.930724144,24.56599998,16.81772041,17.79800034,17.13405037,18.73319626,23.01399994,17.73200035,26.83634758,24.40955162,14.54123783,20.01954651,20.54999924,21.66937637,-0.497999996,-6.25,6.822919846
8/15/22 1:30,24.83399963,24.80599976,0,0,0,2.586562634,16.76359558,20.31399918,3.93316555,24.58399963,16.82854462,17.76000023,17.12184334,18.72343063,23.01799965,17.70999908,26.82169914,24.37781334,14.53147221,19.98750305,20.54000092,21.44187546,-0.495999992,-6.25,6.834455967
8/15/22 1:35,24.87999916,24.85400009,0,0,0,2.704062462,16.76143074,20.31399918,3.93316555,24.60199928,16.83503914,17.73399925,17.10231209,18.71366501,23.0340004,17.68799973,26.8070488,24.31677818,14.51682281,19.95417786,20.53000069,21.22249985,-0.497999996,-6.25,6.831572056
8/15/22 1:40,24.9260006,24.90200043,0,0,0,2.692187309,16.76359558,20.30800056,3.93316555,24.61199951,16.82854462,17.69199944,17.08522224,18.7087822,23.04999924,17.67000008,26.79728317,24.26550674,14.50461578,19.92982483,20.52199936,20.99500084,-0.497999996,-6.25,6.831572056
8/15/22 1:45,24.97400093,24.95000076,0,0,0,2.779375076,16.76359558,20.29599953,3.930724144,24.62999916,16.82205009,17.66200066,17.08033943,18.69413376,23.06200027,17.65600014,26.78751755,24.20203018,14.48996735,19.90419006,20.50799942,20.75937462,-0.497999996,-6.25,6.834455967
8/15/22 1:50,25.02799988,25,0,0,0,2.879374981,16.76359558,20.29000092,3.930724144,24.64599991,16.81988525,17.62599945,17.06569099,18.69169235,23.07999992,17.63800049,26.77286911,24.15564156,14.4704361,19.8785553,20.49200058,20.5318737,-0.495999992,-6.25,6.822919846
8/15/22 1:55,25.0739994,25.04800034,0,0,0,2.893437386,16.76792526,20.28199959,3.93316555,24.65399933,16.82854462,17.61000061,17.05348206,18.68192482,23.10000038,17.62000084,26.76066208,24.10925484,14.46311092,19.85420227,20.48200035,20.30437469,-0.495999992,-6.25,6.825803757
8/15/22 2:00,25.12000084,25.09600067,0,0,0,3.002812624,16.7700901,20.27599907,3.93316555,24.66399956,16.82854462,17.58799934,17.04127502,18.67704201,23.11000061,17.60400009,26.75089645,24.0604248,14.43625546,19.82728577,20.47800064,20.07687378,-0.495999992,-6.25,6.834455967
8/15/22 2:05,25.17200089,25.1439991,0,0,0,3.103437424,16.76143074,20.26199913,3.93316555,24.68400002,16.82854462,17.55200005,17.02662659,18.66727638,23.12400055,17.58200073,26.74113083,24.01159668,14.43625546,19.801651,20.46800041,19.83312416,-0.497999996,-6.25,6.822919846
8/15/22 2:10,25.22400093,25.19199944,0,0,0,2.683750153,16.75709915,20.25399971,3.930724144,24.68199921,16.82637978,17.51600075,17.00953674,18.65751076,23.13599968,17.56399918,26.73624802,23.96520996,14.42160702,19.77857971,20.46199989,19.58937454,-0.495999992,-6.25,6.828687668
8/15/22 2:15,25.26799965,25.24200058,0,0,0,2.601875067,16.76359558,20.24200058,3.93316555,24.69199944,16.81555557,17.48800087,16.99000549,18.64774513,23.1420002,17.54800034,26.71915817,23.92370415,14.40695858,19.75550842,20.45199966,19.36187363,-0.495999992,-6.25,6.831572056
8/15/22 2:20,25.31599998,25.28800011,0,0,0,2.591874838,16.76143074,20.23600006,3.930724144,24.69199944,16.81988525,17.46800041,16.97047424,18.63797951,23.14999962,17.52599907,26.71183395,23.89196587,14.39230919,19.72730827,20.43799973,19.13437462,-0.497999996,-6.25,6.834455967
8/15/22 2:25,25.36599922,25.33600044,0,0,0,2.484687567,16.75709915,20.22599983,3.930724144,24.69199944,16.81772041,17.43600082,16.95582581,18.62821388,23.15800095,17.50399971,26.70450974,23.84069633,14.39230919,19.70167351,20.43000031,18.87437439,-0.495999992,-6.25,6.822919846
8/15/22 2:30,25.40999985,25.38400078,0,0,0,2.483437538,16.75493431,20.21800041,3.930724144,24.70199966,16.83070946,17.39999962,16.94117737,18.62333107,23.16200066,17.48999977,26.69474411,23.80407333,14.37277794,19.6811657,20.42000008,18.64687538,-0.497999996,-6.25,6.828687668
8/15/22 2:35,25.46199989,25.43000031,0,0,0,2.387187481,16.75709915,20.20999908,3.930724144,24.70199966,16.81988525,17.37800026,16.92408562,18.61600685,23.17200089,17.48200035,26.68741798,23.77721786,14.36057091,19.65681267,20.40600014,18.41125107,-0.497999996,-6.25,6.834455967
8/15/22 2:40,25.51000023,25.47999954,0,0,0,2.3984375,16.75709915,20.20000076,3.93316555,24.71199989,16.82205009,17.34399986,16.90699577,18.60868263,23.1760006,17.47200012,26.67765236,23.74303818,14.35080528,19.62989616,20.3920002,18.16749954,-0.495999992,-6.25,6.825803757
8/15/22 2:45,25.55400085,25.52599907,0,0,0,2.287500143,16.75276947,20.19199944,3.930724144,24.7140007,16.82205009,17.32799911,16.88746452,18.60379982,23.18199921,17.45800018,26.66788673,23.71618271,14.3410387,19.60810661,20.38599968,17.93187523,-0.495999992,-6.25,6.828687668
8/15/22 2:50,25.60000038,25.5739994,0,0,0,2.285937548,16.7592659,20.18400002,3.930724144,24.72200012,16.82205009,17.28199959,16.86793327,18.5964756,23.18600082,17.44799995,26.67032814,23.67955971,14.32883167,19.5875988,20.37400055,17.68812561,-0.497999996,-6.25,6.825803757
8/15/22 2:55,25.65200043,25.62400055,0,0,0,2.303750038,16.75060463,20.1779995,3.930724144,24.73200035,16.82421494,17.27199936,16.85084343,18.59159279,23.19000053,17.44400024,26.66544533,23.65758705,14.31906605,19.56837273,20.37000084,17.44437599,-0.495999992,-6.25,6.828687668
8/15/22 3:00,25.70000076,25.67200089,0,0,0,2.301562309,16.74843979,20.16200066,3.93316555,24.72999954,16.80472946,17.22400093,16.83375359,18.58426857,23.18799973,17.43799973,26.65812111,23.6356144,14.31174183,19.55042839,20.35199928,17.21687508,-0.495999992,-6.25,6.828687668
8/15/22 3:05,25.74600029,25.71800041,0,0,0,2.186875105,16.73977852,20.14999962,3.93316555,24.72400093,16.8068943,17.19400024,16.81666374,18.57450294,23.19000053,17.43799973,26.64835548,23.61364174,14.30685902,19.52479362,20.34600067,16.98124886,-0.497999996,-6.25,6.822919846
8/15/22 3:10,25.79800034,25.76600075,0,0,0,2.100312471,16.72678947,20.1439991,3.93316555,24.7159996,16.80472946,17.15999985,16.79713058,18.56473732,23.18000031,17.43600082,26.64835548,23.58922768,14.28976917,19.50172234,20.34600067,16.73749924,-0.495999992,-6.25,6.820035458
8/15/22 3:15,25.84199905,25.81399918,0,0,0,2.09593749,16.72678947,20.12400055,3.930724144,24.7159996,16.78957558,17.12000084,16.77759933,18.55741119,23.17399979,17.43400002,26.64347267,23.56969643,14.28000259,19.48505974,20.32799911,16.49374962,-0.497999996,-6.25,6.822919846
8/15/22 3:20,25.8920002,25.86199951,0,0,0,2.092187643,16.71379852,20.11199951,3.930724144,24.70599937,16.78091431,17.05800056,16.75318527,18.55008698,23.17000008,17.43400002,26.64103127,23.55260468,14.26291275,19.46967888,20.31399918,16.25812531,-0.495999992,-6.25,6.822919846
8/15/22 3:25,25.93799973,25.91200066,0,0,0,2.386874914,16.71379852,20.1060009,3.930724144,24.70400047,16.77658463,17.05200005,16.73853683,18.54520416,23.16799927,17.43199921,26.63858986,23.53307343,14.25558853,19.4504528,20.30400085,16.02249908,-0.495999992,-6.25,6.828687668
8/15/22 3:30,25.98399925,25.96199989,0,0,0,2.502500057,16.70513916,20.09600067,3.93316555,24.70000076,16.76792526,17.01199913,16.71656418,18.53055573,23.15800095,17.43400002,26.63370705,23.51354218,14.24826431,19.43250847,20.29400063,15.78687477,-0.495999992,-6.25,6.825803757
8/15/22 3:35,26.0359993,26.00600052,0,0,0,2.59375,16.70297432,20.08799934,3.930724144,24.69000053,16.76576042,16.98800087,16.69947433,18.51590729,23.15200043,17.43199921,26.62882423,23.49401093,14.23361588,19.41840935,20.28800011,15.55125046,-0.495999992,-6.25,6.825803757
8/15/22 3:40,26.08200073,26.05599976,0,0,0,2.701562643,16.6964798,20.08200073,3.93316555,24.6760006,16.76359558,16.93600082,16.68238258,18.50370026,23.1420002,17.43199921,26.62882423,23.47447968,14.22873306,19.40431023,20.28000069,15.30749989,-0.495999992,-6.25,6.828687668
8/15/22 3:45,26.13199997,26.10400009,0,0,0,2.797812462,16.69215012,20.0739994,3.930724144,24.66799927,16.75276947,16.93600082,16.66529274,18.49637604,23.13599968,17.43400002,26.62394142,23.45006561,14.22385025,19.38892937,20.26399994,15.07187557,-0.495999992,-6.25,6.828687668
8/15/22 3:50,26.1760006,26.15200043,0,0,0,2.789687634,16.69215012,20.06800079,3.93316555,24.65999985,16.75493431,16.89599991,16.6482029,18.48416901,23.12999916,17.43199921,26.62150002,23.43541527,14.19943523,19.3799572,20.26199913,14.86875057,-0.497999996,-6.25,6.834455967
8/15/22 3:55,26.22999954,26.20400047,0,0,0,2.881875038,16.68782043,20.05999947,3.93316555,24.6420002,16.7592659,16.87599945,16.62867165,18.47684479,23.11800003,17.43000031,26.61905861,23.41588402,14.19699383,19.36713982,20.25200081,14.68999958,-0.495999992,-6.25,6.820035458
8/15/22 4:00,26.27000046,26.24799919,0,0,0,2.980000019,16.68132401,20.05200005,3.93316555,24.63599968,16.74411011,16.83600044,16.6115818,18.46707916,23.11000061,17.4260006,26.6141758,23.39879417,14.17746258,19.36073112,20.24399948,14.52750015,-0.497999996,-6.25,6.831572056
8/15/22 4:05,26.31800079,26.29199982,0,0,0,2.981562614,16.67482948,20.04400063,3.93316555,24.6079998,16.74627495,16.80800056,16.58716774,18.45487213,23.09799957,17.41799927,26.60929298,23.39146996,14.16281414,19.33509636,20.23200035,14.38124943,-0.497999996,-6.25,6.831572056
8/15/22 4:10,26.31200027,26.30800056,0,0,0,2.903437614,16.707304,20.05800056,3.930724144,24.58200073,16.74411011,16.84399986,16.56275368,18.43533897,23.08200073,17.41399956,26.60196877,23.36217308,14.14328194,19.30433464,20.22599983,14.24312496,-0.497999996,-6.25,6.828687668
8/15/22 4:15,26.27799988,26.29599953,0,0,0,2.689374924,16.74843979,20.1060009,3.930724144,24.55800056,16.76792526,16.89999962,16.54322052,18.41824913,23.0720005,17.40800095,26.59952736,23.33775902,14.12130928,19.27485466,20.21999931,14.12125015,-0.497999996,-6.25,6.828687668
8/15/22 4:20,26.23600006,26.27400017,0,0,0,2.69406271,16.80256462,20.16399956,3.93316555,24.53199959,16.78524399,16.94000053,16.51636505,18.40115929,23.05599976,17.40600014,26.58732033,23.31334496,14.10421944,19.25050163,20.22400093,13.99125004,-0.495999992,-6.25,6.828687668
8/15/22 4:25,26.19799995,26.25,0,0,0,2.603437662,16.85235977,20.20999908,3.930724144,24.52599907,16.8328743,16.99200058,16.49195099,18.38162804,23.04800034,17.40999985,26.57999611,23.2938118,14.08957005,19.2261467,20.22599983,13.87749958,-0.495999992,-6.25,6.820035458
8/15/22 4:30,26.15999985,26.21999931,0,0,0,2.5859375,16.88916588,20.25799942,3.930724144,24.49799919,16.86101913,17.02400017,16.47730255,18.35965538,23.0340004,17.41399956,26.5775547,23.27672195,14.07492161,19.20435715,20.23800087,13.77187538,-0.495999992,-6.25,6.828687668
8/15/22 4:35,26.12199974,26.19400024,0,0,0,2.488749981,16.94112396,20.30200005,3.930724144,24.48200035,16.90215492,17.05800056,16.46265411,18.34012413,23.02000046,17.41399956,26.56778908,23.26695633,14.06271458,19.17487717,20.24600029,13.65812492,-0.497999996,-6.25,6.825803757
8/15/22 4:40,26.09000015,26.16200066,0,0,0,2.488437414,16.98225975,20.33399963,3.930724144,24.45800018,16.94329071,17.11000061,16.45044708,18.32059288,23.00600052,17.41200066,26.56046295,23.23277664,14.03585911,19.14796066,20.26000023,13.56062508,-0.497999996,-6.25,6.828687668
8/15/22 4:45,26.05800056,26.13599968,0,0,0,2.489062548,17.02339363,20.37599945,3.930724144,24.44000053,16.97143555,17.16799927,16.43335533,18.29861832,22.99600029,17.41200066,26.55313873,23.21080399,14.02120972,19.11848068,20.27000046,13.46312428,-0.497999996,-6.25,6.834455967
8/15/22 4:50,26.02599907,26.10400009,0,0,0,2.480625153,17.0688591,20.41600037,3.930724144,24.41399956,17.01906395,17.20000076,16.41382408,18.28396988,22.97999954,17.41600037,26.54337311,23.18394661,14.00656128,19.07618332,20.29000092,13.36562443,-0.495999992,-6.25,6.834455967
8/15/22 4:55,25.98999977,26.0720005,0,0,0,2.497187614,17.11215973,20.45800018,3.930724144,24.39800072,17.06236458,17.24600029,16.38941002,18.26688004,22.9640007,17.42399979,26.5384903,23.15709114,13.97970581,19.04157639,20.30200005,13.26812553,-0.497999996,-6.25,6.828687668
8/15/22 5:00,25.95800018,26.04000092,0,0,0,2.401562452,17.15329361,20.49799919,3.93316555,24.38199997,17.11432457,17.29000092,16.37964439,18.2522316,22.95000076,17.4279995,26.53116608,23.13755989,13.96261501,19.01594162,20.31200027,13.17875004,-0.495999992,-6.25,6.822919846
8/15/22 5:05,25.92399979,26.01000023,0,0,0,2.399999857,17.19009972,20.52799988,3.930724144,24.32999992,17.14896393,17.33600044,16.3430233,18.23025894,22.93000031,17.43000031,26.51651764,23.09117317,13.93331814,18.97620773,20.33200073,13.06500053,-0.495999992,-6.25,6.828687668
8/15/22 5:10,25.88999939,25.97599983,0,0,0,2.399687529,17.22473907,20.55599976,3.93316555,24.26000023,17.1944294,17.39599991,16.28931046,18.19363785,22.8939991,17.43400002,26.4994278,23.0276947,13.89669609,18.94031906,20.35199928,12.98375034,-0.495999992,-6.25,6.828687668
8/15/22 5:15,25.8560009,25.94799995,0,0,0,2.400937557,17.25504875,20.58399963,3.930724144,24.1760006,17.22040939,17.39999962,16.23804092,18.15457344,22.86199951,17.43799973,26.47989655,22.96177673,13.8625164,18.89930344,20.37400055,12.87812519,-0.495999992,-6.25,6.822919846
8/15/22 5:20,25.8239994,25.90800095,0,0,0,2.389062405,17.2940197,20.61199951,3.930724144,24.09799957,17.26154518,17.44199944,16.18676949,18.10818672,22.82600021,17.43799973,26.46768951,22.89585686,13.82345295,18.85956955,20.38800049,12.78062439,-0.495999992,-6.25,6.825803757
8/15/22 5:25,25.79199982,25.87800026,0,0,0,2.400312662,17.33732033,20.6420002,3.930724144,24.04599953,17.29834938,17.50600052,16.14282417,18.06424141,22.79400063,17.44400024,26.44327545,22.84947014,13.78439045,18.8211174,20.40600014,12.69937515,-0.497999996,-6.25,6.834455967
8/15/22 5:30,25.76600075,25.84799957,0,0,0,2.393437386,17.38061905,20.67200089,3.930724144,23.98600006,17.33298874,17.55400085,16.10376167,18.03005981,22.76600075,17.45000076,26.42862511,22.80308151,13.76241684,18.79035568,20.42000008,12.60187531,-0.495999992,-6.25,6.834455967
8/15/22 5:35,25.72599983,25.81200027,0,0,0,2.405937433,17.41958809,20.70199966,3.93316555,23.9260006,17.37412453,17.58200073,16.06469917,18.00076294,22.73600006,17.45800018,26.39688683,22.7591362,13.73556137,18.75703049,20.44199944,12.50437546,-0.495999992,-6.25,6.825803757
8/15/22 5:40,25.69799995,25.77799988,0,0,0,2.292187452,17.45855904,20.72800064,3.93316555,23.86599922,17.41742516,17.62800026,16.03295898,17.97634888,22.70599937,17.4659996,26.37979698,22.71519089,13.71847057,18.71473122,20.45599937,12.40687466,-0.495999992,-6.25,6.834455967
8/15/22 5:45,25.66799927,25.75,0,0,0,2.29124999,17.49103546,20.75200081,3.930724144,23.80599976,17.44989967,17.6779995,16.00610352,17.94949341,22.67200089,17.47200012,26.36514854,22.67612648,13.68184948,18.66858864,20.47800064,12.30937481,-0.495999992,-6.25,6.831572056
8/15/22 5:50,25.62999916,25.71800041,0,0,0,2.289687634,17.53433418,20.78199959,3.930724144,23.75799942,17.4932003,17.71199989,15.97192383,17.92507744,22.64800072,17.47800064,26.36514854,22.63706398,13.64522743,18.62629128,20.49200058,12.22812462,-0.495999992,-6.25,6.822919846
8/15/22 5:55,25.6060009,25.68400002,0,0,0,2.29906249,17.57763481,20.81399918,3.93316555,23.72200012,17.53650093,17.76600075,15.93774319,17.90066338,22.62000084,17.48999977,26.32364464,22.60044289,13.6330204,18.58399391,20.51399994,12.13875008,-0.495999992,-6.25,6.825803757
8/15/22 6:00,25.56800079,25.65200043,0,0,0,2.294062614,17.61660576,20.83799934,3.930724144,23.68600082,17.57763481,17.81200027,15.90356255,17.88601494,22.59000015,17.5,26.30411148,22.55649567,13.60616493,18.55066872,20.53000069,12.03312492,-0.497999996,-6.25,6.831572056
8/15/22 6:05,25.54000092,25.62199974,0,0,0,2.300625086,17.65124512,20.85400009,3.93316555,23.62599945,17.62093544,17.87000084,15.86205864,17.86404228,22.55999947,17.50799942,26.28213882,22.50766754,13.55733585,18.51606178,20.54199982,11.93562508,-0.495999992,-6.25,6.822919846
8/15/22 6:10,25.50399971,25.58799934,0,0,0,2.293437481,17.68371964,20.87599945,3.928282499,23.55800056,17.64908028,17.88999939,15.81811237,17.82742119,22.52000046,17.52199936,26.26016617,22.44174957,13.49385834,18.46863747,20.5720005,11.85437489,-0.495999992,-6.25,6.828687668
8/15/22 6:15,25.47200012,25.55800056,0,0,0,2.3046875,17.71619415,20.88999939,3.93316555,23.48200035,17.68371964,17.9279995,15.7717247,17.795681,22.47999954,17.5340004,26.24307632,22.3758297,13.42793941,18.42377663,20.57999992,11.76499939,-0.495999992,-6.25,6.822919846
8/15/22 6:20,25.43400002,25.52400017,0,0,0,2.299999952,17.75299835,20.91600037,3.930724144,23.43000031,17.7291851,17.97599983,15.72533798,17.76394272,22.44000053,17.54599953,26.23819351,22.31479454,13.36934471,18.382761,20.6079998,11.66749954,-0.495999992,-6.25,6.834455967
8/15/22 6:25,25.39999962,25.49200058,0,0,0,2.198750019,17.7811451,20.93799973,3.930724144,23.3939991,17.7551651,18.02000046,15.68383312,17.73952866,22.40399933,17.56200027,26.22842789,22.26596451,13.32051563,18.34559059,20.62199974,11.57000065,-0.495999992,-6.25,6.834455967
8/15/22 6:30,25.37000084,25.45999908,0,0,0,2.185937405,17.82444382,20.95999908,3.93316555,23.36199951,17.79630089,18.03800011,15.64721107,17.71511459,22.37400055,17.57600021,26.22354507,22.23666763,13.27168655,18.31995583,20.65200043,11.48875046,-0.495999992,-6.25,6.822919846
8/15/22 6:35,25.34000015,25.4260006,0,0,0,2.197812557,17.85692024,20.97999954,3.930724144,23.32799911,17.83743477,18.1060009,15.60326576,17.69314194,22.34399986,17.58799934,26.21377945,22.20248795,13.22774124,18.28663063,20.67200089,11.39124966,-0.495999992,-6.25,6.822919846
8/15/22 6:40,25.30999947,25.3920002,0,0,0,2.204687357,17.8915596,20.99799919,3.93316555,23.2840004,17.86557961,18.13400078,15.5617609,17.66872597,22.30999947,17.60000038,26.19668961,22.16342354,13.18867779,18.24945831,20.69400024,11.30999947,-0.495999992,-6.25,6.828687668
8/15/22 6:45,25.27199936,25.36400032,0,0,0,2.203750134,17.93052864,21.02000046,3.930724144,23.26799965,17.90888023,18.18000031,15.52025604,17.65407753,22.28199959,17.61400032,26.18203926,22.12680244,13.14717293,18.21869659,20.70800018,11.22062492,-0.495999992,-6.25,6.828687668
8/15/22 6:50,25.24600029,25.32600021,0,0,0,2.192499876,17.95650864,21.03800011,3.93316555,23.25799942,17.94351959,18.21199989,15.48119354,17.62478065,22.25200081,17.62800026,26.17227364,22.09262276,13.12275887,18.1853714,20.73800087,11.13125038,-0.495999992,-6.25,6.831572056
8/15/22 6:55,25.20800018,25.29599953,0,0,0,2.182500124,17.9911499,21.04999924,3.930724144,23.24200058,17.96083832,18.25399971,15.45189571,17.59792519,22.22599983,17.63800049,26.16494942,22.06576729,13.10078621,18.15717316,20.75200081,11.03375053,-0.495999992,-6.25,6.828687668
8/15/22 7:00,25.1760006,25.26199913,0,0,0,2.201250076,18.01929474,21.06999969,3.928282499,23.2159996,18.01063538,18.2859993,15.41283321,17.57106972,22.19599915,17.65399933,26.1576252,22.02914429,13.07148838,18.13153839,20.77799988,10.94437504,-0.495999992,-6.25,6.822919846
8/15/22 7:05,25.1439991,25.22599983,0,0,0,2.201562405,18.04960442,21.08200073,3.930724144,23.18199921,18.04744148,18.31399918,15.37132835,17.54421234,22.16200066,17.66799927,26.14053535,21.98275757,13.0397501,18.10077667,20.80200005,10.86312485,-0.495999992,-6.25,6.831572056
8/15/22 7:10,25.11400032,25.20000076,0,0,0,2.204687357,18.07558441,21.09600067,3.930724144,23.14800072,18.07558441,18.35199928,15.32494068,17.51247406,22.12800026,17.68199921,26.1185627,21.93392754,13.00801086,18.07001495,20.8239994,10.77374935,-0.495999992,-6.25,6.822919846
8/15/22 7:15,25.08399963,25.16600037,0,0,0,2.207187653,18.11239052,21.11000061,3.930724144,23.11400032,18.11022377,18.38800049,15.27855301,17.48806,22.09199905,17.69599915,26.04776001,21.88509941,13.03486729,18.04181671,20.84799957,10.67625046,-0.495999992,-6.25,6.822919846
8/15/22 7:20,25.05400085,25.13400078,0,0,0,2.187187433,18.1427002,21.12400055,3.930724144,23.08799934,18.13404083,18.40399933,15.2370491,17.46608734,22.05800056,17.7140007,25.89394951,21.8435955,13.16670513,18.01105499,20.87000084,10.60312462,-0.495999992,-6.25,6.828687668
8/15/22 7:25,25.02199936,25.10400009,0,0,0,2.198124886,18.16868019,21.13999939,3.930724144,23.0720005,18.16651344,18.45400047,15.19310284,17.44411469,22.0340004,17.73600006,25.71816635,21.81185532,13.28145313,17.98285675,20.89599991,10.49750042,-0.495999992,-6.25,6.831572056
8/15/22 7:30,24.99200058,25.06800079,0,0,0,2.194687366,18.19682503,21.1439991,3.930724144,23.06399918,18.20115471,18.48200035,15.15648174,17.42458153,22.00399971,17.75399971,25.57900429,21.78255844,13.4230566,17.96234894,20.91799927,10.42437458,-0.495999992,-6.25,6.820035458
8/15/22 7:35,24.95800018,25.0359993,0,0,0,2.188124895,18.21847534,21.15200043,3.930724144,23.05400085,18.2271347,18.51799965,15.1223011,17.40505028,21.97200012,17.76799965,25.41298485,21.75326157,13.55489445,17.94055939,20.93400002,10.34312534,-0.495999992,-6.25,6.831572056
8/15/22 7:40,24.9279995,25.00399971,0,0,0,2.184687614,18.23795891,21.16799927,3.930724144,23.05200005,18.25744438,18.54599953,15.08567905,17.39040184,21.94000053,17.7859993,25.26161575,21.72152328,13.68184948,17.91492462,20.95599937,10.25374985,-0.495999992,-6.25,6.825803757
8/15/22 7:45,24.89599991,24.96800041,0,0,0,2.182812452,18.26177597,21.1779995,3.930724144,23.0359993,18.28775406,18.59000015,15.05149937,17.373312,21.91399956,17.80599976,25.15663338,21.69710922,13.81857014,17.89441681,20.98200035,10.16437531,-0.495999992,-6.25,6.825803757
8/15/22 7:50,24.86400032,24.93799973,0,0,0,2.19312501,18.29857826,21.19000053,3.93316555,23.02000046,18.32239532,18.62199974,15.01731873,17.34889793,21.88800049,17.8239994,24.973526,21.67757607,13.94308376,17.87903595,20.98999977,10.08312511,-0.495999992,-6.25,6.822919846
8/15/22 7:55,24.82999992,24.90800095,0,0,0,2.205625057,18.32455826,21.20999908,3.93316555,23,18.352705,18.65200043,14.98802185,17.32448387,21.86000061,17.84399986,24.91004753,21.64583778,14.06759739,17.85596466,21.01600075,9.993750572,-0.497999996,-6.25,6.828687668
8/15/22 8:00,24.80200005,24.87800026,0,0,0,2.197812557,18.36569405,21.22999954,3.93316555,22.97599983,18.38301468,18.69799995,14.95872402,17.30495071,21.83200073,17.86199951,24.6707859,21.61898232,14.19699383,17.83417511,21.04400063,9.912500381,-0.495999992,-6.25,6.828687668
8/15/22 8:05,24.77199936,24.84000015,0,0,0,2.195937395,18.4003334,21.24600029,3.93316555,22.95400047,18.4154892,18.71199989,14.92942715,17.27565384,21.80200005,17.87800026,24.59754372,21.58968544,14.32394886,17.80469513,21.06399918,9.831250191,-0.495999992,-6.25,6.822919846
8/15/22 8:10,24.75,24.81599998,0,0,0,2.204375029,18.43064308,21.26000023,3.93316555,22.9279995,18.44580078,18.76399994,14.8928051,17.24147415,21.76799965,17.8939991,24.37293053,21.56038666,14.45578671,17.78162384,21.08399963,9.928750038,-0.495999992,-6.25,6.820035458
8/15/22 8:15,24.74600029,24.7840004,0,0,0,2.200624943,18.47177887,21.28000069,3.93316555,22.91200066,18.47394371,18.77599907,14.85862541,17.2219429,21.74200058,17.90999985,24.24109268,21.52864838,14.58274174,17.75727081,21.10199928,10.04249954,-0.495999992,-6.25,6.828687668
8/15/22 8:20,24.73200035,24.75799942,0,0,0,2.18187499,18.51291466,21.30400085,3.93316555,22.89999962,18.51291466,18.83200073,14.82932758,17.20973587,21.71199989,17.93199921,24.08728218,21.4993515,14.70725536,17.74188805,21.12800026,10.15625,-0.495999992,-6.25,6.828687668
8/15/22 8:25,24.71800041,24.72400093,0,0,0,2.20531249,18.5518856,21.32600021,3.930724144,22.87999916,18.53889465,18.87400055,14.80491352,17.19752884,21.68600082,17.94199944,23.95056152,21.47005463,14.84397697,17.72522545,21.15600014,10.25374985,-0.497999996,-6.25,6.831572056
8/15/22 8:30,24.70999908,24.69599915,0,0,0,2.198437452,18.59301949,21.35000038,3.93316555,22.86199951,18.56920433,18.89800072,14.78538227,17.18776321,21.65600014,17.95000076,23.80407333,21.44319916,14.97581482,17.70856285,21.1779995,10.38374996,-0.495999992,-6.25,6.522977352
8/15/22 8:35,24.69599915,24.65999985,0,0,0,2.183437586,18.62116432,21.37400055,3.935606956,22.84199905,18.62333107,18.94199944,14.75608444,17.17067146,21.63199997,17.9640007,23.66002846,21.41145897,15.10276985,17.69190025,21.19400024,10.50562477,-0.497999996,-6.25,6.390310287
8/15/22 8:40,24.68000031,24.62999916,0,0,0,2.202499866,18.65364075,21.3920002,3.930724144,22.81999969,18.65580368,18.97800064,14.73167038,17.15114021,21.60199928,17.97599983,23.51598358,21.38948631,15.23216629,17.67651939,21.22599983,10.61937523,-0.495999992,-6.25,6.398962975
8/15/22 8:45,24.66600037,24.60000038,0,0,0,2.189062595,18.68395042,21.41600037,3.93316555,22.81800079,18.68395042,19.03800011,14.70725536,17.13160896,21.57799911,17.99399948,23.36461449,21.36751366,15.35423851,17.6598568,21.25,10.72500038,-0.495999992,-6.25,6.390310287
8/15/22 8:50,24.65399933,24.56800079,0,0,0,2.206874847,18.72291946,21.43799973,3.93316555,22.80800056,18.71858978,19.08200073,14.68528271,17.11696053,21.55599976,18.01199913,23.2181282,21.35042381,15.48119354,17.65088463,21.27400017,10.83874989,-0.495999992,-6.25,6.398962975
8/15/22 8:55,24.62599945,24.53800011,0,0,0,2.100937605,18.75755882,21.45999908,3.93316555,22.80400085,18.75972366,19.10199928,14.66331005,17.10475349,21.52799988,18.02799988,23.07408333,21.33333397,15.61058998,17.64063072,21.30200005,10.94437504,-0.497999996,-6.25,6.407615185
8/15/22 9:00,24.6079998,24.50399971,0,0,0,2.083124876,18.79003525,21.47800064,3.928282499,22.79000092,18.79652977,19.14800072,14.64133644,17.09254646,21.49200058,18.04599953,22.97398376,21.32600975,15.74486923,17.63165855,21.31999969,11.05812454,-0.495999992,-6.25,6.407615185
8/15/22 9:05,24.58799934,24.47400093,0,0,0,2.10374999,18.82683945,21.50200081,3.930724144,22.80800056,18.82250977,19.19400024,14.61203957,17.07301521,21.36400032,18.06200027,23.00328064,21.308918,15.87426567,17.61755943,21.35199928,11.15562534,-0.495999992,-6.25,6.398962975
8/15/22 9:10,24.55599976,24.44799995,0,0,0,2.099062443,18.86147881,21.52000046,3.930724144,22.79199982,18.84848976,19.22999954,14.59006596,17.05836487,21.24200058,18.08600044,23.03990173,21.29182816,16.01342773,17.60346031,21.37400055,11.25312519,-0.495999992,-6.25,6.413383007
8/15/22 9:15,24.53000069,24.43000031,0,0,0,2.100312471,18.90478134,21.54599953,3.93316555,22.78199959,18.89178848,19.2840004,14.56321049,17.04127502,21.12000084,18.1079998,23.06920052,21.2698555,16.14770699,17.58679771,21.3920002,11.36687565,-0.497999996,-6.25,6.398962975
8/15/22 9:20,24.50200081,24.40800095,0,0,0,2.101874828,18.9394207,21.56800079,3.93316555,22.77000046,18.92859459,19.31599998,14.54123783,17.02418518,21.00200081,18.12599945,23.09605598,21.25032425,16.27466202,17.57013512,21.42200089,11.48062515,-0.497999996,-6.25,6.404730797
8/15/22 9:25,24.47200012,24.38400078,0,0,0,2.094062567,18.98055458,21.59199905,3.93316555,22.75399971,18.95890427,19.34199905,14.51926422,17.00465393,20.8920002,18.14800072,23.13511848,21.22591019,16.41626549,17.55988121,21.44799995,11.578125,-0.495999992,-6.25,6.398962975
8/15/22 9:30,24.44599915,24.3579998,0,0,0,2.098750114,19.0130291,21.61599922,3.935606956,22.73600006,18.99571037,19.38400078,14.48996735,16.98756409,20.77599907,18.16600037,23.16197395,21.20149612,16.54810333,17.54706383,21.47599983,11.68375015,-0.497999996,-6.25,6.401846886
8/15/22 9:35,24.40999985,24.33200073,0,0,0,2.090937614,19.04550362,21.63800049,3.935606956,22.70800018,19.03034973,19.42399979,14.46799374,16.98023987,20.66799927,18.18600082,23.16685677,21.17463875,16.68482399,17.53680992,21.49799919,11.78937435,-0.495999992,-6.25,6.407615185
8/15/22 9:40,24.37199974,24.30400085,0,0,0,2.096250057,19.08014488,21.65999985,3.938048363,22.68400002,19.05849648,19.45599937,14.44602108,16.96070862,20.55999947,18.20199966,23.22301102,21.13801765,16.81910515,17.51886559,21.51600075,11.90312481,-0.497999996,-6.25,6.407615185
8/15/22 9:45,24.33600044,24.27599907,0,0,0,2.103437424,19.11911583,21.68199921,3.930724144,22.66399956,19.09096909,19.51600075,14.42648983,16.94606018,20.45199966,18.22200012,23.24986649,21.10627937,16.96070862,17.50989342,21.53800011,12.00062466,-0.497999996,-6.25,6.404730797
8/15/22 9:50,24.29199982,24.24399948,0,0,0,2.10374999,19.14942551,21.70400047,3.93316555,22.62800026,19.13426971,19.54199982,14.40695858,16.92896843,20.35000038,18.23600006,23.28160477,21.06233215,17.09987068,17.4957943,21.56999969,12.10624981,-0.495999992,-6.25,6.413383007
8/15/22 9:55,24.24399948,24.2140007,0,0,0,2.09375,19.1754055,21.72599983,3.935606956,22.59399986,19.17323875,19.57600021,14.37521935,16.91187859,20.24799919,18.24799919,23.31090164,21.02326965,17.23170853,17.48297691,21.58600044,12.20374966,-0.497999996,-6.25,6.410499096
8/15/22 10:00,24.20599937,24.18199921,0,0,0,2.084687471,19.2122097,21.74200058,3.93316555,22.55800056,19.20355034,19.62400055,14.36301231,16.89478874,20.14800072,18.27000046,23.33775902,20.97932434,17.35378075,17.47144127,21.61199951,12.29312515,-0.497999996,-6.25,6.401846886
8/15/22 10:05,24.16600037,24.14800072,0,0,0,2.08812499,19.24468422,21.76199913,3.935606956,22.5340004,19.23602486,19.65600014,14.3385973,16.8801403,20.04999924,18.2859993,23.36705589,20.9280529,17.48806,17.4624691,21.63599968,12.40687466,-0.495999992,-6.25,6.407615185
8/15/22 10:10,24.12400055,24.11800003,0,0,0,2.099999905,19.27066422,21.7840004,3.93316555,22.49600029,19.26633453,19.69000053,14.31906605,16.86060905,19.98399925,18.29800034,23.39635277,20.88410759,17.62966347,17.44324303,21.66200066,12.52062511,-0.497999996,-6.25,6.404730797
8/15/22 10:15,24.08399963,24.09000015,,,,2.089062452,,21.80400085,3.935606956,22.46999931,,19.73800087,14.2995348,16.8410778,,,23.42564964,20.83772087,17.76150131,17.43298912,21.68199921,12.61812496,-0.495999992,-6.25,6.410499096
8/15/22 10:20,24.05200005,24.05599976,,,,2.103125095,19.34643936,21.82600021,3.935606956,22.43799973,19.33561325,19.77199936,14.28000259,16.81910515,19.77199936,18.34799957,23.45738983,20.79621506,17.89578056,17.42401695,21.70400047,12.71562576,-0.497999996,-6.25,6.398962975
8/15/22 10:25,24.01000023,24.02000046,0,0,0,2.102187634,19.38541031,21.85000038,3.938048363,22.41200066,19.36592484,19.81200027,14.26047134,16.79957199,19.6779995,18.36400032,23.48668671,20.73273849,18.03738403,17.41376305,21.72400093,12.81312561,-0.497999996,-6.25,6.407615185
8/15/22 10:30,23.97599983,23.98800087,0,0,0,2.101249933,19.42004967,21.86800003,3.935606956,22.37800026,19.40922546,19.83399963,14.24094009,16.78248215,19.58799934,18.38800049,23.51110077,20.68390846,18.16922188,17.40863609,21.74399948,12.91874981,-0.495999992,-6.25,6.404730797
8/15/22 10:35,23.93799973,23.95199966,0,0,0,2.096250057,19.46551514,21.89599991,3.935606956,22.34399986,19.44602966,19.8939991,14.22385025,16.7629509,19.49799919,18.40399933,23.54528046,20.6204319,18.30838394,17.40094566,21.76600075,13.03249931,-0.497999996,-6.25,6.407615185
8/15/22 10:40,23.90800095,23.92000008,0,0,0,2.082499981,19.5001545,21.91799927,3.938048363,22.30800056,19.47850418,19.94000053,14.20920086,16.74097824,19.40600014,18.42200089,23.55748749,20.55939484,18.44022369,17.39581871,21.79400063,13.13000011,-0.497999996,-6.25,6.407615185
8/15/22 10:45,23.77799988,23.79199982,0,0,0,2.101874828,19.5369606,21.95000076,3.935606956,22.2840004,19.50665092,19.95800018,14.19455242,16.71900558,19.31800079,18.44000053,23.60631752,20.26398087,18.58426857,17.38941002,21.81399918,13.21937466,-0.497999996,-6.25,6.404730797
8/15/22 10:50,23.69400024,23.75799942,0,0,0,2.094687462,19.56727028,21.9640007,3.935606956,22.24799919,19.55427933,20.01199913,14.18234539,16.70191574,19.23399925,18.45999908,23.63317299,20.2761879,18.72098923,17.37915611,21.83399963,13.33312511,-0.497999996,-6.25,6.401846886
8/15/22 10:55,23.65200043,23.7159996,0,0,0,2.088437557,19.61273384,21.98800087,3.938048363,22.2159996,19.58242416,20.06800079,14.16525555,16.6872654,19.1439991,18.47599983,23.66002846,20.38117027,18.85526848,17.37274742,21.85199928,13.43062496,-0.495999992,-6.25,6.404730797
8/15/22 11:00,23.70800018,23.69199944,0,0,0,2.101874828,19.63871574,22.01000023,3.935606956,22.18000031,19.62572289,20.0739994,14.15060616,16.67017555,19.06200027,18.49200058,23.69421005,20.32745934,18.98466492,17.36633873,21.86199951,13.52812481,-0.497999996,-6.25,6.416267395
8/15/22 11:05,23.69199944,23.65999985,0,0,0,2.187812567,19.67551994,22.03000069,3.938048363,22.14599991,19.65819931,20.14800072,14.12619209,16.66040993,18.97599983,18.51600075,23.70153427,20.27130508,19.12870979,17.35993004,21.84199905,13.62562561,-0.497999996,-6.25,6.404730797
8/15/22 11:10,23.66799927,23.51000023,0,0,0,2.402812481,19.71881866,22.05999947,3.938048363,22.11199951,19.6993351,20.18000031,14.11154366,16.6506443,18.89599991,18.54000092,23.7503624,20.21759415,19.27031326,17.34967613,21.84600067,13.72312546,-0.495999992,-6.25,6.407615185
8/15/22 11:15,23.6420002,23.6439991,0,0,0,2.494062424,19.75345802,22.08399963,3.935606956,22.07799911,19.73397446,20.20400047,14.09689522,16.63843727,18.81800079,18.54999924,23.77965927,20.1638813,19.41435814,17.34839439,21.8579998,13.8125,-0.497999996,-6.25,6.398962975
8/15/22 11:20,23.61199951,23.62599945,0,0,0,2.581875086,19.77727509,22.10400009,3.938048363,22.04199982,19.75995445,20.25399971,14.07492161,16.62867165,18.73600006,18.56200027,23.80895615,20.11505318,19.54863739,17.33814049,21.87400055,13.90999985,-0.497999996,-6.25,6.401846886
8/15/22 11:25,23.58600044,23.6060009,0,0,0,2.588124752,19.81841087,22.12800026,3.938048363,22.01000023,19.79459381,20.29199982,14.05783176,16.62378883,18.65800095,18.59399986,23.83093071,20.06378365,19.69756699,17.32916832,21.90200043,14.00749969,-0.497999996,-6.25,6.401846886
8/15/22 11:30,23.56399918,23.59000015,0,0,0,2.683125019,19.85305023,22.15200043,3.940489769,21.97400093,19.82274055,20.33600044,14.04562473,16.6115818,18.58799934,18.61000061,23.8675518,20.01251221,19.84161186,17.30994225,21.91799927,14.09687519,-0.495999992,-6.25,6.393194675
8/15/22 11:35,23.5340004,23.56599998,0,0,0,2.681250095,19.88985443,22.1760006,3.938048363,21.94000053,19.86820412,20.37999916,14.02853394,16.60181618,18.52000046,18.62800026,23.89684868,19.95635986,19.9710083,17.28558922,21.95400047,14.18625069,-0.497999996,-6.25,6.404730797
8/15/22 11:40,23.50600052,23.54000092,0,0,0,2.78687501,19.93099022,22.20000076,3.935606956,21.90800095,19.90501022,20.40600014,14.01144409,16.59449196,18.44199944,18.6439991,23.92370415,19.90264702,20.11505318,17.31122398,21.99799919,14.29187489,-0.497999996,-6.25,6.393194675
8/15/22 11:45,23.47400093,23.51399994,0,0,0,2.899062634,19.96562958,22.21999931,3.935606956,21.87400055,19.93964958,20.44400024,14.00167847,16.57984352,18.37199974,18.65999985,23.95056152,19.85137749,20.24689102,17.28687096,22.03000069,14.38937569,-0.495999992,-6.25,6.407615185
8/15/22 11:50,23.44799995,23.48600006,0,0,0,3.005937576,19.998106,22.24399948,3.938048363,21.83799934,19.98511505,20.45400047,14.0700388,16.56275368,18.29999924,18.68199921,23.9822998,19.79522324,20.37872887,17.28430748,22.0739994,14.48687458,-0.5,-6.25,6.404730797
8/15/22 11:55,23.42200089,23.45199966,0,0,0,2.981874943,20.03923798,22.26399994,3.935606956,21.81200027,20.00676537,20.45800018,14.14816475,16.55298615,18.23200035,18.70400047,24.00427246,19.7439537,20.52277374,17.27277184,22.13400078,14.58437443,-0.5,-6.25,6.396079063
8/15/22 12:00,23.39999962,23.42399979,0,0,0,2.890625,20.08037376,22.28800011,3.935606956,21.77799988,20.04356956,20.44799995,14.22140884,16.54322052,18.16200066,18.72400093,24.04333496,19.69268417,20.65461159,17.26764488,22.20000076,14.68999958,-0.5,-6.25,6.404730797
8/15/22 12:05,23.36599922,23.3939991,0,0,0,2.787187338,20.10635376,22.30800056,3.938048363,21.74399948,20.08687019,20.4640007,14.29709339,16.5334549,18.08799934,18.73999977,24.06775093,19.63652992,20.91828728,17.26251793,22.26399994,14.79562473,-0.5,-6.25,6.419151306
8/15/22 12:10,23.34000015,23.36000061,0,0,0,2.807187557,20.14315987,22.33200073,3.935606956,21.70599937,20.11068344,20.44400024,14.37521935,16.52857208,18.01600075,18.75799942,24.09948921,19.57549477,20.97200012,17.25610924,22.3239994,14.89312458,-0.5,-6.25,6.416267395
8/15/22 12:15,23.31200027,23.32799911,0,0,0,2.704687357,20.17779922,22.35400009,3.938048363,21.66399956,20.15398407,20.45800018,14.45090389,16.51880646,17.94599915,18.77400017,24.12146187,19.52178192,21.08918953,17.25226402,22.37800026,14.99874973,-0.5,-6.25,6.413383007
8/15/22 12:20,23.28000069,23.29599953,0,0,0,2.705937624,20.21244049,22.36599922,3.938048363,21.63199997,20.18862343,20.46199989,14.53147221,16.50904083,17.87400055,18.79400063,24.14587593,19.46807098,21.20882034,17.24457169,22.41200066,15.10437489,-0.497999996,-6.25,6.427803516
8/15/22 12:25,23.25,23.26199913,0,0,0,2.681250095,20.25357437,22.39800072,3.940489769,21.6060009,20.21460533,20.46199989,14.60471535,16.49195099,17.80400085,18.80599976,24.17517281,19.41191673,21.33089256,17.24328995,22.4640007,15.20187569,-0.497999996,-6.25,6.410499096
8/15/22 12:30,23.2140007,23.22599983,0,0,0,2.587187529,20.28388596,22.41799927,3.940489769,21.56800079,20.25573921,20.47200012,14.68528271,16.47974396,17.73600006,18.82799911,24.19958878,19.35576439,21.47737885,17.23431778,22.50600052,15.30749989,-0.5,-6.25,6.410499096
8/15/22 12:35,23.18799973,23.19199944,0,0,0,2.601875067,20.322855,22.43400002,3.938048363,21.52799988,20.29903984,20.45599937,14.75852585,16.46753693,17.70199966,18.85000038,24.22888565,19.30449295,21.58968544,17.23047256,22.5359993,15.41312504,-0.497999996,-6.25,6.419151306
8/15/22 12:40,23.15200043,23.16200066,0,0,0,2.585312366,20.3596611,22.4659996,3.938048363,21.47400093,20.32501793,20.47800064,14.83909321,16.4577713,17.61800003,18.86800003,24.24109268,19.23613358,21.73373032,17.21637344,22.57600021,15.5268755,-0.497999996,-6.25,6.413383007
8/15/22 12:45,23.11800003,23.13199997,0,0,0,2.591874838,20.39863014,22.49200058,3.938048363,21.42200089,20.36182404,20.46999931,14.91477871,16.44800568,17.3939991,18.88800049,24.27038956,19.17265511,21.86556816,17.20740128,22.61000061,15.61625004,-0.5,-6.25,6.413383007
8/15/22 12:50,23.08399963,23.09799957,0,0,0,2.593437433,20.42893982,22.51399994,3.938048363,21.36800003,20.39646339,20.46199989,14.99290466,16.44068146,17.16399956,18.88999939,24.29968643,19.11650276,21.98764038,17.19842911,22.63999939,15.71374989,-0.5,-6.25,6.404730797
8/15/22 12:55,23.05200005,23.06399918,0,0,0,2.591249943,20.46357918,22.5359993,3.940489769,21.31800079,20.42893982,20.48800087,15.07591343,16.43091393,16.93400002,18.91399956,24.34119225,19.0554657,22.11947823,17.18945694,22.6779995,15.82749939,-0.5,-6.25,6.404730797
8/15/22 13:00,23.01399994,23.0340004,0,0,0,2.606250048,20.49822044,22.55999947,3.938048363,21.27000046,20.47873306,20.48999977,15.14915657,16.4211483,16.82999992,18.93400002,24.37048912,18.99198914,22.25619888,17.18432999,22.7159996,15.92500019,-0.5,-6.25,6.407615185
8/15/22 13:05,22.98200035,23,0,0,0,2.504374981,20.54368591,22.58399963,3.938048363,21.22999954,20.51120949,20.5,15.22728348,16.41382408,16.71199989,18.95000076,24.39002037,18.93095207,22.38803673,17.17535782,22.73800087,16.0306263,-0.395999998,-6.25,6.404730797
8/15/22 13:10,22.95400047,22.96800041,0,0,0,2.482812643,20.57615852,22.6079998,3.938048363,21.18799973,20.54801559,20.50399971,15.30785084,16.40405846,17.16200066,18.97200012,24.42908287,18.88212395,22.51010895,17.1715126,22.75399971,16.11187553,-0.5,-6.25,6.396079063
8/15/22 13:15,22.91799927,22.93600082,0,0,0,2.499375105,20.61079979,22.63400078,3.935606956,21.13999939,20.58265495,20.50600052,15.3884182,16.39917564,17.09799957,18.98200035,24.43640709,18.83329582,22.64194679,17.16382217,22.76600075,16.20937538,-0.5,-6.25,6.410499096
8/15/22 13:20,22.88599968,22.90200043,0,0,0,2.498749971,20.65410042,22.65999985,3.940489769,21.09199905,20.61729431,20.50399971,15.46410275,16.38941002,17.0359993,19.00399971,24.46326447,18.77958298,22.77378464,17.15485001,22.76799965,16.32312584,-0.5,-6.25,6.413383007
8/15/22 13:25,22.85199928,22.86800003,0,0,0,2.504062414,20.68873978,22.68000031,3.938048363,21.04400063,20.65193367,20.50200081,15.54467106,16.37720299,16.9659996,19.02599907,24.52185822,18.72587204,22.90562248,17.14587784,22.78000069,16.42062378,-0.5,-6.25,6.398962975
8/15/22 13:30,22.81999969,22.84000015,0,0,0,2.483124971,20.73204041,22.70599937,3.938048363,20.99799919,20.6844101,20.52599907,15.62035561,16.36743736,16.89800072,19.04000092,24.55115509,18.6746006,23.04722595,17.13818741,22.79400063,16.51812553,-0.501999974,-6.25,6.393194675
8/15/22 13:35,22.7859993,22.80200005,0,0,0,2.485937595,20.7688446,22.73399925,3.938048363,20.95400047,20.73420334,20.51000023,15.70092297,16.36011314,16.82999992,19.05800056,24.57801247,18.62088966,23.17662239,17.1279335,22.80800056,16.63187408,-0.501999974,-6.25,6.401846886
8/15/22 13:40,22.75200081,22.77599907,0,0,0,2.502812386,20.80131912,22.76399994,3.940489769,20.90800095,20.77533913,20.53000069,15.78149128,16.34790611,16.76600075,19.06999969,24.61463356,18.56473732,23.30601883,17.1176796,22.8220005,16.72125053,-0.501999974,-6.25,6.419151306
8/15/22 13:45,22.7159996,22.73999977,0,0,0,2.395937443,20.82729912,22.77400017,3.938048363,20.86800003,20.80348587,20.53000069,15.85473442,16.3430233,16.69599915,19.08399963,24.64881325,18.50370026,23.43541527,17.1112709,22.84799957,16.81062508,-0.501999974,-6.25,6.413383007
8/15/22 13:50,22.68600082,22.71199989,0,0,0,2.400937557,20.88142586,22.80800056,3.940489769,20.8239994,20.84461975,20.52599907,15.93286037,16.33325768,16.62999916,19.10400009,24.67322731,18.44998932,23.56725502,17.09845352,22.86199951,16.89999962,-0.501999974,-6.25,6.404730797
8/15/22 13:55,22.64800072,22.6779995,0,0,0,2.401875019,20.92255783,22.83399963,3.935606956,20.77599907,20.86843491,20.54999924,16.01098633,16.32837486,16.56599998,19.12199974,24.71229172,18.39383507,23.70153427,17.09204483,22.87000084,16.99749947,-0.504000008,-6.25,6.413383007
8/15/22 14:00,22.62599945,22.64800072,0,0,0,2.40406251,20.96369362,22.86400032,3.940489769,20.73999977,20.92472458,20.55400085,16.09399605,16.31372643,16.49600029,19.1420002,24.73914719,18.32547569,23.85534477,17.0843544,22.87800026,17.09500122,-0.501999974,-6.25,6.398962975
8/15/22 14:05,22.58600044,22.61400032,0,0,0,2.403437614,20.9940033,22.88400078,3.940489769,20.69599915,20.95287132,20.55400085,16.16967964,16.3064003,16.43199921,19.15600014,24.76844406,18.25955582,23.98962402,17.08050919,22.89999962,17.17625046,-0.501999974,-6.25,6.401846886
8/15/22 14:10,22.55800056,22.58200073,0,0,0,2.379687309,21.03513908,22.91200066,3.935606956,20.64999962,20.98751068,20.56399918,16.24780655,16.30151749,16.36199951,19.16399956,24.89295769,18.20340347,24.03601074,17.07410049,22.9260006,17.265625,-0.501999974,-6.25,6.393194675
8/15/22 14:15,22.53000069,22.54999924,0,0,0,2.403437614,21.05895424,22.93400002,3.938048363,20.6060009,21.02431488,20.56200027,16.33081627,16.29175186,16.29599953,19.18000031,25.02723694,18.14724922,24.03112793,17.06512833,22.95599937,17.36312485,-0.501999974,-6.25,6.393194675
8/15/22 14:20,22.48999977,22.51600075,0,0,0,2.402500153,21.0935955,22.95999908,3.935606956,20.56200027,21.06328392,20.5720005,16.40894127,16.28686905,16.23600006,19.19799995,25.203022,18.09597969,24.0213623,17.06128311,22.98399925,17.44437599,-0.501999974,-6.25,6.401846886
8/15/22 14:25,22.45800018,22.48600006,0,0,0,2.400937557,21.13472939,22.98399925,3.940489769,20.51000023,21.09792519,20.56399918,16.48950958,16.27710342,16.17000008,19.21199989,25.37880516,18.03250122,24.0213623,17.05102921,23.00399971,17.53375053,-0.501999974,-6.25,6.413383007
8/15/22 14:30,22.43000031,22.45199966,0,0,0,2.280937433,21.16287422,23.00799942,3.938048363,20.46999931,21.13256454,20.59399986,16.56763649,16.26977921,16.10400009,19.22999954,25.53017426,17.9861145,24.00671387,17.04462051,23.02400017,17.63937569,-0.504000008,-6.25,6.413383007
8/15/22 14:35,22.3920002,22.42000008,0,0,0,2.380937576,21.20184517,23.03000069,3.935606956,20.43199921,21.16503906,20.59000015,16.6506443,16.26001358,16.04000092,19.24600029,25.6961937,17.92507744,24.00671387,17.03564835,23.05200005,17.74500084,-0.501999974,-6.25,6.401846886
8/15/22 14:40,22.3560009,22.38599968,0,0,0,2.396874905,21.24298096,23.05400085,3.938048363,20.39999962,21.19751549,20.59199905,16.72877121,16.25024796,15.97999954,19.26799965,25.85488701,17.86404228,23.99206543,17.03180313,23.08200073,17.84250069,-0.501999974,-6.25,6.398962975
8/15/22 14:45,22.31800079,22.35400009,0,0,0,2.305312395,21.27762032,23.07799911,3.938048363,20.36400032,21.24514389,20.59399986,16.8020134,16.23804092,15.9119997,19.2840004,25.95254517,17.82253838,23.98962402,17.02539444,23.1079998,17.92374992,-0.501999974,-6.25,6.398962975
8/15/22 14:50,22.29000092,22.3220005,0,0,0,2.28687501,21.30792999,23.10199928,3.938048363,20.3220005,21.27545357,20.61400032,16.87525749,16.2282753,15.85999966,19.29999924,26.18936539,17.7566185,23.98474121,17.01770401,23.12999916,18.02937508,-0.501999974,-6.25,6.407615185
8/15/22 14:55,22.25200081,22.29000092,0,0,0,2.293437481,21.34906387,23.12800026,3.938048363,20.27599907,21.3187542,20.60199928,16.9533844,16.22095108,15.79800034,19.31999969,26.33585167,17.69802475,23.97253418,17.0074501,23.14999962,18.12687492,-0.501999974,-6.25,6.398962975
8/15/22 15:00,22.22800064,22.25200081,0,0,0,2.286250114,21.38803482,23.14800072,3.940489769,20.23399925,21.34689903,20.6079998,17.0315094,16.21362686,15.73799992,19.34000015,26.50675201,17.6443119,23.97253418,17.00104141,23.18000031,18.21625137,-0.5,-6.25,6.396079063
8/15/22 15:05,22.19000053,22.21999931,0,0,0,2.287500143,21.43566513,23.17200089,3.938048363,20.19799995,21.38586998,20.61400032,17.10963631,16.20141983,15.67599964,19.35400009,26.65812111,17.58571815,23.96032715,16.98950577,23.20999908,18.32999992,-0.501999974,-6.25,6.401846886
8/15/22 15:10,22.15600014,22.18400002,0,0,0,2.204062462,21.46597481,23.20000076,3.938048363,20.15600014,21.4183445,20.61800003,17.18287849,16.1892128,15.61600018,19.37199974,26.79972458,17.53444672,23.95788574,16.9805336,23.24200058,18.41125107,-0.5,-6.25,6.398962975
8/15/22 15:15,22.12400055,22.15600014,0,0,0,2.206249952,21.50927544,23.22400093,3.942931175,20.12199974,21.46164513,20.62999916,17.258564,16.17456245,15.55200005,19.38999939,26.98283386,17.48073578,23.95056152,16.97156143,23.26399994,18.51687622,-0.5,-6.25,6.401846886
8/15/22 15:20,22.10000038,22.12199974,0,0,0,2.199062586,21.53958511,23.24600029,3.938048363,20.07799911,21.4919548,20.62000084,17.3342495,16.16235542,15.54599953,19.40600014,27.0365448,17.42214012,23.93346977,16.963871,23.29199982,18.62250137,-0.5,-6.25,6.407615185
8/15/22 15:25,22.06800079,22.09199905,0,0,0,2.20531249,21.57855415,23.26799965,3.938048363,20.0359993,21.52659416,20.63800049,17.4148159,16.15991402,15.58399963,19.42399979,27.02922058,17.36842918,23.92858696,16.95233536,23.32600021,18.70375061,-0.5,-6.25,6.398962975
8/15/22 15:30,22.0359993,22.05999947,0,0,0,2.201874971,21.61752319,23.29000092,3.940489769,20.00200081,21.57422447,20.65399933,17.49782562,16.15014839,15.61999989,19.44000053,27.02433777,17.32448387,23.91393852,16.94336319,23.35400009,18.79312515,-0.5,-6.25,6.404730797
8/15/22 15:35,22.00600052,22.02599907,0,0,0,2.196875095,21.66082573,23.31800079,3.940489769,19.95999908,21.59587479,20.64999962,17.57595253,16.14282417,15.65600014,19.45599937,27.02189636,17.26588821,23.90905571,16.93439102,23.37800026,18.89875031,-0.5,-6.25,6.404730797
8/15/22 15:40,21.96999931,21.99600029,0,0,0,2.191562414,21.69762993,23.34600067,3.940489769,19.9260006,21.64350319,20.67200089,17.65651894,16.13794136,15.69200039,19.47400093,27.01457214,17.22926712,23.9066143,16.92413712,23.38400078,18.98812485,-0.5,-6.25,6.393194675
8/15/22 15:45,21.93400002,21.9659996,0,0,0,2.183749914,21.73010445,23.37000084,3.940489769,19.88199997,21.69546509,20.68000031,17.73952866,16.13061714,15.72200012,19.49399948,27.01213074,17.17555428,23.89929008,16.9202919,23.40999985,19.08562469,-0.5,-6.25,6.396079063
8/15/22 15:50,21.90399933,21.93600082,0,0,0,2.090625048,21.77556801,23.39599991,3.940489769,19.84600067,21.71927834,20.68400002,17.81521416,16.12573433,15.75599957,19.51000023,27.00236511,17.12428474,23.89196587,16.91516495,23.4279995,19.11812401,-0.5,-6.25,6.396079063
8/15/22 15:55,21.87800026,21.90600014,0,0,0,2.082187653,21.81454086,23.42200089,3.935606956,19.80599976,21.75175476,20.7140007,17.83962822,16.11841011,15.7840004,19.52799988,26.99504089,17.07545662,23.87975883,16.90747452,23.44400024,19.04500008,-0.5,-6.25,6.398962975
8/15/22 16:00,21.84399986,21.87400055,0,0,0,2.098750114,21.84918022,23.44799995,3.940489769,19.77199936,21.801548,20.76799965,17.82497978,16.1159687,15.81000042,19.54599953,26.99015808,17.02662659,23.86999321,16.90106583,23.46999931,19.01249886,-0.5,-6.25,6.404730797
8/15/22 16:05,21.80999947,21.84199905,0,0,0,2.084062576,21.89464378,23.47200012,3.938048363,19.73800087,21.83835411,20.80999947,17.81032944,16.10864449,15.83600044,19.56800079,26.98527527,16.98023987,23.85778618,16.89465714,23.49200058,18.98812485,-0.5,-6.25,6.410499096
8/15/22 16:10,21.77599907,21.81200027,0,0,0,2.1015625,21.92062378,23.49600029,3.940489769,19.70599937,21.87516022,20.85400009,17.79812241,16.10132027,15.86400032,19.58600044,26.97550964,16.94606018,23.84313774,16.88568497,23.51399994,18.99625015,-0.5,-6.25,6.401846886
8/15/22 16:15,21.74600029,21.78000069,0,0,0,2.103125095,21.96608925,23.52000046,3.940489769,19.67200089,21.90979958,20.90600014,17.78591537,16.09399605,15.8920002,19.60199928,26.97062683,16.90455437,23.84313774,16.8767128,23.54800034,19.00437546,-0.5,-6.25,6.401846886
8/15/22 16:20,21.71199989,21.74399948,0,0,0,2.089062452,21.99423599,23.54400063,3.935606956,19.63400078,21.93361282,20.95999908,17.77859116,16.09155464,15.91600037,19.61599922,26.96330261,16.86549187,23.8260479,16.86517715,23.57999992,19.00437546,-0.5,-6.25,6.407615185
8/15/22 16:25,21.69000053,21.7140007,0,0,0,2.08812499,22.02021408,23.55800056,3.940489769,19.59799957,21.98124504,21.02599907,17.76394272,16.08178902,15.93799973,19.63599968,26.95353699,16.82642937,23.81628227,16.86389542,23.60400009,19.01249886,-0.5,-6.25,6.404730797
8/15/22 16:30,21.6439991,21.68199921,0,0,0,2.287187338,22.04619408,23.55999947,3.940489769,19.56399918,22.01371956,21.10199928,17.75417709,16.06958199,15.9659996,19.65800095,26.94865417,16.80689621,23.78698349,16.85364151,23.62599945,19.02874947,-0.5,-6.25,6.401846886
8/15/22 16:35,21.61400032,21.6439991,0,0,0,2.385937691,22.07433891,23.56599998,3.938048363,19.52799988,22.04402924,21.16799927,17.74441147,16.06714058,15.98400021,19.67200089,26.94132996,16.77027512,23.77477646,16.84723282,23.6420002,19.03687477,-0.5,-6.25,6.398962975
8/15/22 16:40,21.57999992,21.61400032,0,0,0,2.501874924,22.09599113,23.5739994,3.938048363,19.49399948,22.07433891,21.24600029,17.73708725,16.05981445,16.00600052,19.69199944,26.93156242,16.74097824,23.7503624,16.83954239,23.66600037,19.02874947,-0.5,-6.25,6.404730797
8/15/22 16:45,21.55200005,21.58200073,0,0,0,2.590000153,22.12630081,23.58600044,3.940489769,19.4659996,22.10681534,21.32799911,17.72732162,16.04516602,16.02199936,19.70800018,26.9242382,16.70923996,23.74059677,16.83569717,23.69799995,19.04500008,-0.5,-6.25,6.404730797
8/15/22 16:50,21.51600075,21.54599953,0,0,0,2.684062481,22.16094017,23.59600067,3.938048363,19.4260006,22.12846375,21.40399933,17.71511459,16.03051758,16.04199982,19.72599983,26.91447258,16.67261696,23.72106552,16.82928848,23.71800041,19.06937408,-0.5,-6.25,6.398962975
8/15/22 16:55,21.47999954,21.51000023,0,0,0,2.680937767,22.17392921,23.6060009,3.938048363,19.39999962,22.15877342,21.47200012,17.69802475,16.02563477,16.05800056,19.74200058,26.91203117,16.64576149,23.69421005,16.82416153,23.73999977,19.0775013,-0.5,-6.25,6.404730797
8/15/22 17:00,21.44000053,21.47999954,0,0,0,2.779375076,22.20640373,23.61599922,3.940489769,19.36400032,22.18475342,21.54800034,17.68825912,16.01342773,16.0720005,19.76000023,26.90714836,16.62134743,23.67955971,16.8164711,23.75399971,19.0775013,-0.5,-6.25,6.404730797
8/15/22 17:05,21.41200066,21.44799995,0,0,0,2.901875019,22.23238564,23.62599945,3.938048363,19.33200073,22.21939278,21.62599945,17.67360878,15.9987793,16.08799934,19.78000069,26.90226555,16.59937477,23.66979408,16.81006241,23.7840004,19.11812401,-0.5,-6.25,6.401846886
8/15/22 17:10,21.37800026,21.41799927,0,0,0,2.881875038,22.25619888,23.63400078,3.940489769,19.29800034,22.22372627,21.69400024,17.65651894,15.98168945,16.10199928,19.79599953,26.89738274,16.58228493,23.64782143,16.80493546,23.80200005,19.26437569,-0.5,-6.25,6.404730797
8/15/22 17:15,21.34000015,21.37999916,0,0,0,2.994687557,22.27568436,23.6420002,3.938048363,19.25399971,22.26486015,21.75799942,17.63698769,15.97192383,16.11199951,19.81599998,26.89249992,16.55786896,23.6356144,16.79596329,23.8220005,19.40250015,-0.5,-6.25,6.407615185
8/15/22 17:20,21.31399918,21.34600067,0,0,0,2.981250048,,23.65200043,3.940489769,19.20199966,,21.82799911,17.61745644,15.95971584,,,26.8851757,16.54322052,23.62584877,16.7895546,23.83200073,19.54874992,-0.5,-6.25,6.401846886
8/15/22 17:25,21.28000069,21.31599998,,,,2.890312433,22.32331467,23.66200066,3.938048363,19.16600037,22.30382919,21.90399933,17.59792519,15.94506741,16.12800026,19.84799957,26.8851757,16.52613068,23.61120033,16.77673721,23.85400009,19.6868763,-0.5,-6.25,6.404730797
8/15/22 17:30,21.24200058,21.2840004,,,,2.781562567,22.34712791,23.67399979,3.938048363,19.12800026,22.33846855,21.96999931,17.57839394,15.92797756,16.13999939,19.86800003,26.87785149,16.50659943,23.59411049,16.76263809,23.87199974,19.84124947,-0.5,-6.25,6.404730797
8/15/22 17:35,21.21199989,21.25,0,0,0,2.704375029,22.37744141,23.68000031,3.940489769,19.08600044,22.35362434,22.04999924,17.5637455,15.91821194,16.1420002,19.88599968,26.87052727,16.48462677,23.56481361,16.74469185,23.8920002,19.98750114,-0.497999996,-6.25,6.404730797
8/15/22 17:40,21.17399979,21.2159996,0,0,0,2.702499866,22.39476013,23.68799973,3.938048363,19.05200005,22.39043045,22.10400009,17.54177094,15.89867973,16.14800072,19.90200043,26.86320305,16.46997833,23.56969643,16.72931099,23.90399933,20.14999962,-0.5,-6.25,6.398962975
8/15/22 17:45,21.14800072,21.18400002,0,0,0,2.703437567,22.42506981,23.69400024,3.938048363,19.01799965,22.40775108,22.16399956,17.52468109,15.8840313,16.14800072,19.92000008,26.85343742,16.45288849,23.55504608,16.71521187,23.91600037,20.28000069,-0.5,-6.25,6.396079063
8/15/22 17:50,21.11400032,21.14999962,0,0,0,2.703437567,22.44672012,23.70599937,3.938048363,18.97599983,22.43589401,22.21999931,17.50759125,15.86938286,16.14999962,19.93799973,26.83146477,16.44068146,23.55016327,16.69726753,23.92399979,20.43437576,-0.5,-6.25,6.398962975
8/15/22 17:55,21.09000015,21.11800003,0,0,0,2.584375143,22.48568916,23.71800041,3.938048363,18.93400002,22.45754433,22.29400063,17.48561859,15.85473442,16.15200043,19.95800018,26.82414055,16.42847252,23.53063202,16.6793232,23.91600037,20.58874893,-0.5,-6.25,6.401846886
8/15/22 18:00,21.04800034,21.08399963,0,0,0,2.60374999,22.50517654,23.72800064,3.938048363,18.90200043,22.48352432,22.36199951,17.46852875,15.83764362,16.14999962,19.97599983,26.8070488,16.41138268,23.51598358,16.66650581,23.89599991,20.73500061,-0.5,-6.25,6.401846886
8/15/22 18:05,21.01000023,21.05400085,0,0,0,2.603437662,22.52682495,23.73600006,3.938048363,18.84799957,22.50517654,22.43199921,17.44655609,15.81567097,16.14999962,19.99399948,26.79972458,16.38696861,23.49645233,16.64727974,23.88800049,20.88125038,-0.5,-6.25,6.401846886
8/15/22 18:10,20.97800064,21.01799965,0,0,0,2.597500086,22.54197884,23.74200058,3.938048363,18.80200005,22.52466011,22.47800064,17.4148159,15.79613972,16.1420002,20.01399994,26.78995895,16.36987877,23.47447968,16.62549019,23.87800026,21.05187607,-0.5,-6.25,6.401846886
8/15/22 18:15,20.94599915,20.98399925,0,0,0,2.578749895,22.55496979,23.74799919,3.940489769,18.76399994,22.54414558,22.54199982,17.38796043,15.76928329,16.13800049,20.03000069,26.77531052,16.3430233,23.45494843,16.6024189,23.8939991,21.19000053,-0.5,-6.25,6.398962975
8/15/22 18:20,20.90999985,20.95400047,0,0,0,2.604062557,22.57878494,23.75399971,3.940489769,18.72200012,22.5657959,22.58600044,17.35866356,15.74731064,16.13199997,20.04800034,26.76066208,16.32105064,23.43541527,16.57934761,23.90999985,21.33625031,-0.5,-6.25,6.398962975
8/15/22 18:25,20.86199951,20.91600037,0,0,0,2.485625029,22.58960915,23.76000023,3.938048363,18.68000031,22.58311462,22.63400078,17.32936668,15.72045517,16.12199974,20.06599998,26.74601364,16.28931046,23.42564964,16.5588398,23.91600037,21.50687599,-0.5,-6.25,6.398962975
8/15/22 18:30,20.83600044,20.88400078,0,0,0,2.486875057,22.60692978,23.76799965,3.935606956,18.63800049,22.60909462,22.7140007,17.30250931,15.68871593,16.11599922,20.08600044,26.7289238,16.26245499,23.41100121,16.54089546,23.93400002,21.64500046,-0.5,-6.25,6.393194675
8/15/22 18:35,20.80400085,20.85199928,0,0,0,2.483437538,22.63074493,23.77599907,3.938048363,18.58799934,22.63290977,22.76000023,17.27321243,15.65697765,16.10199928,20.10199928,26.72648239,16.22339249,23.38902855,16.52166939,23.93799973,21.80750084,-0.5,-6.25,6.410499096
8/15/22 18:40,20.77799988,20.81200027,0,0,0,2.487187624,22.65455818,23.7859993,3.938048363,18.53000069,22.65455818,22.81999969,17.24147415,15.62523842,16.08799934,20.12400055,26.70206833,16.17944527,23.36705589,16.50372505,23.93600082,21.96999931,-0.5,-6.25,6.424919605
8/15/22 18:45,20.72999954,20.78199959,0,0,0,2.391875029,22.67188072,23.79199982,3.935606956,18.47800064,22.67188072,22.87999916,17.20729446,15.59349918,16.07600021,20.1079998,26.68497658,16.14526558,23.34508324,16.47809029,23.93000031,22.09187508,-0.5,-6.25,6.191310406
8/15/22 18:50,20.69400024,20.74799919,0,0,0,2.3046875,22.68270493,23.80200005,3.935606956,18.43799973,22.69136429,22.94000053,17.18043709,15.5617609,,20.09600067,26.66544533,16.1159687,23.32799339,16.45373726,23.92399979,22.22187424,-0.5,-6.25,6.205730438
8/15/22 18:55,20.67000008,20.71199989,,,,2.3046875,,23.80800056,3.938048363,18.3939991,,22.99799919,17.1462574,15.52269745,,,26.6532383,16.08423042,23.30357742,16.43066597,23.92399979,22.36000061,-0.497999996,-6.25,6.174005985
8/15/22 19:00,20.62800026,20.6760006,,,,2.200312376,22.72384071,23.81800079,3.935606956,18.34399986,22.74115944,23.05200005,17.11940193,15.49584198,16.04199982,20.05800056,26.65079689,16.05737305,23.27672195,16.41015816,23.93400002,22.48187447,-0.497999996,-6.25,6.168238163
8/15/22 19:05,20.59600067,20.6439991,0,0,0,2.086874962,22.74115944,23.8239994,3.938048363,18.27599907,22.75631332,23.09199905,17.08522224,15.46654415,16.02000046,20.04000092,26.6141758,16.02075195,23.24498367,16.3781147,23.93400002,22.61187553,-0.497999996,-6.25,6.174005985
8/15/22 19:10,20.55800056,20.6060009,0,0,0,2.100937605,22.75415039,23.83200073,3.935606956,18.20800018,22.77146912,23.13599968,17.04859924,15.42992306,15.99400043,20.02199936,26.59952736,15.97192383,23.2181282,16.34735298,23.94000053,22.74187469,-0.5,-6.25,6.168238163
8/15/22 19:15,20.52599907,20.56999969,0,0,0,2.402812481,22.7758007,23.84000015,3.935606956,18.12999916,22.79311943,23.19799995,17.00709534,15.40062523,15.96800041,19.99799919,26.57999611,15.92553616,23.18638802,16.31274605,23.94400024,22.87187576,-0.497999996,-6.25,6.122093201
8/15/22 19:20,20.47999954,20.5359993,0,0,0,2.591874838,22.79311943,23.84600067,3.938048363,18.06200027,22.80394363,23.24799919,16.97535706,15.36888695,15.93799973,19.97800064,26.56778908,15.87426567,23.16441536,16.28582954,23.95599937,23.01000023,-0.5,-6.25,6.124976635
8/15/22 19:25,20.45400047,20.50200081,0,0,0,2.606874943,22.80611038,23.8560009,3.935606956,17.98800087,22.82342911,23.28800011,16.94361877,15.33714771,15.90400028,19.95199966,26.55802155,15.82299519,23.13755989,16.26275826,23.95999908,23.11562538,-0.5,-6.25,6.136513233
8/15/22 19:30,20.41200066,20.4659996,0,0,0,2.693749905,22.81909943,23.86000061,3.938048363,17.91799927,22.84291458,23.32799911,16.91187859,15.31761646,15.87199974,19.93400002,26.5409317,15.76928329,23.1009388,16.23327637,23.96999931,23.25374985,-0.497999996,-6.25,6.139397144
8/15/22 19:35,20.37800026,20.43400002,0,0,0,2.799375057,22.83425522,23.8579998,3.935606956,17.84600067,22.85590553,23.37599945,16.8801403,15.29076099,15.84399986,19.91200066,26.52628326,15.71801281,23.06675911,16.21148682,23.98399925,23.38375092,-0.5,-6.25,6.130745411
8/15/22 19:40,20.34000015,20.39800072,0,0,0,2.782187462,22.84724617,23.86000061,3.938048363,17.77199936,22.86672974,23.40999985,16.84596062,15.26634598,15.80599976,19.88999939,26.51651764,15.66186047,23.03257751,16.18969727,23.99399948,23.51375008,-0.5,-6.25,6.130745411
8/15/22 19:45,20.30599976,20.36199951,0,0,0,2.903125048,22.86240005,23.87000084,3.935606956,17.69599915,22.88188553,23.46800041,16.80933762,15.2370491,15.77600002,19.87000084,26.48966217,15.59838295,22.99107361,16.15893555,23.99799919,23.63562393,-0.5,-6.25,6.133629322
8/15/22 19:50,20.27199936,20.32999992,0,0,0,2.984687328,22.88404846,23.87599945,3.935606956,17.62800026,22.88837814,23.52000046,16.78248215,15.21263409,15.74400043,19.84600067,26.46768951,15.54467106,22.96910095,16.137146,24.00799942,23.7493763,-0.5,-6.25,6.124976635
8/15/22 19:55,20.23800087,20.29400063,0,0,0,3.105624914,22.89920425,23.88800049,3.935606956,17.55999947,22.91002846,23.56200027,16.75074387,15.19310284,15.70600033,19.84399986,26.45304108,15.49095917,22.93980408,16.10638428,24.01000023,23.90374947,-0.497999996,-6.25,6.381658554
8/15/22 20:00,20.20400047,20.26000023,0,0,0,2.879687548,22.91652489,23.89599991,3.938048363,17.49399948,22.92951393,23.63400078,16.7238884,15.17357159,15.67199993,19.86000061,26.44083405,15.42748165,22.91050529,16.08331299,24.02400017,24.05812454,-0.497999996,-6.25,6.401846886
8/15/22 20:05,20.16399956,20.22599983,0,0,0,2.789687634,22.93167877,23.90600014,3.935606956,17.40600014,22.95333099,23.65200043,16.69215012,15.15159798,15.63399982,19.87800026,26.42130089,15.35667992,22.88853264,16.05383301,24.02799988,24.20437622,-0.5,-6.25,6.393194675
8/15/22 20:10,20.12999916,20.18799973,0,0,0,2.688750029,22.94466782,23.91399956,3.93316555,17.31200027,22.95766068,23.70199966,16.65308571,15.12474251,15.58199978,19.88999939,26.40909386,15.27122879,22.85923576,16.01794434,24.04199982,24.35874939,-0.497999996,-6.25,6.396079063
8/15/22 20:15,20.09799957,20.15999985,0,0,0,2.6875,22.96199036,23.9260006,3.935606956,17.21999931,22.99013519,23.76399994,16.61402321,15.10276985,15.53800011,19.90200043,26.40421104,15.18822002,22.82505608,15.97564697,24.04199982,24.48875046,-0.5,-6.25,6.401846886
8/15/22 20:20,20.05400085,20.12400055,0,0,0,2.701562643,22.97498131,23.93600082,3.93316555,17.13800049,22.99446487,23.79000092,16.57740211,15.08323765,15.49800014,19.91600037,26.38956261,15.13450813,22.78599167,15.93334961,24.04800034,24.64312553,-0.497999996,-6.25,6.390310287
8/15/22 20:25,20.02400017,20.09000015,0,0,0,2.701250076,22.99662971,23.94799995,3.935606956,17.06599998,23.01395035,23.84799957,16.5358963,15.05149937,15.45800018,19.93000031,26.37979698,15.0661478,22.75425339,15.8961792,24.05800056,24.79750061,-0.497999996,-6.25,6.393194675
8/15/22 20:30,19.99200058,20.05400085,0,0,0,2.589062452,23.01395035,23.95800018,3.935606956,16.98999977,23.02910423,23.89800072,16.49927521,15.02464294,15.41800022,19.94199944,26.37735558,15.00267029,22.72495651,15.86926174,24.06399918,24.94375038,-0.5,-6.25,6.344165802
8/15/22 20:35,19.95199966,20.02199936,0,0,0,2.500312567,23.02910423,23.96199989,3.935606956,16.92200089,23.04642487,23.95199966,16.46509552,14.99046326,15.3760004,19.92000008,26.36758995,14.93919277,22.69810104,15.84490871,24.0739994,24.93562508,-0.497999996,-6.25,6.162469864
8/15/22 20:40,19.91600037,19.98200035,0,0,0,2.387187481,23.04426003,23.97599983,3.935606956,16.86000061,23.06807327,23.98399925,16.43824005,14.95872402,15.33600044,19.89599991,26.36026573,14.87327385,22.66636086,15.82824612,24.07799911,24.91937447,-0.497999996,-6.25,6.171122074
8/15/22 20:45,19.88999939,19.95199966,0,0,0,2.302812576,23.06158066,23.98800087,3.93316555,16.80200005,23.08322906,24.03199959,16.40649986,14.92454433,15.3039999,19.87000084,26.3480587,14.81712055,22.63218117,15.81030178,24.09000015,24.87062645,-0.5,-6.25,6.171122074
8/15/22 20:50,19.85199928,19.91600037,0,0,0,2.3046875,23.07673454,23.99600029,3.930724144,16.76199913,23.09622002,24.06800079,16.37720299,14.89768791,15.26599979,19.84600067,26.33829308,14.7804985,22.61264992,15.78979397,24.09199905,24.83812523,-0.5,-6.25,6.179774284
8/15/22 20:55,19.81200027,19.88599968,0,0,0,2.194375038,23.1005497,24.01199913,3.93316555,16.71800041,23.11570549,24.12400055,16.34790611,14.87083244,15.23400021,19.82600021,26.32120323,14.74631882,22.58091164,15.76800442,24.11000061,24.78937531,-0.497999996,-6.25,6.165353775
8/15/22 21:00,19.78800011,19.85199928,0,0,0,2.202187538,23.11787033,24.03199959,3.93316555,16.6760006,23.13085938,24.19799995,16.31616783,14.84641838,15.20400047,19.79999924,26.30655289,14.71946335,22.55649567,15.74365139,24.11400032,24.74062538,-0.497999996,-6.25,6.150933743
8/15/22 21:05,19.75200081,19.81599998,0,0,0,2.098124981,23.13302612,24.04199982,3.935606956,16.62599945,23.15683937,24.20599937,16.35523033,14.81956196,15.17199993,19.77199936,26.29190445,14.68039989,22.52231598,15.70776272,24.12199974,24.69187546,-0.497999996,-6.25,6.035571098
8/15/22 21:10,19.71800041,19.78199959,0,0,0,2.40062499,23.15034485,24.05200005,3.93316555,16.56800079,23.16549873,24.18799973,16.41382408,14.7975893,15.13799953,19.77000046,26.26749039,14.63157082,22.48081207,15.67187405,24.12999916,24.64312553,-0.5,-6.25,6.344165802
8/15/22 21:15,19.6779995,19.75,0,0,0,2.483124971,23.16766548,24.06599998,3.93316555,16.51600075,23.19364548,24.19400024,16.46997833,14.7804985,15.10000038,19.77400017,26.24307632,14.59739113,22.44419098,15.64239407,24.1420002,24.60250092,-0.497999996,-6.25,6.367238045
8/15/22 21:20,19.6420002,19.7140007,0,0,0,2.6006248,23.19147873,24.08200073,3.935606956,16.47599983,23.20663452,24.15999985,16.53101349,14.76340866,15.06799984,19.77400017,26.22354507,14.56076908,22.41245079,15.61163139,24.14999962,24.56999969,-0.497999996,-6.25,6.364354134
8/15/22 21:25,19.61800003,19.6779995,0,0,0,2.701874971,23.21529388,24.10400009,3.93316555,16.44000053,23.22395515,24.15200043,16.59693336,14.74876022,15.0340004,19.78000069,26.20401382,14.52902985,22.38071251,15.57702446,24.15800095,24.53750038,-0.495999992,-6.25,6.384542465
8/15/22 21:30,19.57999992,19.64800072,0,0,0,2.785937548,23.24344063,24.12400055,3.93316555,16.40399933,23.25426483,24.13599968,16.65796852,14.73655319,15.00399971,19.78000069,26.18692207,14.49485016,22.34409142,15.55138969,24.17000008,24.49687576,-0.497999996,-6.25,6.375890255
8/15/22 21:35,19.54000092,19.61199951,0,0,0,2.894999981,23.25426483,24.13599968,3.93316555,16.45999908,23.22395515,24.11199951,16.71900558,14.72190475,15.08399963,19.77799988,26.16983223,14.57541752,22.31723595,15.52575493,24.17000008,24.45624924,-0.497999996,-6.25,6.358586311
8/15/22 21:40,19.49799919,19.57999992,0,0,0,2.902500153,23.24344063,24.14800072,3.93316555,16.54599953,23.16549873,24.1079998,16.78492355,14.69993114,15.22799969,19.77599907,26.1576252,14.78782368,22.27573013,15.50268364,24.15399933,24.43187523,-0.497999996,-6.25,6.373006344
8/15/22 21:45,19.4659996,19.54800034,0,0,0,3.001562357,23.22395515,24.16600037,3.93316555,16.63400078,23.11787033,24.10400009,16.84840202,14.67551708,15.36800003,19.77199936,26.14297676,14.99534607,22.24887466,15.47961235,24.14999962,24.39125061,-0.5,-6.25,6.373006344
8/15/22 21:50,19.43199921,19.51399994,0,0,0,2.992812395,23.20013809,24.17399979,3.93316555,16.71999931,23.08322906,24.08399963,16.91431999,14.65354347,15.51399994,19.76799965,26.13809395,15.20530987,22.21713638,15.45654106,24.13999939,24.35062408,-0.497999996,-6.25,6.344165802
8/15/22 21:55,19.40600014,19.47800064,0,0,0,2.806562424,23.16982841,24.18799973,3.93316555,16.80999947,23.03126907,24.05800056,16.98023987,14.63401222,15.65200043,19.76000023,26.13321114,15.40550804,22.18295479,15.43859673,24.12800026,24.30187416,-0.5,-6.25,6.332629204
8/15/22 22:00,19.37000084,19.44400024,0,0,0,2.703437567,23.14168549,24.19799995,3.93316555,16.89599991,23.0009594,24.06200027,17.04859924,14.60715675,15.79599953,19.75,26.1210041,15.6179142,22.15854073,15.41937065,24.11199951,24.26124954,-0.5,-6.25,6.344165802
8/15/22 22:05,19.33600044,19.41200066,0,0,0,2.683125019,23.10271263,24.20599937,3.93316555,16.98200035,22.95982361,24.05400085,17.11207771,14.58030033,15.93200016,19.73399925,26.10147285,15.82543659,22.13168526,15.3975811,24.1060009,24.22062492,-0.5,-6.25,6.335513592
8/15/22 22:10,19.30400085,19.37999916,0,0,0,2.6015625,23.05941391,24.20400047,3.935606956,17.05200005,22.92951393,24.02000046,17.16823006,14.55344486,16.0720005,19.7140007,26.08438301,16.01831055,22.11215401,15.3693819,24.08799934,24.14749908,-0.497999996,-6.25,6.329745293
8/15/22 22:15,19.27000046,19.34600067,0,0,0,2.586874962,23.02693939,24.20800018,3.935606956,17.12999916,22.89270973,24,17.23170853,14.51926422,16.20999908,19.69400024,26.06973457,16.19897842,22.09262276,15.3424654,24.08200073,24.07437515,-0.497999996,-6.25,6.332629204
8/15/22 22:20,19.23399925,19.30999947,0,0,0,2.50124979,22.99013519,24.21199989,3.93316555,17.20999908,22.85157585,23.98800087,17.3000679,14.48264313,16.34799957,19.67399979,26.05752563,16.40649986,22.06088257,15.31939411,24.07999992,23.99312592,-0.497999996,-6.25,6.312440872
8/15/22 22:25,19.20000076,19.27799988,0,0,0,2.498437405,22.95766068,24.22200012,3.935606956,17.29599953,22.80611038,23.9640007,17.36354637,14.4533453,16.48800087,19.65200043,26.0428772,16.58228493,22.03646851,15.30016804,24.0739994,23.90374947,-0.497999996,-6.25,6.332629204
8/15/22 22:30,19.16799927,19.24600029,0,0,0,2.507187366,22.9381752,24.23399925,3.93316555,17.38400078,22.78229332,23.97999954,17.43923187,14.43137264,16.62599945,19.62999916,26.03555298,16.79224777,22.00717163,15.27966022,24.06399918,23.81437492,-0.497999996,-6.25,6.326861382
8/15/22 22:35,19.13599968,19.2159996,0,0,0,2.503437519,22.91652489,24.24600029,3.935606956,17.4640007,22.76064301,23.9640007,17.50759125,14.40451622,16.76399994,19.61400032,26.02090454,16.81666374,21.99008179,15.25915241,24.05400085,23.70874977,-0.497999996,-6.25,6.335513592
8/15/22 22:40,19.10000038,19.18400002,0,0,0,2.383437395,22.87971878,24.25,3.935606956,17.54999924,22.71517944,23.9659996,17.57595253,14.38010216,16.90399933,19.59199905,26.01113892,17.16334724,21.97055054,15.22967243,24.05400085,23.61124992,-0.497999996,-6.25,6.338397503
8/15/22 22:45,19.0739994,19.15200043,0,0,0,2.381875038,22.85373878,24.26399994,3.93316555,17.6439991,22.68703461,23.94799995,17.63942909,14.3556881,17.04400063,19.57600021,26.0038147,17.34401512,21.95101929,15.20275593,24.04800034,23.52187538,-0.497999996,-6.25,6.335513592
8/15/22 22:50,19.0340004,19.12000084,0,0,0,2.384375095,22.82992554,24.27599907,3.930724144,17.73999977,22.65239525,23.93000031,17.70779037,14.3410387,17.18400002,19.55599976,25.99404907,17.53932953,21.93148613,15.16302204,24.04000092,23.35124969,-0.497999996,-6.25,6.326861382
8/15/22 22:55,19.00799942,19.08799934,0,0,0,2.389999866,22.80177879,24.28800011,3.93316555,17.84600067,22.61558914,23.92399979,17.77614975,14.31418324,17.32600021,19.5359993,25.99160767,17.72976303,21.90218925,15.12841511,24.03199959,23.15625,-0.497999996,-6.25,6.341281414
8/15/22 23:00,18.97800064,19.05400085,0,0,0,2.396562576,22.7758007,24.29999924,3.93316555,17.95000076,22.58960915,23.91200066,17.85183525,14.29465199,17.47200012,19.51399994,25.98672485,17.94216919,21.8802166,15.0963707,24.02199936,23.03437614,-0.495999992,-6.25,6.329745293
8/15/22 23:05,18.94799995,19.02199936,0,0,0,2.395624876,22.74332428,24.30599976,3.935606956,18.04800034,22.55064011,23.90200043,17.92019463,14.28244495,17.61199951,19.49600029,25.97695923,18.13260078,21.86556816,15.05791855,24.02000046,22.94499969,-0.497999996,-6.25,6.312440872
8/15/22 23:10,18.90800095,18.98999977,0,0,0,2.295937538,22.70868492,24.30999947,3.930724144,18.1420002,22.53115463,23.8939991,17.98855591,14.26291275,17.75200081,19.47800064,25.96963501,18.32303429,21.85824394,15.02587509,24.02000046,22.85562515,-0.497999996,-6.25,6.338397503
8/15/22 23:15,18.88199997,18.95599937,0,0,0,2.292500019,22.68270493,24.31399918,3.93316555,18.23600006,22.49651337,23.87999916,18.0617981,14.24094009,17.8939991,19.4659996,25.9647522,18.49637604,21.83627129,14.98742294,24.01399994,22.75812531,-0.495999992,-6.25,6.254759789
8/15/22 23:20,18.84399986,18.93000031,0,0,0,2.195937395,22.64589882,24.31800079,3.930724144,18.32999992,22.47270012,23.87400055,18.11795235,14.22629166,18.04000092,19.44000053,25.96231079,18.72098923,21.82406425,14.96050644,24.01399994,22.67687416,-0.497999996,-6.25,6.309556961
8/15/22 23:25,18.81200027,18.8920002,0,0,0,2.185625076,22.62208557,24.33200073,3.93316555,18.44400024,22.43156433,23.84799957,18.18387032,14.19943523,18.18600082,19.41200066,25.94522095,18.92606926,21.80941391,14.92974472,24.01000023,22.59562492,-0.497999996,-6.25,6.280716419
8/15/22 23:30,18.7840004,18.86199951,0,0,0,2.184999943,22.59610558,24.34399986,3.93316555,18.55400085,22.39908981,23.85400009,18.254673,14.16281414,18.32600021,19.38599968,25.93545341,19.10917854,21.79232407,14.90410995,24.01399994,22.52250099,-0.497999996,-6.25,6.321093082
8/15/22 23:35,18.75,18.82799911,0,0,0,2.104375124,22.57878494,24.3560009,3.930724144,18.67200089,22.37310791,23.85199928,18.3279171,14.12619209,18.48399925,19.36400032,25.92568779,19.32402611,21.77767563,14.86950207,24.01000023,22.44124985,-0.495999992,-6.25,6.332629204
8/15/22 23:40,18.71999931,18.80599976,0,0,0,2.089687347,22.55496979,24.36400032,3.930724144,18.7840004,22.34496498,23.8560009,18.39383507,14.08957005,18.63199997,19.34799957,25.91592216,19.52666473,21.77035141,14.83745861,24.01199913,22.36812592,-0.497999996,-6.25,6.338397503
8/15/22 23:45,18.68199921,18.76799965,0,0,0,2.098750114,22.53331947,24.37800026,3.93316555,18.89599991,22.32764435,23.83799934,18.45731354,14.05539036,18.78000069,19.3239994,25.90371513,19.73418808,21.76058578,14.80926037,24.00799942,22.31125069,-0.495999992,-6.25,6.303788662
8/15/22 23:50,18.65399933,18.74200058,0,0,0,2.284999847,22.50950623,24.38999939,3.93316555,19.01000023,22.29949951,23.83600044,18.5207901,14.02365112,18.93199921,19.28800011,25.89394951,19.93927002,21.74593735,14.78618908,24.00399971,22.23812485,-0.495999992,-6.25,6.2576437
8/15/22 23:55,18.62800026,18.70800018,0,0,0,2.482499838,22.47919464,24.39599991,3.935606956,19.12999916,22.28001595,23.82999992,18.58670998,13.99923706,19.08600044,19.25600052,25.88662529,20.15167427,21.74105453,14.76568127,24.00200081,22.15687561,-0.497999996,-6.25,6.27494812
8/16/22 0:00,18.59000015,18.67399979,0,0,0,2.590000153,22.46837044,24.40200043,3.930724144,19.25399971,22.26486015,23.8220005,18.65262794,13.974823,19.23800087,19.24399948,25.88174248,20.36163902,21.7288475,14.7400465,24,22.09187508,-0.497999996,-6.25,6.269180298